relative_path,label_name,label_id,source_split,processed_split,sha256
data/raw/Training/glioma/Tr-gl_1.jpg,glioma,0,Training,train,5ac3fbd85891bf49b4c337ea49d7f382698f960c046a3db1de408a9b2998621a
data/raw/Training/glioma/Tr-gl_10.jpg,glioma,0,Training,train,1941099deff1ed62185051bc1eb912abc87af9ff403390ad9b1e2fbfe44a0fef
data/raw/Training/glioma/Tr-gl_1001.jpg,glioma,0,Training,train,48a0ad607d04b380ae7c8a40558677f63351ea6696b706cf6d117a515ad18785
data/raw/Training/glioma/Tr-gl_1002.jpg,glioma,0,Training,train,dd00d89233f404ed4f8b4787b151a68befd2cc3efe5da630c130d28cdb991d3a
data/raw/Training/glioma/Tr-gl_1003.jpg,glioma,0,Training,train,97aa04dc24789b81bcb1abdbbb96b37ca971252079a9dac50b44318181fed893
data/raw/Training/glioma/Tr-gl_1004.jpg,glioma,0,Training,train,db97040f6fe73fde4a7953a76fb1ba1d59debfe73e53c63c9763e36d2c0abf39
data/raw/Training/glioma/Tr-gl_1007.jpg,glioma,0,Training,train,ac351c84fb6bd5058eebe90141c50bf043c4b327b51f4e434de9ef9284c3ded9
data/raw/Training/glioma/Tr-gl_1009.jpg,glioma,0,Training,train,ff0d52dc161d0c27cfdf15b01f5ed17022df5797e04af474f06c2048cd69d966
data/raw/Training/glioma/Tr-gl_101.jpg,glioma,0,Training,train,f13f0f0e1738bf114dcfb9237a5847c826660de43b4ae35f06bee755610d3359
data/raw/Training/glioma/Tr-gl_1010.jpg,glioma,0,Training,train,96bf92fdb9d4fabd1c5a4a68843b5d733d751910730c99ab72889d4e5fafd135
data/raw/Training/glioma/Tr-gl_1012.jpg,glioma,0,Training,train,5fd6c11c6382af6ea66a1e9c336616d2f38f2d00235dcac90018e6cf4e401364
data/raw/Training/glioma/Tr-gl_1013.jpg,glioma,0,Training,train,684a20ec59ebb6e76e9e0a256b0d5c4a8467f8787e2d0266841c6ced871e9d48
data/raw/Training/glioma/Tr-gl_1014.jpg,glioma,0,Training,train,c4816b8570228e8f92e41f8fafe01b750e6c1a7c0c2face8b7493a14f99c6470
data/raw/Training/glioma/Tr-gl_1015.jpg,glioma,0,Training,train,ec79f3b111af571730d00c2fb05589ddc73b1bd260205abd7d2aea87dd1e43f4
data/raw/Training/glioma/Tr-gl_1016.jpg,glioma,0,Training,train,002f4403eb07288c2ebdffcd4a3247543f5fd976767223c3843e249ebfe45d49
data/raw/Training/glioma/Tr-gl_1018.jpg,glioma,0,Training,train,d4d7eb03b8a953c7219ad3702151fd072d64957f5c4590550448e36c935784c8
data/raw/Training/glioma/Tr-gl_1019.jpg,glioma,0,Training,train,ae817a77352a3aaf943004cb7d80f453c1b7b89f0113557ff58d662cc59733ae
data/raw/Training/glioma/Tr-gl_102.jpg,glioma,0,Training,train,588961631275c62c0d56ec26465a7bdf73faa025e31c18b90d84e9bf29e201db
data/raw/Training/glioma/Tr-gl_1020.jpg,glioma,0,Training,train,01e69989dba1488ee15f4985d0cbe9439d22489e4955cb3573b0fa9612b9aba1
data/raw/Training/glioma/Tr-gl_1021.jpg,glioma,0,Training,train,4f5607ef1690681bd81330df0ed15ded60994bd263506b370d84256457f75d1d
data/raw/Training/glioma/Tr-gl_1022.jpg,glioma,0,Training,train,9d174b78bf7f5adedac15699c15096b89458499961b9e289704b6a7afe4b0108
data/raw/Training/glioma/Tr-gl_1023.jpg,glioma,0,Training,train,8931705e8895dfd0bb2f8510254f645e2aa0290d3276990da694c37bb22d4c2a
data/raw/Training/glioma/Tr-gl_1024.jpg,glioma,0,Training,train,4bb64bf7e354ef28d069e74ddd48d49eb041b86d95a16bb716b9d307019f62c6
data/raw/Training/glioma/Tr-gl_1025.jpg,glioma,0,Training,train,eeccaec80782f4c52dfed9b16ac78875f80f57d1868e95e38e44f1175b94ccc4
data/raw/Training/glioma/Tr-gl_1026.jpg,glioma,0,Training,train,15f7dab8087bc3f4a3121bbf64fe670031959f8ae50296f2b21c8b08aea85856
data/raw/Training/glioma/Tr-gl_103.jpg,glioma,0,Training,train,550e372869abdc4461dd864ad54fdd5f20e110ca965344cb3911010684f34330
data/raw/Training/glioma/Tr-gl_1030.jpg,glioma,0,Training,train,f3ce51c275ec36fd22285c12cb6475b6411eeb4394ca83e4c0efcfaa296a207a
data/raw/Training/glioma/Tr-gl_1032.jpg,glioma,0,Training,train,aedd48e573fa1d8515942e963832931ffe9d91a02f26b9ce5075a2706520c9c0
data/raw/Training/glioma/Tr-gl_1033.jpg,glioma,0,Training,train,3c6c8b180965a599521819052c4765ce445e535d1e25086d3f4e7cd03833f2fb
data/raw/Training/glioma/Tr-gl_1035.jpg,glioma,0,Training,train,cf62be31de13d56e9ad6f5c0abdb4c3132c7c8b087326e8c262cfc34031543ec
data/raw/Training/glioma/Tr-gl_1036.jpg,glioma,0,Training,train,71e061fa1eb8584b3497e543dd316c7e4f87419234050628b9484e83f28eaa4e
data/raw/Training/glioma/Tr-gl_1037.jpg,glioma,0,Training,train,59bd1f9c9b39d6914450e652be61572aa67e3e52f9b565ea1d584be9ae487124
data/raw/Training/glioma/Tr-gl_1039.jpg,glioma,0,Training,train,cc0250d1cc59fb33e3ef9fe3aa6f4d46a0b4a96c0dc4bf62b84ac9add9a682a9
data/raw/Training/glioma/Tr-gl_104.jpg,glioma,0,Training,train,f18608438118e39d661c5f82242ace781a24cc8c61bf9d44aaf10aff1399df13
data/raw/Training/glioma/Tr-gl_1040.jpg,glioma,0,Training,train,3b500f02ad835c10898c77cbbe15078088b4ecc7623886aeb3c89ce2bd3340f4
data/raw/Training/glioma/Tr-gl_1043.jpg,glioma,0,Training,train,8750e005f5a056f19720c759d295494bc763f368078702de20e93561d116e0e1
data/raw/Training/glioma/Tr-gl_1044.jpg,glioma,0,Training,train,d0a1c7d0d6ca429d543405666971349e601fc07a8f683367d28c09924467f9e4
data/raw/Training/glioma/Tr-gl_1045.jpg,glioma,0,Training,train,df89ff0f2ee56c5d299c461a8ec150ae06fb09dae8ec99322056099a7807d89d
data/raw/Training/glioma/Tr-gl_1046.jpg,glioma,0,Training,train,d8ed005ff7b80c1dc76681677fa22df91f75432f114b7f84f2080a58c7053652
data/raw/Training/glioma/Tr-gl_1047.jpg,glioma,0,Training,train,52c302bff4fe15cb933edc0c005b8059851d7ef223ff0454c6c8a7130998cdfa
data/raw/Training/glioma/Tr-gl_1048.jpg,glioma,0,Training,train,88eca485cd844c31363201136b0afaac7250c9ded387aaf6c0b6451b57f294fa
data/raw/Training/glioma/Tr-gl_1050.jpg,glioma,0,Training,train,b5dba58b59db3bbfc1669a2a24d0985c9b76284ea6e2187407c0349cd882b750
data/raw/Training/glioma/Tr-gl_1051.jpg,glioma,0,Training,train,c1ae47f17fea410269ff4db9dc9512c04d1dabd8960d8cb8a30b163a3fdad1dd
data/raw/Training/glioma/Tr-gl_1052.jpg,glioma,0,Training,train,75cc15aa6d260b97b7cb2a9e23c6acc015aac1a49e6bc5d5b6fdbebc8c90552c
data/raw/Training/glioma/Tr-gl_1053.jpg,glioma,0,Training,train,e092a8ed839f0938368269cfcd5c60ceed0463644ab3c1e6557dabe71cfafce0
data/raw/Training/glioma/Tr-gl_1054.jpg,glioma,0,Training,train,34afadc89aac69e012a37d032cbe12e7c5e4b896352d85583ee90feba8c23a4a
data/raw/Training/glioma/Tr-gl_1055.jpg,glioma,0,Training,train,f151456548d75987b8cde6b06d46a0e63cd7d761f9fdb89bd775a3afb63e25a3
data/raw/Training/glioma/Tr-gl_1056.jpg,glioma,0,Training,train,648e3d7215a5e2fde7ec2c6e6259bc278ef099c224132f1e79299f6cf55e8054
data/raw/Training/glioma/Tr-gl_1057.jpg,glioma,0,Training,train,dcb8d6cb4496603b7d8757bef29fa39cf1d84a4e5d953b3135d19dbd788b7dff
data/raw/Training/glioma/Tr-gl_1058.jpg,glioma,0,Training,train,bea567b2fe260ee9fc3450806b2a433eb875849181a47be97f6fd85fbcd163af
data/raw/Training/glioma/Tr-gl_1059.jpg,glioma,0,Training,train,d40f0941fa3b959e31021edc63aa5f31e923454a44677b8ca824e13ff2976ebe
data/raw/Training/glioma/Tr-gl_1060.jpg,glioma,0,Training,train,f06ca8638a927dcac447fcb997d0b3c3eaa83346c5773513a08d87eb6b1b68a0
data/raw/Training/glioma/Tr-gl_1061.jpg,glioma,0,Training,train,b45e44023dc38d81ef38807a7c9c988e9575a6cc71dc62fd861d58093f632808
data/raw/Training/glioma/Tr-gl_1062.jpg,glioma,0,Training,train,3063e7d8fe33a31035935f048c64dd6988596c504af0432238bb84413add44ba
data/raw/Training/glioma/Tr-gl_1063.jpg,glioma,0,Training,train,3fd896730cbd7d870998082bf093ebf94ff9234ba704410c63d8fb3385692486
data/raw/Training/glioma/Tr-gl_1064.jpg,glioma,0,Training,train,4d3506f55b9534015f4ce41c8b9cfed12d3187717a2a5aa554efd660794e71dd
data/raw/Training/glioma/Tr-gl_1065.jpg,glioma,0,Training,train,4cfe02ccbdb9be081c98ba776db8f2f9662ce909c270cb39fa12ed2e70393fb8
data/raw/Training/glioma/Tr-gl_1066.jpg,glioma,0,Training,train,88462cfdd72c0a289d3152fcf6b15b0eefdda24534847165a7220114208d6e9e
data/raw/Training/glioma/Tr-gl_1067.jpg,glioma,0,Training,train,cfc2c65c10aa897559fe046d8a16c5bb8d37d3ba82fd6a8dbc529be1c789ff77
data/raw/Training/glioma/Tr-gl_1068.jpg,glioma,0,Training,train,46ef43038899b7baff3211d155e491c13c9cc38869e6ecd3dce5663cfae65078
data/raw/Training/glioma/Tr-gl_1069.jpg,glioma,0,Training,train,ff3a613af787b2919777363b37e4709828bf07605dd5b2687b2f82a4c895d5fc
data/raw/Training/glioma/Tr-gl_107.jpg,glioma,0,Training,train,23e271290683ffdba92c3c8b2ccc20b1206b756f0e65fbed71f52232a5b2cfb9
data/raw/Training/glioma/Tr-gl_1070.jpg,glioma,0,Training,train,c741de31e76d48ce0ee56a9c62ce192e9dbe1a3b04f6082ac9a0089be908104f
data/raw/Training/glioma/Tr-gl_1071.jpg,glioma,0,Training,train,32355eefbba178b5a956ad2ab924db27dda11039e158169ae003ad26f7bb756e
data/raw/Training/glioma/Tr-gl_1072.jpg,glioma,0,Training,train,167646ef0dfbc5b3643ee6b2ebccb51ab9f7f8287dfbc66b908265d4cffe59fa
data/raw/Training/glioma/Tr-gl_1073.jpg,glioma,0,Training,train,1400f475a9b0d9d0a4da043d030fe05686d951439975a59c646fd12b055511ec
data/raw/Training/glioma/Tr-gl_1074.jpg,glioma,0,Training,train,2524396d0e1fcae86aff8a446459cac71fabe7d21e3625f958f0da8f1c350309
data/raw/Training/glioma/Tr-gl_1075.jpg,glioma,0,Training,train,8fe180f7cbf41345de48460e24ea4aa4eda16d4ea1f72117b734ceda7d3a0b3a
data/raw/Training/glioma/Tr-gl_1076.jpg,glioma,0,Training,train,bba06019a74d8f68aafb08a0fdc1da2cf47be914e17ae00d542ec60fb4b93221
data/raw/Training/glioma/Tr-gl_1077.jpg,glioma,0,Training,train,2d6cd4062cc90ee4ee2f131b0b5756ebb5d5a592cdf0436dedf0d9023d9e2a10
data/raw/Training/glioma/Tr-gl_1078.jpg,glioma,0,Training,train,7a927782dffecd777684a7a6edfabed80bb1520630c6c21193c5a78f1ff4d98e
data/raw/Training/glioma/Tr-gl_1079.jpg,glioma,0,Training,train,5ab39a7d0b5e205d6f707a1d26d1bd252c57800454d74095b6e05f814fcbff5d
data/raw/Training/glioma/Tr-gl_108.jpg,glioma,0,Training,train,ef10a835a47cb071d43bc473b1941ebcfeed3b3782e325013cb1dbeb20edb187
data/raw/Training/glioma/Tr-gl_1081.jpg,glioma,0,Training,train,2e5ff28bf1776b9da0e91843d2d41c1cabbe8572eb0ad2e8981e6243e25464c9
data/raw/Training/glioma/Tr-gl_1082.jpg,glioma,0,Training,train,bcc347d587d2a67392ef727d25f285f69d3b959bf619767fde0e80c42c70c1b2
data/raw/Training/glioma/Tr-gl_1084.jpg,glioma,0,Training,train,8a35f58b66499a0568658e4473f61389ffde9fff55acabb273e3e6c09391b817
data/raw/Training/glioma/Tr-gl_1085.jpg,glioma,0,Training,train,75b867a885b9bb9bb3b6e2d74038ff8dcde49857a22c8b0619bf1b56b20078f9
data/raw/Training/glioma/Tr-gl_1086.jpg,glioma,0,Training,train,c7d0c5e5289054744408b3e17dc76ce6dabb09dbf35685344224ef4b25bcd42f
data/raw/Training/glioma/Tr-gl_109.jpg,glioma,0,Training,train,2389fda31023448903058a7d6e6481baf349d5f925b8e3bb134bd28bd77cb318
data/raw/Training/glioma/Tr-gl_1090.jpg,glioma,0,Training,train,50491db95a5f010b9e10e616ea893c2e91720bc66f4b9d28dd191956529e7db0
data/raw/Training/glioma/Tr-gl_1091.jpg,glioma,0,Training,train,5771cd04eafc3c1b747b05c913d0ce828fe6f84282ce3c746493671182481094
data/raw/Training/glioma/Tr-gl_1092.jpg,glioma,0,Training,train,d37c648eafe20f6bcb55d2260b5f576d065c462db2ad23ae485a8cfb5309b053
data/raw/Training/glioma/Tr-gl_1093.jpg,glioma,0,Training,train,da24dff47b5ef02aeca627997aaf492f931aef9773d84d7aeefd2d0c19a33065
data/raw/Training/glioma/Tr-gl_1094.jpg,glioma,0,Training,train,bb22ce9a74848637beb58f399d619263047808414a5c93e95e8109c1f258b358
data/raw/Training/glioma/Tr-gl_1096.jpg,glioma,0,Training,train,5669a1c10d78ba810edb4589312dc54f28f7c12ffeacda798f757ec2c787da66
data/raw/Training/glioma/Tr-gl_1097.jpg,glioma,0,Training,train,1cf1ed111f2ca9a4483b7395cf85e555321a1ab6dfee90bd99639d26d9dc4a79
data/raw/Training/glioma/Tr-gl_1098.jpg,glioma,0,Training,train,5794bf363988a2a24d118db901dcce06667cd38edaa1aeb6fb528871f1b221ef
data/raw/Training/glioma/Tr-gl_1099.jpg,glioma,0,Training,train,49cd84bafe80bf707189460eea23b43881591aaafa2c364c991ffac5721517b7
data/raw/Training/glioma/Tr-gl_1100.jpg,glioma,0,Training,train,a83d47f6d31a430d0d7c5b040300050ca7ba422c071ee75c0b8f56bf660a9f7e
data/raw/Training/glioma/Tr-gl_1101.jpg,glioma,0,Training,train,918c257de6114836db396fc545e99857704f54380137a4533cad930781b49429
data/raw/Training/glioma/Tr-gl_1102.jpg,glioma,0,Training,train,fc89077441b52924cbfefcc639fb095644ea996bef6ebde2e84e81cd8be51852
data/raw/Training/glioma/Tr-gl_1103.jpg,glioma,0,Training,train,3ad1a0fd794fb9fb022bbf55ac75eb3912d8292a4e91772f2c3f779b76f1cae8
data/raw/Training/glioma/Tr-gl_1104.jpg,glioma,0,Training,train,1c08458921e1b5965581aebf218f9cf6820095a7da23067dd5aec863ea89a003
data/raw/Training/glioma/Tr-gl_1105.jpg,glioma,0,Training,train,72143f189dc6bc9ca237a908a215b00a8f6c2883ea3dba5ba99c1de0fd688933
data/raw/Training/glioma/Tr-gl_1106.jpg,glioma,0,Training,train,7f923e2cc10a79096cf388898901c1b465d91a249ed13ff9b0e900ba63ace693
data/raw/Training/glioma/Tr-gl_1107.jpg,glioma,0,Training,train,bd1ebe0c93f0e01a4d0c20774e6c1d2b2fb0455293a56faa77582b009755dda8
data/raw/Training/glioma/Tr-gl_1108.jpg,glioma,0,Training,train,1047ad2f928f305be5a6db28ea3120d2574656c4325fa6a291ae05378cde62c1
data/raw/Training/glioma/Tr-gl_1109.jpg,glioma,0,Training,train,311e09089e2f2b8a9cd62ddc5239a72c17be19d2930c2fbd30ea7957321b2383
data/raw/Training/glioma/Tr-gl_111.jpg,glioma,0,Training,train,c7fb31316de42761f7df4391e53d1eb9ed28b07787b2b6fe263a74a1ed911829
data/raw/Training/glioma/Tr-gl_1112.jpg,glioma,0,Training,train,471f38b4cf349ccb2be12e437623b9eb09ebeda98365c2928b9bf22718a391bf
data/raw/Training/glioma/Tr-gl_1113.jpg,glioma,0,Training,train,7c4348f0282d8b0d67e615af7bf5fcb86f96cc689dff543eeaa24598de21866b
data/raw/Training/glioma/Tr-gl_1114.jpg,glioma,0,Training,train,32e1c89cade54971657c2436c59cd3a8328e09a3ca8c33220d32688752a21654
data/raw/Training/glioma/Tr-gl_1115.jpg,glioma,0,Training,train,6bbc48a7bee5611af0ef9ce919f54eb618a9cc46740ca55e0570a064b74c484c
data/raw/Training/glioma/Tr-gl_1116.jpg,glioma,0,Training,train,4105e629ac5fdf4551fb644e0133d7c819ede7b14a8c052a48eed990aa29a658
data/raw/Training/glioma/Tr-gl_112.jpg,glioma,0,Training,train,9d6abf48f4e72bafc9fac7fcf8deff8d24fd933781d9efd23b472688a83d1d41
data/raw/Training/glioma/Tr-gl_1120.jpg,glioma,0,Training,train,62b1ecb44192dcc51421441d8dd18495725194100219b183917f2dd0d44ead4b
data/raw/Training/glioma/Tr-gl_1121.jpg,glioma,0,Training,train,639e3e67eb5ec51b27d66e05bd45595d7c75335401f7ee73ad1906d707719095
data/raw/Training/glioma/Tr-gl_1122.jpg,glioma,0,Training,train,b3b2f5dea1eb6a353af444bffa820a688a8e401a91ab94cb696c47d8c7156781
data/raw/Training/glioma/Tr-gl_1123.jpg,glioma,0,Training,train,e720621b4ff394cba6c0930b5d3b0eed704a2c0e125d0f62710af388f69b40ae
data/raw/Training/glioma/Tr-gl_1124.jpg,glioma,0,Training,train,66357bf2face3cdebe352201639160e8beae2c595844d26267986ff313c8bcd5
data/raw/Training/glioma/Tr-gl_1125.jpg,glioma,0,Training,train,5ccac8c5e3d461309b4c238a2cf18c9e1e4c7dcab3ed24b5214520cfa4a5bc96
data/raw/Training/glioma/Tr-gl_1126.jpg,glioma,0,Training,train,7808f8d7f88dee9f3b15644f9d6df444c4b4d04ec20b38047c2e58391e44c639
data/raw/Training/glioma/Tr-gl_1128.jpg,glioma,0,Training,train,e45c9534e8014c98cc07cc087f5dd53cfbd933d1e11e80b656941178e5be59a6
data/raw/Training/glioma/Tr-gl_1129.jpg,glioma,0,Training,train,6e4779a469e9b6a2c4debd3a835fdd213a94a8a17846304f0c20b2b754bf84fb
data/raw/Training/glioma/Tr-gl_113.jpg,glioma,0,Training,train,466600e0550e9474ed436ba702c9d51c10bbf8c86857e9e1a17ab3abfb24d465
data/raw/Training/glioma/Tr-gl_1130.jpg,glioma,0,Training,train,6ee4ebaf266b93e91e0118f53b8866bcf244e3b3cd9954a196b13cf8bdfdcf11
data/raw/Training/glioma/Tr-gl_1131.jpg,glioma,0,Training,train,80b0cbfbf913c4414e6f315da99b0b4d16e7f22fb18caf901b3c075452289b35
data/raw/Training/glioma/Tr-gl_1132.jpg,glioma,0,Training,train,6867d98872346fb442cff19f2e1326970dc190182ba263d25bf2625fc005b8d7
data/raw/Training/glioma/Tr-gl_1133.jpg,glioma,0,Training,train,a874422003b0970623de1585f24c41741873e80578209c6b3a07c63961c1530d
data/raw/Training/glioma/Tr-gl_1134.jpg,glioma,0,Training,train,be74880096019c95bc76dde9e61c49944ab72c77c25f46db1ae92c9437516b23
data/raw/Training/glioma/Tr-gl_1135.jpg,glioma,0,Training,train,4a36d6935810e5bca1d1c163273ab53e93c6577a8bfb5aa401c647d743b4f5f6
data/raw/Training/glioma/Tr-gl_1137.jpg,glioma,0,Training,train,42dd1bf7baaf1feefc003044fb8bc792392bb53a3a4a8e66ef0e482868c318ca
data/raw/Training/glioma/Tr-gl_1138.jpg,glioma,0,Training,train,bd05dccad67cc85ab25fdef6ff9dd6a8af521d8bb89a0a47261957a29e4fcab8
data/raw/Training/glioma/Tr-gl_1139.jpg,glioma,0,Training,train,a5177ba695e5566477c5803d72cacfba5e9db9d371c2de3efac547aaa0ad6407
data/raw/Training/glioma/Tr-gl_114.jpg,glioma,0,Training,train,a249cbbfb08ed55032ee6ed9f63e82c9c564ca36659c60c5c29f5035d88ebc88
data/raw/Training/glioma/Tr-gl_1140.jpg,glioma,0,Training,train,dde07981a2f82c22f7a50a68cf6ea11b5713c0155974e9623a87e582695a20ca
data/raw/Training/glioma/Tr-gl_1141.jpg,glioma,0,Training,train,d03321e5058663d692ed3fb79430490ede4858d7f5e4e1878bc047fe6a85a31b
data/raw/Training/glioma/Tr-gl_1143.jpg,glioma,0,Training,train,a961e4ec55d9fc91125eccb6a83d88375ca138d3936c937237eb4a6969922e67
data/raw/Training/glioma/Tr-gl_1144.jpg,glioma,0,Training,train,79f988a862a4455627b6034327e59f5b9797315e3a233f361b936fdcc4c7f37b
data/raw/Training/glioma/Tr-gl_1145.jpg,glioma,0,Training,train,3e378c864945e003fe82f30dadac4f027ca5cd72957c51b52f84d00b59623be9
data/raw/Training/glioma/Tr-gl_1146.jpg,glioma,0,Training,train,e24d78983aa1fac2079d3b75c860dccdd5027ea1ae9363af4e3f1fc00412f4be
data/raw/Training/glioma/Tr-gl_1147.jpg,glioma,0,Training,train,18a7abdb3b9aaa94fa5b869c3c5f607e374209812c759b255fe3c0c8d2ba6981
data/raw/Training/glioma/Tr-gl_1148.jpg,glioma,0,Training,train,38600a90daad7ea5a93951e8ca7874d162ad0d077878a0365a2d51890528660f
data/raw/Training/glioma/Tr-gl_1149.jpg,glioma,0,Training,train,8dfab7ca1bc3729df9e500424fa51d9e44d527d2179ec10f56d6c3c8d5c6c34f
data/raw/Training/glioma/Tr-gl_115.jpg,glioma,0,Training,train,38a38cd67f00f8b8b1d6c7fb9fad8b737d53a2c9c1d965500921f0a231414011
data/raw/Training/glioma/Tr-gl_1150.jpg,glioma,0,Training,train,9670f019ed33b714ad8e3a5ea0520eb0586cb243755cd48b04371f44ff6865a1
data/raw/Training/glioma/Tr-gl_1151.jpg,glioma,0,Training,train,f8987c591ee9fc35471b923dbd5604ce25038c8b11bca8f625504766314398ee
data/raw/Training/glioma/Tr-gl_1152.jpg,glioma,0,Training,train,35cf8e8124f421dfcdfad84fedde9c01778c2f47e4a7a9f9a932a9ed72b59386
data/raw/Training/glioma/Tr-gl_1154.jpg,glioma,0,Training,train,48d3d754fce9f1cdddc5ce0a21cf09c1d14ef0bb09193d02079ee505748a1145
data/raw/Training/glioma/Tr-gl_1155.jpg,glioma,0,Training,train,30db695ecccfbd431d078ba6475563007b56660c32dfa942be09ef3171900411
data/raw/Training/glioma/Tr-gl_1156.jpg,glioma,0,Training,train,f4608cb23bf7da81c0e4919232f843272a04a4e3ec1e33f2fc9b97a2671ab647
data/raw/Training/glioma/Tr-gl_1157.jpg,glioma,0,Training,train,2d79ee70b285c26d2a0cb6d47c2ea98afc9517c3e47d47a9a065b65e73078d00
data/raw/Training/glioma/Tr-gl_1159.jpg,glioma,0,Training,train,a109b5753da46595c55ac8a4f02820e50bed8e9633befb65d6a0703f9ee2d3a3
data/raw/Training/glioma/Tr-gl_1160.jpg,glioma,0,Training,train,cbe96b10b83ebe09bbb1c7629c03b299a30b3113274a83196829276414384b2c
data/raw/Training/glioma/Tr-gl_1161.jpg,glioma,0,Training,train,4c9eafaad803c14966316d983d2812aea0984beb4783727c21cbf4cce30ab0c7
data/raw/Training/glioma/Tr-gl_1162.jpg,glioma,0,Training,train,f79e1e7778b20b366ab1811a071ed08cabca558bf8f98a33d7df87c1cc5d0f2b
data/raw/Training/glioma/Tr-gl_1163.jpg,glioma,0,Training,train,598fcec5286130b859dcffcc01d4c917b9c1691b62fe0fb56ebcfbff410fc2e4
data/raw/Training/glioma/Tr-gl_1165.jpg,glioma,0,Training,train,02780430eb1a1b8e2bbc7f7b09c6a7ad483aaf89113e5db396b3d5c0333c8fb2
data/raw/Training/glioma/Tr-gl_1166.jpg,glioma,0,Training,train,10fc6ba8b7ee545159370717d257195d727696b9a44e14202f43e90a24e92abe
data/raw/Training/glioma/Tr-gl_1168.jpg,glioma,0,Training,train,d36f758e8b183c52e3b9b1ee3db10b26db5462402c9454c816adb9985750ca80
data/raw/Training/glioma/Tr-gl_1169.jpg,glioma,0,Training,train,31594059f4bbb436b853641408beced55cfa76312350515d5dd9a71fa0476c1e
data/raw/Training/glioma/Tr-gl_1170.jpg,glioma,0,Training,train,5e9e8f0319c2b120c57eb21b1780f299bdd443905095eae39a28147e1e7bd221
data/raw/Training/glioma/Tr-gl_1172.jpg,glioma,0,Training,train,527efc040370cb36af670c1ea9001353543b89d93a135db3a305fb6821cdec6d
data/raw/Training/glioma/Tr-gl_1173.jpg,glioma,0,Training,train,b924ee795c7f1e4cc298a6316e263d2d0006dfd9f6b3f991540bd9d6df7b9239
data/raw/Training/glioma/Tr-gl_1174.jpg,glioma,0,Training,train,680c8606812ed6d9926962a09f7e9f3f59aa8277cbee47e80d81726163e68a27
data/raw/Training/glioma/Tr-gl_1175.jpg,glioma,0,Training,train,e0fd19d0ffbf3a133b2b681a4aabe6f882cd6ade2755a4e8d379db267af0483d
data/raw/Training/glioma/Tr-gl_1176.jpg,glioma,0,Training,train,21b1fd92ab0c92dbdeb6b522dad68c535a132b2010ba40538b1a0543663e5ae8
data/raw/Training/glioma/Tr-gl_1177.jpg,glioma,0,Training,train,c276affc30d1ecfa4c2ce4958db5a56163c545af223bf2119c477bd589750ec5
data/raw/Training/glioma/Tr-gl_1178.jpg,glioma,0,Training,train,d58f244d757dbb95ed4150676d5d0b6582d546fa08553c833d06df11e0d0d819
data/raw/Training/glioma/Tr-gl_1179.jpg,glioma,0,Training,train,c8ddf657964cc7ad45a25a18166d74ca4f7efbe33a400830a964897e7c81f54d
data/raw/Training/glioma/Tr-gl_118.jpg,glioma,0,Training,train,3a767a0cb6e43b3069c347414563c26113d0f3c67121a6bd4cb622ecc928e384
data/raw/Training/glioma/Tr-gl_1181.jpg,glioma,0,Training,train,ccbc6129652db7e957fc2c8e535dd7ecbe9f46d64bbe5ba44917b9410d88c44c
data/raw/Training/glioma/Tr-gl_1182.jpg,glioma,0,Training,train,255d77f8cc7a77735a6234562c7391895274c55d638e1018ed28bad8364ad099
data/raw/Training/glioma/Tr-gl_1183.jpg,glioma,0,Training,train,b3e23a07ea2fe7eb605c6b788bcfe709e586b7923abcacf910a74d8f1b15badd
data/raw/Training/glioma/Tr-gl_1184.jpg,glioma,0,Training,train,1308b2078ae8de0fc265d08c0e704109245fbc9e4dc2ea80ea960c1cf65386dc
data/raw/Training/glioma/Tr-gl_1186.jpg,glioma,0,Training,train,fee3fe419b55629a307313df786566870672bd716ce91cedae576f8cb135098f
data/raw/Training/glioma/Tr-gl_1187.jpg,glioma,0,Training,train,c4bbd68a13038dd5d8281cb34aa9312afae496b210ec4fc73fd267b597594a4d
data/raw/Training/glioma/Tr-gl_1188.jpg,glioma,0,Training,train,525e5d1956e461e2d030fe3ce60bfc22ea9444ec9a37702183329b6fafca1271
data/raw/Training/glioma/Tr-gl_1189.jpg,glioma,0,Training,train,25242fd109da06067b0b77006ee39b18dc7962b8168bf3c36a3f49d4ed8edabc
data/raw/Training/glioma/Tr-gl_119.jpg,glioma,0,Training,train,307ad102d4457d224fba49ed2b16ee240f78b5b069b77f0e12e783d5db5ba43f
data/raw/Training/glioma/Tr-gl_1192.jpg,glioma,0,Training,train,22260fef1a86f404357f637bf9be34e869537d141608c294ebeb03b1c4bc8df1
data/raw/Training/glioma/Tr-gl_1193.jpg,glioma,0,Training,train,b0c2654ef7d440a6d63cec17e44d7352087cba1fa9aa3d597a6b15b61a2e0c23
data/raw/Training/glioma/Tr-gl_1194.jpg,glioma,0,Training,train,82444390a96f3292242823338c52b9310ee7c5eed55185f9e8456d2f383b14c6
data/raw/Training/glioma/Tr-gl_1195.jpg,glioma,0,Training,train,74361d9da7838b3530a0903670cdbdec6513cf302ad72b9c83b8c8fc7f497697
data/raw/Training/glioma/Tr-gl_1196.jpg,glioma,0,Training,train,519cf3d164b71a4e86978141c2982ac4d99dbe42f1bbcc67be3941a0d04f9563
data/raw/Training/glioma/Tr-gl_1198.jpg,glioma,0,Training,train,1bbca8899bd626ee541317612316e21f2a3d55117aa715a3044c382bb960c41d
data/raw/Training/glioma/Tr-gl_12.jpg,glioma,0,Training,train,3589e371a3e583e6d609a1cb9879da501fc758234d96b715883c7e570774c253
data/raw/Training/glioma/Tr-gl_120.jpg,glioma,0,Training,train,0bdbd0ca07b1f68d4de889077afc7f21d06f2dd8453a74546e16a705284462a4
data/raw/Training/glioma/Tr-gl_1200.jpg,glioma,0,Training,train,a13efc14b730d2a9ee6dbb554ea4b57a5f89b3b1400f106a0c2a3777bc865732
data/raw/Training/glioma/Tr-gl_1201.jpg,glioma,0,Training,train,5dcec96ca17981a95541c7b59c80176b4955f634fa23bd43457f04672480285c
data/raw/Training/glioma/Tr-gl_1202.jpg,glioma,0,Training,train,c0e3c88b598c6603999eca375744bb80982a8790ebcd8f75180c3bd245e2608e
data/raw/Training/glioma/Tr-gl_1203.jpg,glioma,0,Training,train,ac0a8a4fb01c6ed57e45467a9992d47e4adba052e5f6f78947e902a7d801c439
data/raw/Training/glioma/Tr-gl_1204.jpg,glioma,0,Training,train,6466c2a0f15916e089926fbeb1dc1e09bcd990bd5f0651c819d3039c6a0636b3
data/raw/Training/glioma/Tr-gl_1205.jpg,glioma,0,Training,train,631ebe53e7099a6c9dbc601f77493df8164db2d41d0406f1324167653e32b4bb
data/raw/Training/glioma/Tr-gl_1206.jpg,glioma,0,Training,train,30583b3d03ce775eeb9926d4f969354f1b8a565d931cf156b860367e623be157
data/raw/Training/glioma/Tr-gl_1207.jpg,glioma,0,Training,train,581c0febff3f0fce53e03e23898370362761e8dea9a19891c1a3b8310062e9d9
data/raw/Training/glioma/Tr-gl_1208.jpg,glioma,0,Training,train,e0b88a0eddb0ab53e49ba38342cdc83364ed057c9553b6999261bc089eb65275
data/raw/Training/glioma/Tr-gl_1209.jpg,glioma,0,Training,train,7b7cd100a562ced4c967f542fe233fcc6606a855584a89b3ba3aa1258e5ac9f2
data/raw/Training/glioma/Tr-gl_1210.jpg,glioma,0,Training,train,80fc1a6c55f6e21b26fa2ff1f6beeb347c714a332fa69c043eca37bce6f9bebf
data/raw/Training/glioma/Tr-gl_1213.jpg,glioma,0,Training,train,3a0e14b20b51093bd9a9c44cc397baec5ce467b01a29c3d69b166ebfab8cdb89
data/raw/Training/glioma/Tr-gl_1214.jpg,glioma,0,Training,train,83c361e9948bbedb1bf400ec9e2a605eafdc50c987b3ad159dcccf7713458072
data/raw/Training/glioma/Tr-gl_1215.jpg,glioma,0,Training,train,2d4bfd63e364c817381a73f6354572213a1a1b1665c85e10ce977ee92bc6a17e
data/raw/Training/glioma/Tr-gl_1216.jpg,glioma,0,Training,train,83beadc210b7cceba8cdcc603e93786d5d936edf07eaa7b28ff44859bfbd7541
data/raw/Training/glioma/Tr-gl_1218.jpg,glioma,0,Training,train,6df21beef336a623fed4018d6a4684a12b8fe51bb3244035ac3b4f665794face
data/raw/Training/glioma/Tr-gl_1219.jpg,glioma,0,Training,train,f1579211cdba6486bae9afb4a6643221742f8a2fc3efedf6f5c202ac6d194195
data/raw/Training/glioma/Tr-gl_122.jpg,glioma,0,Training,train,6a5c6c4c7a6a173e5dc5b8fba4e4e58ede051e82e46fab24261abdb24bd9291c
data/raw/Training/glioma/Tr-gl_1220.jpg,glioma,0,Training,train,6f3eb5e4ec11478f81b7051ae3db751e623a3a83b403de3c13032a958958479f
data/raw/Training/glioma/Tr-gl_1221.jpg,glioma,0,Training,train,84bebafba5c0fea6592c3aea4d1ce97a6ab9388396087796065f0dff5f990eca
data/raw/Training/glioma/Tr-gl_1222.jpg,glioma,0,Training,train,4826ccab68fb5a6bd25ae807e908085781af403bd93415a537c32df9ac584ac2
data/raw/Training/glioma/Tr-gl_1223.jpg,glioma,0,Training,train,786e139f91a3e06b6d0575a8fa28266d15dbbdddf1ff2c4c658941221042e98b
data/raw/Training/glioma/Tr-gl_1224.jpg,glioma,0,Training,train,1cb383948a156aa10dcc284876493c034421e25109837d4fb56dcf12eead96db
data/raw/Training/glioma/Tr-gl_1225.jpg,glioma,0,Training,train,beab9a34cec32f69fa102fad0f00495992042e00e32bb303888888ec15d1ddd5
data/raw/Training/glioma/Tr-gl_1226.jpg,glioma,0,Training,train,1c56c6eaf2d31a134aebe1bbbdf8add89770f4876fd90c547afec67fb52f86d3
data/raw/Training/glioma/Tr-gl_1227.jpg,glioma,0,Training,train,7fcb7f1653dd25501ac24858c46b58bf33312191226acf66b3789429238646f6
data/raw/Training/glioma/Tr-gl_1228.jpg,glioma,0,Training,train,d5559692807cbe9da28eb147207e9f367200945861b45dfec24145e499424a8b
data/raw/Training/glioma/Tr-gl_1229.jpg,glioma,0,Training,train,dfc61077eb8b84e7b3ea1f0cfdc867accfab142958d4075e5ba6a653015cfbee
data/raw/Training/glioma/Tr-gl_123.jpg,glioma,0,Training,train,2eaee7afdf54749274fb16968530239f1d9dfb1d92fc1c75402e0886f351a0e8
data/raw/Training/glioma/Tr-gl_1230.jpg,glioma,0,Training,train,ba431199f1aedd94c171d5e0cedddc067825283fd0618a6fa3cecc958fb9395d
data/raw/Training/glioma/Tr-gl_1231.jpg,glioma,0,Training,train,897cfd157984160cef5735daa9a0446f4dd8761123ee0c3818c909cba1073e75
data/raw/Training/glioma/Tr-gl_1232.jpg,glioma,0,Training,train,885c05c0b195f821cb44a84737482c89cecf0db90266fee86e2f92897561cfc7
data/raw/Training/glioma/Tr-gl_1233.jpg,glioma,0,Training,train,70e0d05ddcc25c5d083269466bb05f598d248f1052e310a1c4398a850e36fffd
data/raw/Training/glioma/Tr-gl_1234.jpg,glioma,0,Training,train,c887fadb6f2b8abda12c3f8ed5eeb719a63797204230c7def38e9f55660300ec
data/raw/Training/glioma/Tr-gl_1235.jpg,glioma,0,Training,train,89cde6f3098a534c3eb421d8a47aafecb37a7f7d0f45a8c24a06c5ab35d4dbec
data/raw/Training/glioma/Tr-gl_1236.jpg,glioma,0,Training,train,f88690a7f5afb1774a3b665c7ca3efccd33841fcb5678f3123b8c551aadc3465
data/raw/Training/glioma/Tr-gl_1237.jpg,glioma,0,Training,train,f1c5a4fdeff9686dfe250833dd08ad707e6c5c7f52aa603e72ef5e8d07fcbc71
data/raw/Training/glioma/Tr-gl_1238.jpg,glioma,0,Training,train,5314e8cf6f6c3dd3bef046315750a09b6b3b59db11f2b052e6e87935a7860102
data/raw/Training/glioma/Tr-gl_1239.jpg,glioma,0,Training,train,08dd3bdd267d7cd7bb1aaf2f22515de1522831fb975640e58fcdc37bcef49608
data/raw/Training/glioma/Tr-gl_124.jpg,glioma,0,Training,train,1a39ec1a5447ef315af75ffa33d7761a1546558bc732bdaf96bb35b0ef36bc43
data/raw/Training/glioma/Tr-gl_1241.jpg,glioma,0,Training,train,bb648f8dd88c985a072474b01530feb2f32cfe193c18262edbf567f5911bc9b2
data/raw/Training/glioma/Tr-gl_1242.jpg,glioma,0,Training,train,e242ecf99b712aa43c9d9f7b952fd96144677a3d015e12454dc1c5e26bd8b791
data/raw/Training/glioma/Tr-gl_1244.jpg,glioma,0,Training,train,9791e752f3e35268b09c195159ab845aafe4d1ab6b27d647a94853485ade6bac
data/raw/Training/glioma/Tr-gl_1245.jpg,glioma,0,Training,train,84706e9ed0c156bb9c26792dcc3db73aae2950942eab52fd59fc3937fb82dd7c
data/raw/Training/glioma/Tr-gl_1246.jpg,glioma,0,Training,train,e4754fc4e52890e57172305d942307c1fb194293cc0ca3402e7d88cd87711324
data/raw/Training/glioma/Tr-gl_1247.jpg,glioma,0,Training,train,668b0fccd03c506b4e1fc7344fe20f6b9b9dda54a49ce4857b69645519e3c16c
data/raw/Training/glioma/Tr-gl_1248.jpg,glioma,0,Training,train,80696d8d0b975f7aeaf22db216157e46152a23cb4b83650e3e0c460da1872c81
data/raw/Training/glioma/Tr-gl_1249.jpg,glioma,0,Training,train,c917961ca384ef382bc892f5c2aa8da0d903c7b7e517b38a51bc7ed40b9064ab
data/raw/Training/glioma/Tr-gl_125.jpg,glioma,0,Training,train,7c75246de6b733cfbd35156db0175e789ddd8d8e5890b01827b686f273eac96f
data/raw/Training/glioma/Tr-gl_1250.jpg,glioma,0,Training,train,07776587c4e9aa90b0bc8ddcf66dc58432cc9b7642f3a92bbe2c65d9c327cd6c
data/raw/Training/glioma/Tr-gl_1251.jpg,glioma,0,Training,train,e263192239d0a2bb9290c8d8de18d05e38c2d00343d74ed2dca9d0d2187da4eb
data/raw/Training/glioma/Tr-gl_1252.jpg,glioma,0,Training,train,314e4c414ffc502532b6f1748e9a2cbeb7270364d9c2182f990286e522973946
data/raw/Training/glioma/Tr-gl_1253.jpg,glioma,0,Training,train,2cf16eac8330eee8a821c999a7c22d133edff2b6761a99e6c1425060368f086c
data/raw/Training/glioma/Tr-gl_1254.jpg,glioma,0,Training,train,0423469c6b0d771688530aa2670050b206dacb0a567ed453eb0f5c5b581997e7
data/raw/Training/glioma/Tr-gl_1255.jpg,glioma,0,Training,train,795f40397be45857477c720fa3761d0d036cbe80424e34d6ad10ac8598495911
data/raw/Training/glioma/Tr-gl_1256.jpg,glioma,0,Training,train,45f2241b30fd00f31ac348b51c494a3eb371a288cc3e61060cb55192ba3d9b26
data/raw/Training/glioma/Tr-gl_1257.jpg,glioma,0,Training,train,d26ec4b155344b81697a2e3c09abb61d565af48304a866a7f5f70eaf3a3928ad
data/raw/Training/glioma/Tr-gl_1259.jpg,glioma,0,Training,train,e3280c6aef393740afe61732105399d6990e2ee03184b17dc4c16132a1021bca
data/raw/Training/glioma/Tr-gl_126.jpg,glioma,0,Training,train,514c45d8561e97b5fb6818ac641dde5c81b849f62c9bd40206f0b802fc7121cc
data/raw/Training/glioma/Tr-gl_1260.jpg,glioma,0,Training,train,4de051103eeb30528b1a0d7c505d0b29bddb42b0c1743d0d168f871084e6c4a8
data/raw/Training/glioma/Tr-gl_1261.jpg,glioma,0,Training,train,597477ab089e0587e51b6dcc23f529972e252cb13a1627e25cc834279856eed5
data/raw/Training/glioma/Tr-gl_1262.jpg,glioma,0,Training,train,ba95e339ca5a6005c9cf61b0bbce88c1b483a3cb0d1660a3db3aa663d77f52f9
data/raw/Training/glioma/Tr-gl_1263.jpg,glioma,0,Training,train,d3a1c0c8018db03ae8040595cfdf59a2e79e2297870e478029ebc014c36a833d
data/raw/Training/glioma/Tr-gl_1264.jpg,glioma,0,Training,train,099256a97d4847567de58e018cd692cf1472d3097be48a9811c48b73a2c89c5f
data/raw/Training/glioma/Tr-gl_1265.jpg,glioma,0,Training,train,f5e9850d35f77ac7924b2445dfab90ec2ad6bf749c9c96fd0a2973cd62ffd05b
data/raw/Training/glioma/Tr-gl_1268.jpg,glioma,0,Training,train,4799d90aaaec1646c336abefa81d339952438aae3a9312b58fc1ed7fbb6bbd85
data/raw/Training/glioma/Tr-gl_1269.jpg,glioma,0,Training,train,bc34e9a5fa14d6c40e16183ee694138cd907400ef00c16df26ce9974fe6e0fa6
data/raw/Training/glioma/Tr-gl_127.jpg,glioma,0,Training,train,d20cb5446f49480f7471797374a9f2651714497dc965d782597be7639b130823
data/raw/Training/glioma/Tr-gl_1270.jpg,glioma,0,Training,train,55e3241ead513e576d1096c1011063d0ac11c7e9191d41dc84650bd5903910e1
data/raw/Training/glioma/Tr-gl_1271.jpg,glioma,0,Training,train,598cc0afe5393e23bd2088621622ade0ba7561a309aeb24167bf888dbe41b87e
data/raw/Training/glioma/Tr-gl_1272.jpg,glioma,0,Training,train,062c036dee812782a059f3d61742e5dfa332e113aef02556715e97c9b54f4a9a
data/raw/Training/glioma/Tr-gl_1273.jpg,glioma,0,Training,train,94e7b57894aafe66ee3997d4dcf1fdedc629270173bce7ece9c4a0414acaeb9a
data/raw/Training/glioma/Tr-gl_1274.jpg,glioma,0,Training,train,b42fa55f6db28d417725a9a9641059e75b2ec59e55fa5f5f713bfb54e2d11e1d
data/raw/Training/glioma/Tr-gl_1275.jpg,glioma,0,Training,train,0b6174f3f8ff52c4ef2126241cfe5efe53e551d6a3b7c464b01fdf8a20406c66
data/raw/Training/glioma/Tr-gl_1276.jpg,glioma,0,Training,train,dadc4aedcb77f727246d10b8efb0956ea720d15451c9eaf2446ee345c4da7095
data/raw/Training/glioma/Tr-gl_1277.jpg,glioma,0,Training,train,a78f55988cfce59a2ae9e1e1b1df9995aab7b4f0e3f43d138029c84cb9662c19
data/raw/Training/glioma/Tr-gl_1279.jpg,glioma,0,Training,train,b60ccb3630cd623f5f8644cc345dc6883e58029bc96b2d629eea7ac2f7940fe8
data/raw/Training/glioma/Tr-gl_128.jpg,glioma,0,Training,train,11b07286de6eff834389ccf373d246c308a257d3a70ea6fe4b6ce43646b8c914
data/raw/Training/glioma/Tr-gl_1280.jpg,glioma,0,Training,train,5d85abd0150b2be00404bc89437fb874112686c32718d8aa6635b6ded598ab36
data/raw/Training/glioma/Tr-gl_1282.jpg,glioma,0,Training,train,78086f52b7dab1d8840c5956f077021b18449661059ee102ddb708801d71c966
data/raw/Training/glioma/Tr-gl_1283.jpg,glioma,0,Training,train,f65c46f6667ee0df250bd7917a4c946e7e347207fbabf3567ab197fc87e0c973
data/raw/Training/glioma/Tr-gl_1284.jpg,glioma,0,Training,train,b01c39342f02566329c7bf4cfba8be3c9c7c5f4f91ffbc6153aca6e6b3fe27e1
data/raw/Training/glioma/Tr-gl_1285.jpg,glioma,0,Training,train,04758129e4627093abd84496c8c6326b62f022202b3adde150d294d35f5b47dd
data/raw/Training/glioma/Tr-gl_1286.jpg,glioma,0,Training,train,ec9998f5cfb7df9292de957f06c3c606f218f434ff5f7afb9c0362ee251febca
data/raw/Training/glioma/Tr-gl_1287.jpg,glioma,0,Training,train,5c010972da3f3a30863ee07cd046535f676b29024b666fa14690c69f5b018bbf
data/raw/Training/glioma/Tr-gl_1288.jpg,glioma,0,Training,train,564fcc411ce87a0f4d0a9a3aac2189159c713c755db99b383407af0c7b5d11fd
data/raw/Training/glioma/Tr-gl_1289.jpg,glioma,0,Training,train,c76262afdc9ed2d864cdd719f0cf362cfd96bab550fed7fc120b763180d88c55
data/raw/Training/glioma/Tr-gl_129.jpg,glioma,0,Training,train,9d086601f99bb3cb42ef1966e4ec82a129191f28054cd7dc8c9d5638828b83fa
data/raw/Training/glioma/Tr-gl_1290.jpg,glioma,0,Training,train,1873f55bf6f9659e89f19128c356ea328dac0394bb04f597f1f21e6a4795a407
data/raw/Training/glioma/Tr-gl_1291.jpg,glioma,0,Training,train,9bfef55df733a84ee21e4a2a5003f3c52e6a20ae60512a9298233f6ae6adbb4d
data/raw/Training/glioma/Tr-gl_1292.jpg,glioma,0,Training,train,a0cffd0d32301bfeb769a24a5d9d1a1e76ed9ac4b1f40365a0928097446c69ee
data/raw/Training/glioma/Tr-gl_1293.jpg,glioma,0,Training,train,56997c66cdf2fe85e3162afdef80a0eb30dc5c6976f790af2158d007d5b485af
data/raw/Training/glioma/Tr-gl_1295.jpg,glioma,0,Training,train,32bd0b5965578eb36333190937f5c10c749a0a12ea0dd6d990d2f8d28e069024
data/raw/Training/glioma/Tr-gl_1296.jpg,glioma,0,Training,train,5c4325f9d165d8aa3e7ab7c42163123d37145fd8a98c3e3585932e3323ce2fdc
data/raw/Training/glioma/Tr-gl_1297.jpg,glioma,0,Training,train,27d3c40b58e15d7feede36d9cedd485f10c0c22f5cfa32e412b2994f5cb98a19
data/raw/Training/glioma/Tr-gl_1298.jpg,glioma,0,Training,train,c54a9500f34607ac7c3b1bc94e5e860dc26a66406ace7bcd887f77965a708ca1
data/raw/Training/glioma/Tr-gl_1299.jpg,glioma,0,Training,train,aef18db94e30c222aa1a0c95f5b3b02097f2aabd917d58ceb3826fb018bacf75
data/raw/Training/glioma/Tr-gl_13.jpg,glioma,0,Training,train,c9f5f041c5e333ef43f1bfb3669a3c3adbf1fe957862a46ea3365789d168e55b
data/raw/Training/glioma/Tr-gl_130.jpg,glioma,0,Training,train,9c3b9a7852edb793ad3719d15a3ed111fe4454ac975738a4292b3ccc1fcfd2ab
data/raw/Training/glioma/Tr-gl_1300.jpg,glioma,0,Training,train,db517ab8aaffe11a81b110c4900dfe1e197853faa4fb1b3c824bd696d9c39d69
data/raw/Training/glioma/Tr-gl_1301.jpg,glioma,0,Training,train,c66b31448a50c1bc2027ee381df8209a3967c73661e76095142c2b7aa25bf8fa
data/raw/Training/glioma/Tr-gl_1302.jpg,glioma,0,Training,train,e85231f374baaa8d1ebc1d87b11e6228df68b66a7c4594b32c288dfcd35bc3c3
data/raw/Training/glioma/Tr-gl_1303.jpg,glioma,0,Training,train,b374bfb1ccc069e5b26efe4ab686a5a9819b68b1a9d13deb28819c40103d1812
data/raw/Training/glioma/Tr-gl_1304.jpg,glioma,0,Training,train,1128518e563d150395ec2f48b607b2d62df1b1c24eac00076ab43243c0e46f6b
data/raw/Training/glioma/Tr-gl_1307.jpg,glioma,0,Training,train,90b1641471f57b0568f6141950eb7dbf6d1199da2d5cdd70e2c5b9ec61bdd290
data/raw/Training/glioma/Tr-gl_1308.jpg,glioma,0,Training,train,5b7a3cbae3883d2f4933920cdca94c21e518ad8f961dec14a05dcdfc980a1518
data/raw/Training/glioma/Tr-gl_1309.jpg,glioma,0,Training,train,5f719b8ac95a840dbff8526aa47e7c748ef18b9ff2a54f60d435558dbb999e9a
data/raw/Training/glioma/Tr-gl_1310.jpg,glioma,0,Training,train,f3739fa03f29a2ea19c450359bb78d69cd45110b55128b1cc6d1f4a4c350d4e7
data/raw/Training/glioma/Tr-gl_1311.jpg,glioma,0,Training,train,a3c4a47932645acdba83772b225a43dd232f92bddac3525e0d5c5ba9b83416ae
data/raw/Training/glioma/Tr-gl_1312.jpg,glioma,0,Training,train,25b7dc9a68a369f9f3f41901a98c415f41877e8c81c68f8d1ce604055ab86454
data/raw/Training/glioma/Tr-gl_1313.jpg,glioma,0,Training,train,23ce79c21b2560f36c2c5d571c55371211a4fb185cbf1ace627eb62927e54abd
data/raw/Training/glioma/Tr-gl_1314.jpg,glioma,0,Training,train,6c3f26ff4043a27a5642832a5aa71ea892dc7a4081ee99b39175ca77dc02f24e
data/raw/Training/glioma/Tr-gl_1315.jpg,glioma,0,Training,train,497b80712bf14d78c793d122527ac5dcbd7a451a0b52c4555b70e375d33b3598
data/raw/Training/glioma/Tr-gl_1316.jpg,glioma,0,Training,train,756bad36ee7964b012493a287b17863bf7b8ad08ea0c3963c29e68ab5a4d28d5
data/raw/Training/glioma/Tr-gl_1318.jpg,glioma,0,Training,train,dd2b85dcc22e042b17b1e4b1978292deb65c4cbb00dc74f38920dda603bd7dcb
data/raw/Training/glioma/Tr-gl_1319.jpg,glioma,0,Training,train,2374b89cf84646fffb6415ae3cbaa89f19edefcd956f45c4bc5cf7fda6069460
data/raw/Training/glioma/Tr-gl_1320.jpg,glioma,0,Training,train,82d7cd331a0f76ec76c8bc2cba417ee988b0aaea9a9f84f418bf395c43c0e6e0
data/raw/Training/glioma/Tr-gl_1321.jpg,glioma,0,Training,train,a9a22fd52fbe2bc8c379623ae9596f2d76e03bb3c89c20247f1900de74331647
data/raw/Training/glioma/Tr-gl_1322.jpg,glioma,0,Training,train,514857693c362115302a847634040b7ac42b2e8998c00a4b99c5481871a4126b
data/raw/Training/glioma/Tr-gl_1323.jpg,glioma,0,Training,train,7ba05d4c12d45dd2075150556b31ae695923af203dee102db060f9d33c1559a1
data/raw/Training/glioma/Tr-gl_1325.jpg,glioma,0,Training,train,0e0f0e489e46b0b98199f84a3c5de5e2de5d59bc3e1a1c65e0b6c91a423cbf62
data/raw/Training/glioma/Tr-gl_1327.jpg,glioma,0,Training,train,819d54097077dacd38c01962f35511f4578cc46d5c186783f2ef91165a2acfa1
data/raw/Training/glioma/Tr-gl_1330.jpg,glioma,0,Training,train,514ea41d3e9ec529604a8ab1d18d8d31e5564bc4e58476f1701f79be142ab543
data/raw/Training/glioma/Tr-gl_1331.jpg,glioma,0,Training,train,38e5656ce4b9665343c1a467230a2bed03f3e1e422a944f05060a7abe8b09194
data/raw/Training/glioma/Tr-gl_1333.jpg,glioma,0,Training,train,235463e769f5f62b1b4d7c1b7afb55688e0ed480cdc3020b3a8e27443212e617
data/raw/Training/glioma/Tr-gl_1335.jpg,glioma,0,Training,train,9572250c351303252f223ade6e30d71d7522cb8428541e86b5c2911f027a3153
data/raw/Training/glioma/Tr-gl_1336.jpg,glioma,0,Training,train,938fde507a730126a836c9ea4139e189617b29ccca0b013d10aa540409455213
data/raw/Training/glioma/Tr-gl_1337.jpg,glioma,0,Training,train,9ced899de8b0c76fc5ac99927f9cfb1f767c1a7c4b3b544117d41f7f75661c19
data/raw/Training/glioma/Tr-gl_1338.jpg,glioma,0,Training,train,eabc54559c52c046e18232ae239759a8109503cd78c5385b191757a7ae3dc7e4
data/raw/Training/glioma/Tr-gl_1339.jpg,glioma,0,Training,train,a197c82eb90d9303361f61e26621f5f387c1cc53f3ca67bb5fe19d21c2913779
data/raw/Training/glioma/Tr-gl_134.jpg,glioma,0,Training,train,f2fd35082f011d3c5c329446eb73aa142fcb4fc34b97527fefb3cff08f4c9a03
data/raw/Training/glioma/Tr-gl_1340.jpg,glioma,0,Training,train,9c99455e209b32a72a512bd8f1d2ab96956a99a25f591bce70acae1e940a8d7f
data/raw/Training/glioma/Tr-gl_1343.jpg,glioma,0,Training,train,6e30bfda6207bc415399d606737f7199bd2b8ffe8271a8de3affa4910e31fc86
data/raw/Training/glioma/Tr-gl_1344.jpg,glioma,0,Training,train,0aae6a419911e500d4a12257546a022b8aee1e4cf46bdf4acdfcb69e351c6837
data/raw/Training/glioma/Tr-gl_1347.jpg,glioma,0,Training,train,a346b96b24d73eebfeaad20474746334c1b85fea16be1fb92aa7205b78474e53
data/raw/Training/glioma/Tr-gl_1348.jpg,glioma,0,Training,train,cc772f04a2e0363b5108e20f1366b94ed577c7f3023b92518afe90af52ffe695
data/raw/Training/glioma/Tr-gl_1349.jpg,glioma,0,Training,train,f2a91f004b9f4803042348d4cc09d3a2507b0c375e034e179d63f31d840b4fb4
data/raw/Training/glioma/Tr-gl_135.jpg,glioma,0,Training,train,885038352a0fb1fd67bcd001232edeb176bf3337ff9c2809fb92d4669d87c6c1
data/raw/Training/glioma/Tr-gl_1350.jpg,glioma,0,Training,train,729bb5e5a12a8ae5bc067ee85716eb7aa81d1a25d92ab33890b0a22f6a9b17d7
data/raw/Training/glioma/Tr-gl_1351.jpg,glioma,0,Training,train,0dde7078d68e6e868aa7138696761c939c99f3357c8215be687dd6482f6b1608
data/raw/Training/glioma/Tr-gl_1352.jpg,glioma,0,Training,train,f7023a245bf0285e63f5f89fb56c8167d105ee5a3b3f38d56d475955d4e2b323
data/raw/Training/glioma/Tr-gl_1353.jpg,glioma,0,Training,train,5f381e4b3e73a8c270cc525e6d51ab47f332dcc61156a9b5da4d05fb69a27737
data/raw/Training/glioma/Tr-gl_1354.jpg,glioma,0,Training,train,d04f3d8b96aa6c503d9c975afb14f1c494816876e4a8f227a969ea381165827a
data/raw/Training/glioma/Tr-gl_1356.jpg,glioma,0,Training,train,d5cf561e9b332a76127bde0a66fee7bca9463773e9d78fb289cbba808a1d4e3e
data/raw/Training/glioma/Tr-gl_1357.jpg,glioma,0,Training,train,0752579b683b46989a363a8f7adc88e89d2287b07d8eff7946cb1fd51adb22d3
data/raw/Training/glioma/Tr-gl_1358.jpg,glioma,0,Training,train,e63352086e283c867f0636a3e18b92ff1419644dbbeb7fcdba7b31cf83e511d3
data/raw/Training/glioma/Tr-gl_1361.jpg,glioma,0,Training,train,6fdd22dbd5850ecd2506c6c6dc868d18a94cb2cdf54d8454de5998388580c82d
data/raw/Training/glioma/Tr-gl_1363.jpg,glioma,0,Training,train,560bb7f85ada9922e263cd604466500c16b7d1d92ca5b4b4615546e78c8c60a0
data/raw/Training/glioma/Tr-gl_1364.jpg,glioma,0,Training,train,7aa0bb3469fbd5acc5cfd1976e797e7787ae13fc4a86461f94f7e126055f56e0
data/raw/Training/glioma/Tr-gl_1365.jpg,glioma,0,Training,train,0afde42c2ae3149cc00a436d4d7ef16c4a2158db7daa291218834c1177b491e1
data/raw/Training/glioma/Tr-gl_1366.jpg,glioma,0,Training,train,27cf9d7b5930fa69328d5c4c954cc2e46370a840ab68983264afd8693ad1c3ff
data/raw/Training/glioma/Tr-gl_1367.jpg,glioma,0,Training,train,f6808485e27d10ed374a1cdc4f66309cda055097e3bf7bede9a1666604f5b03d
data/raw/Training/glioma/Tr-gl_1368.jpg,glioma,0,Training,train,9ad7aea6bad8f9639694d5ed851c2782b22f22fb9d0a93e25b18bba4351033c6
data/raw/Training/glioma/Tr-gl_1369.jpg,glioma,0,Training,train,b28ec47201f87ca88392c91e0e5acd20b8bdc4c8b6990cb4c575dee4a7109f48
data/raw/Training/glioma/Tr-gl_137.jpg,glioma,0,Training,train,5b611d9d2863ce5d8c2eac80a97486943292a0cdac6a2517a19b054ba435e504
data/raw/Training/glioma/Tr-gl_1371.jpg,glioma,0,Training,train,dd6fafab35cd9dc9e1ce04321f9a20521d936425fdec6e558623f2aab3613cb5
data/raw/Training/glioma/Tr-gl_1372.jpg,glioma,0,Training,train,7a27ebe1f6992227f82772ced4cb95f6cfeddd59b0d755764d008796d6c54792
data/raw/Training/glioma/Tr-gl_1373.jpg,glioma,0,Training,train,c378e02d22bce70c5363fe5cf8372b0e93012c232067dc57997cb6dd3e5da2bc
data/raw/Training/glioma/Tr-gl_1374.jpg,glioma,0,Training,train,4c43374b89144c824c936f599b97fac7fb98670c578d71f2cc05f1c320b724ec
data/raw/Training/glioma/Tr-gl_1375.jpg,glioma,0,Training,train,73c97f9773c9ae88ccde9d9005e6e2c3140383d7dcf4f332c67c35d6c11e61b8
data/raw/Training/glioma/Tr-gl_1376.jpg,glioma,0,Training,train,b834120e18dcd2faffc6a2b045801161a8a6bc1c985fdbddf7618e252ccb5602
data/raw/Training/glioma/Tr-gl_1377.jpg,glioma,0,Training,train,8f1d6b2d226e364bb9484a11ff0821b81d116d2226e806bf9e88c9152d9b2990
data/raw/Training/glioma/Tr-gl_1378.jpg,glioma,0,Training,train,5edb146e5537e9c830ea56e66e3b8757a9e9bd88d7f73d94d5fa782f4d2ad009
data/raw/Training/glioma/Tr-gl_1379.jpg,glioma,0,Training,train,8b79e01f590df47d0789e7c90e815c8a2c234a85d61b31ec19910370e74b1c7f
data/raw/Training/glioma/Tr-gl_138.jpg,glioma,0,Training,train,b4955125bdabce14d5b50ae670bca1a0077937e1690018be2ea9a8bc6f9beabf
data/raw/Training/glioma/Tr-gl_1380.jpg,glioma,0,Training,train,7972629fe6859f1dcbc8a4631f9c7881540603d230696a51cd7f663b3e4a4219
data/raw/Training/glioma/Tr-gl_1381.jpg,glioma,0,Training,train,fa6b5067313a3f7687161a046f0362016239ac1cbae0df61a8f7f65a5d8352b9
data/raw/Training/glioma/Tr-gl_1382.jpg,glioma,0,Training,train,8958ce7ca2d4b2ba48a85de2dc8759eea700e8aece486c925c925e5291a9ddb3
data/raw/Training/glioma/Tr-gl_1383.jpg,glioma,0,Training,train,6de55fa75144b74a4d07e87815fa380256504253a6d44d1c0d83fa4aa1b297e8
data/raw/Training/glioma/Tr-gl_1385.jpg,glioma,0,Training,train,ba97fcb7e7995b9773379a64626fbb5d354908d8cda5b2cbee9c9678bd4e1a31
data/raw/Training/glioma/Tr-gl_1386.jpg,glioma,0,Training,train,037e7617008a6624dc72a43f1b7985f32406f5d9d765f4e132c188396ebdc847
data/raw/Training/glioma/Tr-gl_1387.jpg,glioma,0,Training,train,f99a9fb14dce65f76c1a5c5592632c20c1aa49f3af469bfcb37f01cdfda4915c
data/raw/Training/glioma/Tr-gl_1388.jpg,glioma,0,Training,train,696c4af2f133b6bebd8ca61910e8e526681e3cef3c4259763dcddd6ddb68e90e
data/raw/Training/glioma/Tr-gl_1389.jpg,glioma,0,Training,train,8ec634304c1f6756353eb7d9d73d0de98dbb99ea747a53345971885b9aeda96e
data/raw/Training/glioma/Tr-gl_139.jpg,glioma,0,Training,train,7378eb8407d59d76644da195d4152fa3ea1ee49efc21b0e17d23fed8edfe8f25
data/raw/Training/glioma/Tr-gl_1390.jpg,glioma,0,Training,train,3defb7817aa097042b79b55665293f3e9173bc57828859ad549ab6a1697da550
data/raw/Training/glioma/Tr-gl_1391.jpg,glioma,0,Training,train,b09a4605887ecc2b0ec05ac33a50e975b786d296f7aad08e9cb83c76fda6b577
data/raw/Training/glioma/Tr-gl_1392.jpg,glioma,0,Training,train,0bda2e93f232ca6d64466b4f90492d411f7bc051ae868c85d5e07195ae61682c
data/raw/Training/glioma/Tr-gl_1393.jpg,glioma,0,Training,train,67f00a255eee7527742f68f6f76e8b4ba70de9370acec5b07194326ebbde6ec0
data/raw/Training/glioma/Tr-gl_1395.jpg,glioma,0,Training,train,b97685439fbd5014ebccc801363dca508205aa3242f2c5e8f2e41724916d7013
data/raw/Training/glioma/Tr-gl_1396.jpg,glioma,0,Training,train,ca3951635e8dc4e44fe9dfff5d92f20966b6c46497a83e6410c376736cd9fae6
data/raw/Training/glioma/Tr-gl_1398.jpg,glioma,0,Training,train,e2b835d75860e3b9ba30540246852fb83ec3e455c5915ff90e3de303f0f9bf75
data/raw/Training/glioma/Tr-gl_1399.jpg,glioma,0,Training,train,2874168bbc29cf0ba790d3fdbbc27c5c7a38b9682af47dc97e87186028c4ed80
data/raw/Training/glioma/Tr-gl_14.jpg,glioma,0,Training,train,f9439266502e976c6bf0da5fb6d84ec3d88b266c1ce823f166b1929c578a9f73
data/raw/Training/glioma/Tr-gl_140.jpg,glioma,0,Training,train,2fb65310dcf87022d8237e51c27beb7e4bb8b7054a7058ac1aeb3ce5d7f1a1f1
data/raw/Training/glioma/Tr-gl_1400.jpg,glioma,0,Training,train,5030a81e946453f7763797bfa5fc0f748f40cb6c245a25d25e0fe13608e71567
data/raw/Training/glioma/Tr-gl_142.jpg,glioma,0,Training,train,085cc0807e954c78d1307ac6a94396d3e24d1fe13ba7ec29134f698e9a0d7276
data/raw/Training/glioma/Tr-gl_143.jpg,glioma,0,Training,train,6c92df545be3100048dc470ed373a2666be3a7bebd7a77a9e8be77e43b7ee8e6
data/raw/Training/glioma/Tr-gl_144.jpg,glioma,0,Training,train,eb195f9e65c3e4f93a22b6169774b695c01901f6a1bd5106be6afb9c89181f1a
data/raw/Training/glioma/Tr-gl_145.jpg,glioma,0,Training,train,c2e17c9b89fb6600a973e24e8ccecefa8ee1376053efb05cde5450d73e3f116a
data/raw/Training/glioma/Tr-gl_146.jpg,glioma,0,Training,train,6c3bacbfab25c58337b110d89ec3a1fe1a85b59becb638b8788766ee9eda9326
data/raw/Training/glioma/Tr-gl_149.jpg,glioma,0,Training,train,9f5821761e99d0a7b65a9592ff41efc69b07a6702c16c2f9f4c0b3a3ae5ab2b4
data/raw/Training/glioma/Tr-gl_15.jpg,glioma,0,Training,train,c331d6b816b5139ddb17fff7844598585f226d60da40085789220acbad15a07b
data/raw/Training/glioma/Tr-gl_150.jpg,glioma,0,Training,train,653f82e0d9aa0e0bcd8438f78c61387de4f3e65ca26dbd396d1793e82b291844
data/raw/Training/glioma/Tr-gl_152.jpg,glioma,0,Training,train,4897525488395a2e110c7802c7e980acaf9e1530be1aadd38c7abd4b62093800
data/raw/Training/glioma/Tr-gl_153.jpg,glioma,0,Training,train,e31b77a60b2337c5c53ed8fe0866e52109e720384c5ee49ddbfe4a34cba76b49
data/raw/Training/glioma/Tr-gl_154.jpg,glioma,0,Training,train,acc3cbb4af767cd31abe47ab7fde559c6260947f7e67ba1dbfb4c773581a591f
data/raw/Training/glioma/Tr-gl_155.jpg,glioma,0,Training,train,74bc45f1e1e08c9ecc7c4604918d4ffad8431d59bdd930edd7fcb279e73997ff
data/raw/Training/glioma/Tr-gl_156.jpg,glioma,0,Training,train,718a758868f0328608335bf66c6b8ab1bf418c383c50c16980173dfedfb5e7ba
data/raw/Training/glioma/Tr-gl_157.jpg,glioma,0,Training,train,7c2316baae5764455b2dead2041bcd3edf54743ebca00c1f6cb53bed6ec3ef38
data/raw/Training/glioma/Tr-gl_158.jpg,glioma,0,Training,train,a607ce2f9e06b77e7674fd064d1cfd1649f99c02d97715027b875923c6e6376d
data/raw/Training/glioma/Tr-gl_159.jpg,glioma,0,Training,train,b8ba68d293e8ac29a36a7c4c44152e78d0864f717c30a32244469570f50131c6
data/raw/Training/glioma/Tr-gl_16.jpg,glioma,0,Training,train,6b21291e1de097d2faac1d77b3987e8aa77b517d75a6b66a842279503a9a29c4
data/raw/Training/glioma/Tr-gl_160.jpg,glioma,0,Training,train,aaf2153c1eafb6da5aff403916983c57546d2bd7484073f8c411cebc4cf12bd2
data/raw/Training/glioma/Tr-gl_161.jpg,glioma,0,Training,train,b86a5a9523695e65acb20db8ffa02aa18853fedd71e104b94f2b5e99600c8c36
data/raw/Training/glioma/Tr-gl_162.jpg,glioma,0,Training,train,d29784b94c3f28d0485ea56b7d7c4202569c9cfd85bcb3418eaa67a2da53202b
data/raw/Training/glioma/Tr-gl_163.jpg,glioma,0,Training,train,a774b5b5a088e071ebc34f901c80dadedd6b50ef37981ff3ee367a80e1980f36
data/raw/Training/glioma/Tr-gl_164.jpg,glioma,0,Training,train,a268b0f77ace010d0be7c83adaf010bc8ea2c86e049bcd4279a3661d8fe25e32
data/raw/Training/glioma/Tr-gl_165.jpg,glioma,0,Training,train,5a4c0f57d02df06ad20c53dbddef23853d3c469e85511737c2dcd2a33a266f88
data/raw/Training/glioma/Tr-gl_166.jpg,glioma,0,Training,train,163187ea5f32c97f96cbd45008186e5acd84271366263dfc62964dc82a1e343f
data/raw/Training/glioma/Tr-gl_167.jpg,glioma,0,Training,train,e192b9108ccaf68b8bdeef25be623ecd6dd5ad120ec6416544e4fb7cb25ce0e8
data/raw/Training/glioma/Tr-gl_168.jpg,glioma,0,Training,train,8f50cffd4b7b1e4a2f497dd529c824a7915200babe5a8dc39093f3e4dc87b0e6
data/raw/Training/glioma/Tr-gl_169.jpg,glioma,0,Training,train,f3ba8a27f114fea1b005883154c403cbfa594de26a56f1e5e225c45734ef905f
data/raw/Training/glioma/Tr-gl_170.jpg,glioma,0,Training,train,ed7a64d0dcda41a70825510279c8676c488c73923c741e0c15c34e7957b277e2
data/raw/Training/glioma/Tr-gl_171.jpg,glioma,0,Training,train,f4d377dda73277690a11d546c0a93209f73c1c566a2ca7554fdbc0136c600762
data/raw/Training/glioma/Tr-gl_173.jpg,glioma,0,Training,train,791b84e8a55dd25ff12b0da9a68bc40c7cb80e596bf5f638032b65609444bfba
data/raw/Training/glioma/Tr-gl_174.jpg,glioma,0,Training,train,438eed9a34468badd4c2ff2b54090b0630ae344c4f8a11ed762b437858474a95
data/raw/Training/glioma/Tr-gl_175.jpg,glioma,0,Training,train,efbcc92b705c437393f96ec1761dd5c05d54de7acb441844216308198f3b8cc8
data/raw/Training/glioma/Tr-gl_176.jpg,glioma,0,Training,train,8ebe9b308f61f2360b84374719a1cfc287654fe7f457c30266a7cf7f6d28a147
data/raw/Training/glioma/Tr-gl_177.jpg,glioma,0,Training,train,948a7cf1ebd51f71b4c9abd44c499e6f1e2a74757c8a18a2c498cbcb5d0b8687
data/raw/Training/glioma/Tr-gl_178.jpg,glioma,0,Training,train,8e70e6f612e60bd501e2624c447d05a0583bc474aea53bf6d7859db983c98874
data/raw/Training/glioma/Tr-gl_179.jpg,glioma,0,Training,train,27c1d275c113ab549b096ae567f53009f3378d8531382d68c2b331145428041f
data/raw/Training/glioma/Tr-gl_18.jpg,glioma,0,Training,train,ce54bcf23955da28248f5a873a57cd51f974c5f53f26a4d80377098c9935d7ce
data/raw/Training/glioma/Tr-gl_180.jpg,glioma,0,Training,train,a2cb5cf6c58bdc70d76271d05e1f09382f248f7610c28b5ffd3a0d0428f410ad
data/raw/Training/glioma/Tr-gl_181.jpg,glioma,0,Training,train,95659b27a0ed8c3fdc522d424e6939ad92c91db8ca9dca57e3cb3aed33fc747e
data/raw/Training/glioma/Tr-gl_182.jpg,glioma,0,Training,train,a0f027d8bc0b6c05e8e1d339cbb310fc69d79378b8f79d3fb38aa594f63afebf
data/raw/Training/glioma/Tr-gl_183.jpg,glioma,0,Training,train,1726ea48b61b20e9a6300515db5b630fb538594f60d1082deca9828409459fc5
data/raw/Training/glioma/Tr-gl_184.jpg,glioma,0,Training,train,62f29d07607b6c8221bbf9fd17d5fec83aee75cb78862a81d0f5f2a046900a7d
data/raw/Training/glioma/Tr-gl_185.jpg,glioma,0,Training,train,60248a00bd87d82df7ccda699011f025fb89c9eada4f7ed9378025748dcdb602
data/raw/Training/glioma/Tr-gl_186.jpg,glioma,0,Training,train,e1b904deb80e44aad6e93b74d83a4579ff4d53869b08accd6cf2dd5011a768ca
data/raw/Training/glioma/Tr-gl_188.jpg,glioma,0,Training,train,a69893017c0e939bc9e9b83a928a5d2370e98bd341a188a54928c9c0da170b36
data/raw/Training/glioma/Tr-gl_189.jpg,glioma,0,Training,train,c60cc8aeeca79177c6f0f392c8c47718bba1cc45ce7843aa59254b364f27f434
data/raw/Training/glioma/Tr-gl_19.jpg,glioma,0,Training,train,96009b943197fe0bc7725808dd9cee0438a2e5026e5d808c12bd361bb64f15f1
data/raw/Training/glioma/Tr-gl_190.jpg,glioma,0,Training,train,655d0d7de0a8f2775be9c959619aef947d178e07739e6bda45d2cf8ef22d39a1
data/raw/Training/glioma/Tr-gl_191.jpg,glioma,0,Training,train,b06bb63a2705f1f63a82dd0075d3fa0c409d6ecc24aec691ba86137fa5e31edf
data/raw/Training/glioma/Tr-gl_192.jpg,glioma,0,Training,train,b4cc19608adc2fb982b34912d3ffdeef07e40bae2015d3321c331a1f59a7ad4c
data/raw/Training/glioma/Tr-gl_193.jpg,glioma,0,Training,train,3e9632b9840776b1ffd81cd56b838d9e77313ac0ae0946edfe485d61b2178520
data/raw/Training/glioma/Tr-gl_194.jpg,glioma,0,Training,train,14511cd5b963d3a3a667f449e938cadee3f00e4e7b53be1591f02297010bf42b
data/raw/Training/glioma/Tr-gl_195.jpg,glioma,0,Training,train,0398b2d2c1909034bec55482ce1b4049458e4a1d6bc552eab97294a5549030a6
data/raw/Training/glioma/Tr-gl_197.jpg,glioma,0,Training,train,4afab5c129d0763a852a2a692f08ae921ce0d1f56c1b0810e3f64553b49c711e
data/raw/Training/glioma/Tr-gl_198.jpg,glioma,0,Training,train,1c9cbac16fdfee295e2110d5bb877d96e6c7351a4621e7e421fc1eea4159d414
data/raw/Training/glioma/Tr-gl_199.jpg,glioma,0,Training,train,ea1aeb385b71f0ab30d72801ee351a7d575b24077c75f25277cdd7e1484b568b
data/raw/Training/glioma/Tr-gl_2.jpg,glioma,0,Training,train,65267bc5006f8d0c82b5f78bfa6cd6e65cd61fc2ef09636eb020c08ca49fab68
data/raw/Training/glioma/Tr-gl_200.jpg,glioma,0,Training,train,3d8df559710f4933a6770883065988d357c4a1c7b6d08c8ffbe08f4bd147c8e6
data/raw/Training/glioma/Tr-gl_202.jpg,glioma,0,Training,train,be25fd4116c4e6799dac2a75d5cb8c57a872fbdc55a03411490d54d0133dcf2b
data/raw/Training/glioma/Tr-gl_203.jpg,glioma,0,Training,train,a75b10a72002bc31342c3c0d7d305b82b0d340caa9cdacd4c1c73a541cabed31
data/raw/Training/glioma/Tr-gl_204.jpg,glioma,0,Training,train,c33db1413ff24739eac7fc705b90b65952a3829238e480b96270575739b1806f
data/raw/Training/glioma/Tr-gl_205.jpg,glioma,0,Training,train,01b179180d59fcecce89e0cef642723566a22725b68fe2614112df65086d6fff
data/raw/Training/glioma/Tr-gl_207.jpg,glioma,0,Training,train,786d0b07d39f09675e9f18df8b1d7d113de6f8f2e8adc4028f61e364b96060df
data/raw/Training/glioma/Tr-gl_209.jpg,glioma,0,Training,train,b90ecd085a0a477da778131df57531a11063757a33996830c62ddc605a00ec2f
data/raw/Training/glioma/Tr-gl_210.jpg,glioma,0,Training,train,56a1651adee3f419612feda300596a3fac9ed6a2c7e0bdd015421fe1fcd9114e
data/raw/Training/glioma/Tr-gl_212.jpg,glioma,0,Training,train,f736a19e210c89b0d9609fb9bebf7b565a701fdc5902cba002db95cabefee08b
data/raw/Training/glioma/Tr-gl_214.jpg,glioma,0,Training,train,a8b31d464bd1efc9fb1aa17d15bb119363e5e85e71f738a7e9ad446e73440608
data/raw/Training/glioma/Tr-gl_215.jpg,glioma,0,Training,train,cd2afdb18582efcd0cc17d6da6e99c35b367d2e958f8aa15f89eead9abfc0e98
data/raw/Training/glioma/Tr-gl_217.jpg,glioma,0,Training,train,48b906f7d332fe47ab4015a274026c1b2d310ea4297a1fa86f81057153a7b266
data/raw/Training/glioma/Tr-gl_218.jpg,glioma,0,Training,train,ba98f36e2667b34de3b41a693409bfc1667dabf3da26845bb517c249d610d4aa
data/raw/Training/glioma/Tr-gl_219.jpg,glioma,0,Training,train,5bce7c6781c1807ff5c958b89376dafd50004ef61aa5ed857b4c4e6e3e1820e9
data/raw/Training/glioma/Tr-gl_220.jpg,glioma,0,Training,train,9c6957b8bfd19b01b5374ea31db6415b5edd882e4bb05f7cee6a5b9ef341303a
data/raw/Training/glioma/Tr-gl_221.jpg,glioma,0,Training,train,8bf21259fed8856c34f226a3c53a18366ee3527c8edf0aa8aea5da9bc3db8cc7
data/raw/Training/glioma/Tr-gl_222.jpg,glioma,0,Training,train,77a6eb33bce57cf0b57fde3f2efdb0fc91e15aaaa6e5286c130ec8cd80d6b2a3
data/raw/Training/glioma/Tr-gl_223.jpg,glioma,0,Training,train,8768156d0379415d4226705780f68fdb01f593fe07605d1094f0dcbb2da3b84e
data/raw/Training/glioma/Tr-gl_224.jpg,glioma,0,Training,train,4a64d8b14985fa82b33988d9f94ca9aae2d283c42f99cfe8252847e8aaff2a34
data/raw/Training/glioma/Tr-gl_225.jpg,glioma,0,Training,train,5994ec3a97f9cdce8f154b2157da4ddb248a57f2cf849e4452bb0852d892be9f
data/raw/Training/glioma/Tr-gl_226.jpg,glioma,0,Training,train,d090e82a0ed00681579ebd2d00bd2f1da4924f3ed5c3aec09da15282c5acdbff
data/raw/Training/glioma/Tr-gl_227.jpg,glioma,0,Training,train,10d48f3916646aebe3b9cd699b7537f63640bb5642fea4cfa90c2a65d9856e77
data/raw/Training/glioma/Tr-gl_228.jpg,glioma,0,Training,train,289124b95aa5ab61709e6625927ac810abd9b6a4253b66ce8577684b5dae4327
data/raw/Training/glioma/Tr-gl_229.jpg,glioma,0,Training,train,f1985593087c60d65dc8156cb9ecb7961b04ea3b1005d02add1a4698550d0973
data/raw/Training/glioma/Tr-gl_23.jpg,glioma,0,Training,train,f5713cf0fd1e1935d56a264b6d4e9a3a753d1fbecd00265a71bb1c7c8b0bc1b2
data/raw/Training/glioma/Tr-gl_230.jpg,glioma,0,Training,train,5d0cdf397648a4db3fb5dd82dd41701bf994c5e1f22972dfa7069f033bd53c58
data/raw/Training/glioma/Tr-gl_231.jpg,glioma,0,Training,train,8a5051a89ee412cda0cf711cb2c251c16cf24b49a353f5c273080ae497a8c287
data/raw/Training/glioma/Tr-gl_232.jpg,glioma,0,Training,train,3611cc4774544851300dfb359fbb0d0aefbefee3624e8b6000009bca854ae197
data/raw/Training/glioma/Tr-gl_234.jpg,glioma,0,Training,train,3f2be81791b4ce7568fdd611bb48665a5f76bef7b583894517b805fdf56e1528
data/raw/Training/glioma/Tr-gl_235.jpg,glioma,0,Training,train,efa6cb8d93961598deb3931568d2a946cd18e8240218032eaea0dd1343c016a4
data/raw/Training/glioma/Tr-gl_236.jpg,glioma,0,Training,train,ba0f5b6741023ab1b2db4fd433f084810712c7bd2355e625c7791d1e4fb2fd1e
data/raw/Training/glioma/Tr-gl_237.jpg,glioma,0,Training,train,4743b7c2296bc67268e833de947f57cb29f40ff081f44fb3f55d8a329e20158a
data/raw/Training/glioma/Tr-gl_238.jpg,glioma,0,Training,train,d632933d2a4fdf304c4fd056db8f5b97023f324cba30814ac67fc1634d3aa448
data/raw/Training/glioma/Tr-gl_239.jpg,glioma,0,Training,train,f9dc0760c0147553ab925440132c790cb8f7696b4d67ef1f290c73392fa0a2a2
data/raw/Training/glioma/Tr-gl_24.jpg,glioma,0,Training,train,b3552156c376b5b5ad31c6dd10a56afdf737706d77341f7d95ea18467b54c066
data/raw/Training/glioma/Tr-gl_241.jpg,glioma,0,Training,train,920a89cd74bf89b051c71a16fa6739cbab278256400ac27a28fde13cfa08eaeb
data/raw/Training/glioma/Tr-gl_243.jpg,glioma,0,Training,train,a3803fad7ad126a3ac9419f86cdd142965cce080306fc57e9924111700c5182a
data/raw/Training/glioma/Tr-gl_245.jpg,glioma,0,Training,train,082d43f501d2196fac405be781013360fc4033e4fe342427ea82259bfef3de3c
data/raw/Training/glioma/Tr-gl_247.jpg,glioma,0,Training,train,58084d7d42fa016bce10aac8e63fb2cc9f02f74bf445f6e20b43e624ec0f47b2
data/raw/Training/glioma/Tr-gl_248.jpg,glioma,0,Training,train,f35cd05279c4fa37b8efd728923b162a35be45eefd0b47e2b8f76cf69a55580f
data/raw/Training/glioma/Tr-gl_249.jpg,glioma,0,Training,train,26240cb8fb9aa727a6a77aa162d6323a8c292835f9a05cc6006b191606d229eb
data/raw/Training/glioma/Tr-gl_25.jpg,glioma,0,Training,train,f74633b806c7b1ea21c0760dd955e3ae5e6a58fdeb72ad0d14723bbaa45c2f08
data/raw/Training/glioma/Tr-gl_250.jpg,glioma,0,Training,train,02c81edf48c0a38a53e691eae33f4e580e9b7374687f97a6b866190aac54a798
data/raw/Training/glioma/Tr-gl_251.jpg,glioma,0,Training,train,48cd44beeb8d1047ecf8d8378df20b2e98016b3df24f47531ce37e093a3157a5
data/raw/Training/glioma/Tr-gl_253.jpg,glioma,0,Training,train,7e5c75e753400202c2c07623ca179b26c1a5ad139adbee1288c39603b0bbd417
data/raw/Training/glioma/Tr-gl_254.jpg,glioma,0,Training,train,c991d162e311b262ccdd72da03e74591d2895000f95a4d63e399620106656b68
data/raw/Training/glioma/Tr-gl_255.jpg,glioma,0,Training,train,79c66d2cd83374357381e5435c79dc090d875155990f98a9565da38b066a0175
data/raw/Training/glioma/Tr-gl_256.jpg,glioma,0,Training,train,1c32fb2f7e134c0c8ad3350d7880a1932e38b4930b52db6cb6806ce303ed2df9
data/raw/Training/glioma/Tr-gl_258.jpg,glioma,0,Training,train,945b62e6bde83c9487d13299a3efab643303204f074cb69a8f496a7cbff46bbe
data/raw/Training/glioma/Tr-gl_26.jpg,glioma,0,Training,train,324c5b38d65b9a55db1890eec67c19aaeb12eb44b9f4b7f4687897f0514aeeb4
data/raw/Training/glioma/Tr-gl_260.jpg,glioma,0,Training,train,d662fa5e41a39bf7de8058829dd5678d07043381183588bd9042a8b6059b66e6
data/raw/Training/glioma/Tr-gl_261.jpg,glioma,0,Training,train,b9395b55527e88fbaa70fee7c0f504fffa3d8db8acf26e68b4f840f67267a499
data/raw/Training/glioma/Tr-gl_262.jpg,glioma,0,Training,train,65c45d66f94fea42b0f7995ee16adaa87963a53774e6476f8a0c51f377cef65a
data/raw/Training/glioma/Tr-gl_263.jpg,glioma,0,Training,train,69220183b3c0b29ca43c5a64b2e633917c6153e42d3373da6f03fde91c8fd8d3
data/raw/Training/glioma/Tr-gl_264.jpg,glioma,0,Training,train,b3ec494e72077c55ef5eabb26d4a052768239a68e36d79392b744456aa415093
data/raw/Training/glioma/Tr-gl_265.jpg,glioma,0,Training,train,1e2029b934f803f84f7a027828acc34b4c9407b9029ce394312ac8ec8e6935a4
data/raw/Training/glioma/Tr-gl_266.jpg,glioma,0,Training,train,2446d342eecbe1ba3c5e109f2a559ffe91eb708065a317d34c257bbe959f9597
data/raw/Training/glioma/Tr-gl_269.jpg,glioma,0,Training,train,898155f81204814387ab83810ac4969cd1e80269dcf42832c0d8c1bc446688aa
data/raw/Training/glioma/Tr-gl_27.jpg,glioma,0,Training,train,1691c3f99f6cee704a4c755f0c9fe6bbb104722c6ca189d6397dd5cea3e73003
data/raw/Training/glioma/Tr-gl_270.jpg,glioma,0,Training,train,96bf2e920b080ca43c25bdb0c34a99bcade4b05da0e4a691510ff58f33c7cfd9
data/raw/Training/glioma/Tr-gl_271.jpg,glioma,0,Training,train,0ece1555cd551d4a3786a15df80922b77f00536f706c496cada6168da073e213
data/raw/Training/glioma/Tr-gl_272.jpg,glioma,0,Training,train,504ef33de792c998c3c8d57e8be2f9b9dcac76abc57b843899b74c84f3c58548
data/raw/Training/glioma/Tr-gl_273.jpg,glioma,0,Training,train,01efcabecfbd8b570cde2bb44f8ea7d5f6beea33e81348d6022ca4618c6e6541
data/raw/Training/glioma/Tr-gl_274.jpg,glioma,0,Training,train,6efce48bee0f72350be76ffe183ed28ce3ac046b05746f75ed6348c8c04b2292
data/raw/Training/glioma/Tr-gl_275.jpg,glioma,0,Training,train,a27c0bf4dae25c926d0ed5aae645fe7ceb93a3c33d058d97db182ac50f1f44b1
data/raw/Training/glioma/Tr-gl_276.jpg,glioma,0,Training,train,77c7fb8cbe809e3d786a98e9cd84eeb3bbac562bc85412dc28a28cfb54183080
data/raw/Training/glioma/Tr-gl_277.jpg,glioma,0,Training,train,16348f244eeb5b220ba0a7c8333d01b66cd2b87ce4708775b41488706a40d794
data/raw/Training/glioma/Tr-gl_278.jpg,glioma,0,Training,train,642443b5c46818268b31aa98adfbe04fe9a0bad1fc1dfe54361694c0ead23aec
data/raw/Training/glioma/Tr-gl_279.jpg,glioma,0,Training,train,8faccea0ae179ccebecf47f2c9e31754c97098f232091bea1a94ce8e5a558bdf
data/raw/Training/glioma/Tr-gl_28.jpg,glioma,0,Training,train,6bcea9d04e7d40cd00b1102d3196666e351abb772e4a49ad15c2efe9af0a0102
data/raw/Training/glioma/Tr-gl_280.jpg,glioma,0,Training,train,95d130032a87c5fc769a770a48c368b2182e2b8d64955181c16e603ef0bcf2d2
data/raw/Training/glioma/Tr-gl_281.jpg,glioma,0,Training,train,bc7319f86d26c6da125552af3fd91a9d1ecc80a2d63fb666c7b4fc2134e0424b
data/raw/Training/glioma/Tr-gl_283.jpg,glioma,0,Training,train,9b3cfdbcf1f12464792c53d3814bc07eb3f082ca13c343b28ef1a84c49faeb77
data/raw/Training/glioma/Tr-gl_284.jpg,glioma,0,Training,train,2f9c792a3592c87c01a282a2eb0dd33bfb146566b4500752248a2035208e4c15
data/raw/Training/glioma/Tr-gl_285.jpg,glioma,0,Training,train,7088ac4c83dd5702c3e02d0b8cede2d4008148eb417de6a671fef45e76abc81d
data/raw/Training/glioma/Tr-gl_286.jpg,glioma,0,Training,train,b7acb409409cd85f0194ab7834c4a4f8226195b11b991f1effed9fc9cf45aa14
data/raw/Training/glioma/Tr-gl_287.jpg,glioma,0,Training,train,2bed9402d1831954c53ec65c6c2b97871ab1d4b7ec620f5aea4d62e44961922d
data/raw/Training/glioma/Tr-gl_288.jpg,glioma,0,Training,train,c3b3d0cac8b16892db83d9cacf965b5d601531942a43d53fc8016b4c94c81b29
data/raw/Training/glioma/Tr-gl_289.jpg,glioma,0,Training,train,14eadea0ec4befc4f77b617523693bd0f5dba81ec2b601b918221a9e618dda5c
data/raw/Training/glioma/Tr-gl_29.jpg,glioma,0,Training,train,360c9aa00f9abf0b2005bf5365a8916189dc3cbfd30b340c288a9c9701a81cd5
data/raw/Training/glioma/Tr-gl_290.jpg,glioma,0,Training,train,e120394769c9624cbe47f25d09cbb771e75d7e00390c4a62040e9f569ce242f8
data/raw/Training/glioma/Tr-gl_291.jpg,glioma,0,Training,train,4719eadc879eb38430e74dfc847a319797f38778c81d05231a26460edb856509
data/raw/Training/glioma/Tr-gl_292.jpg,glioma,0,Training,train,a929f29f60cc866bbb7161f78544628c5d5f172f921e8a8832d801301954f9f8
data/raw/Training/glioma/Tr-gl_293.jpg,glioma,0,Training,train,46ef29a1f78801d5383a11d279f9afafaed03dd7718a572f631654e32b644711
data/raw/Training/glioma/Tr-gl_294.jpg,glioma,0,Training,train,ddec9f38857d04a82be39f61a91eba32d99e1c3b9081787158673dd0b03dfa80
data/raw/Training/glioma/Tr-gl_296.jpg,glioma,0,Training,train,25214dc581fbca9524d0db52423bd862a25945164b59d31d6cc1a49617a3c84c
data/raw/Training/glioma/Tr-gl_297.jpg,glioma,0,Training,train,20f46ebad3677a5e46259cf20c68cfb795678db165ac28af110ba6e4edeec82b
data/raw/Training/glioma/Tr-gl_298.jpg,glioma,0,Training,train,89554a7a4b5b8ae1866f03a9aba3ffca589bab2e6fdbb648bafc27fb68895140
data/raw/Training/glioma/Tr-gl_299.jpg,glioma,0,Training,train,7cce6b2c06af70da1bd72c8e08f82b992bd19a2b739464bac6b1ecfe3d02317d
data/raw/Training/glioma/Tr-gl_30.jpg,glioma,0,Training,train,5d6b27b045dfbc3910f879496ccc303fb405b79f6cd312e7a261568f61dad2e6
data/raw/Training/glioma/Tr-gl_300.jpg,glioma,0,Training,train,d859972381050936d458534ceda505f5bb40b2562008f77fdcf3330112c39925
data/raw/Training/glioma/Tr-gl_302.jpg,glioma,0,Training,train,140edbb73dd904fa937c78ab59656e7783ca51bcd9bbda1427d94ba640f324a8
data/raw/Training/glioma/Tr-gl_303.jpg,glioma,0,Training,train,f7d0e742488c6e1bcb1dd20e37ab675fd73eadef4e320df4c56028e1fabc888d
data/raw/Training/glioma/Tr-gl_304.jpg,glioma,0,Training,train,0e4e68db858c99a0e72ec857e186cc5a9677ca48fbfbbcc03591b50ba9dc6d88
data/raw/Training/glioma/Tr-gl_305.jpg,glioma,0,Training,train,927c7674b14bbe9279a179a6af5ef166f9db165697e1ce0980918b815792067a
data/raw/Training/glioma/Tr-gl_306.jpg,glioma,0,Training,train,c94ea7a6c46e62bcd4200c47aa4b9f90542cafb888e2f65a875b9e52651b67b0
data/raw/Training/glioma/Tr-gl_307.jpg,glioma,0,Training,train,5e1feb19eb0b8a892669129944731891f76417802e86aef7600c5455b77e7302
data/raw/Training/glioma/Tr-gl_309.jpg,glioma,0,Training,train,9fa9ed2dd4a84b7f44c3ba4d0d92f2f06af7744d835bd59fd064a0d312b08d29
data/raw/Training/glioma/Tr-gl_31.jpg,glioma,0,Training,train,547212ee69eefa34d51951f465517ead1a2d56e4fbbe9f5c1f687c9bd2ee21f3
data/raw/Training/glioma/Tr-gl_310.jpg,glioma,0,Training,train,63835ecfd236e68492c6f4d56653895939a43f74d0e0916b3d1e9968b7a3f869
data/raw/Training/glioma/Tr-gl_311.jpg,glioma,0,Training,train,53018cfd4bc27a33b3cf5575f2c4189590058389fd41449cfc0c8d427125f3ff
data/raw/Training/glioma/Tr-gl_312.jpg,glioma,0,Training,train,f07d5a9e4c17ba97b25383a5774b27c9a52a6addcdfa7c6d3bb3e78f6cbb6f81
data/raw/Training/glioma/Tr-gl_315.jpg,glioma,0,Training,train,b0ce980808ccd0998dcd201dcc847e89396256d023ba6948b2de712b5bb94e75
data/raw/Training/glioma/Tr-gl_316.jpg,glioma,0,Training,train,3e007478f6f85a9b96ce4947f7619452035901cede73c7f2a52b543ad764a609
data/raw/Training/glioma/Tr-gl_317.jpg,glioma,0,Training,train,f33f77f448ae8d89692e24d11d6b70bf1dfe63c014b991abcc27551dc8b3a9ac
data/raw/Training/glioma/Tr-gl_318.jpg,glioma,0,Training,train,dc7ad845c85b5645c3482077a16615cac98a858e878f59217baef886f063bca6
data/raw/Training/glioma/Tr-gl_319.jpg,glioma,0,Training,train,981e8053797f14ae5a24515de334505ac43f40c210e7ee193c021293291373f0
data/raw/Training/glioma/Tr-gl_32.jpg,glioma,0,Training,train,a405aa6b25e47ebd64a1ec1346ec42dc140aa20f6f640107ae8f2885f28a52cf
data/raw/Training/glioma/Tr-gl_320.jpg,glioma,0,Training,train,ac5a25521668bf49b5411893cb6538287e1d511a01c40c21372e5583688696cb
data/raw/Training/glioma/Tr-gl_321.jpg,glioma,0,Training,train,887576a257a64813909dce7f0e676834f7b7b877af008275ae4695e8dc344a91
data/raw/Training/glioma/Tr-gl_322.jpg,glioma,0,Training,train,0c0a5a5adef4b837157f2343449dba15fc4ac204d71d55b98ffdfd9e77209a85
data/raw/Training/glioma/Tr-gl_323.jpg,glioma,0,Training,train,9ad73da92890301f2fc3b7c4f6f28123f5cc880a58772b4b69d8fda391181acd
data/raw/Training/glioma/Tr-gl_324.jpg,glioma,0,Training,train,5af5b36450175af1b0747965c05861a7d06296cbe7ed51eacaba0e7222c6082c
data/raw/Training/glioma/Tr-gl_325.jpg,glioma,0,Training,train,8e882a775f1f207dbd6073503f38e5bc5803b9edbeb3d6cf066fc746f2fea57a
data/raw/Training/glioma/Tr-gl_328.jpg,glioma,0,Training,train,d0cdf1eb46024aea340fcfe0070d95288c90c9d1f4de2b51e0ebc5265a6d0bda
data/raw/Training/glioma/Tr-gl_329.jpg,glioma,0,Training,train,37c469ea1fd68d5d7bd1896dc7612d442c42a3201592aac07c40a68ca54c6c5f
data/raw/Training/glioma/Tr-gl_33.jpg,glioma,0,Training,train,c456ec1984d3094468962ce2ed5359de0a40bfca809c36ed6b78911664a93eea
data/raw/Training/glioma/Tr-gl_330.jpg,glioma,0,Training,train,b4fae5c17f9adf0a9bf2613ddbb8cb048d1e33387bff59c5cd4ec1b64feada49
data/raw/Training/glioma/Tr-gl_331.jpg,glioma,0,Training,train,adab6eacc6092ae6e9927843da69fdc6ae3189fbb9f8ef00e7d1b42147af7191
data/raw/Training/glioma/Tr-gl_333.jpg,glioma,0,Training,train,293e51dc9220322c6312c60c097c28fdbf6eec6d5405c8e26f5fa37434b16a0b
data/raw/Training/glioma/Tr-gl_335.jpg,glioma,0,Training,train,814414da945218f00c78d0e52bdb811718e77c227d90b75a69e0b0612d6a87e2
data/raw/Training/glioma/Tr-gl_336.jpg,glioma,0,Training,train,bcdc28dabb2574a4372551c1cd1ff51ae5ec74718213cb9de78ce919eaf532ec
data/raw/Training/glioma/Tr-gl_337.jpg,glioma,0,Training,train,f6de88d561e61d64730b496f85ff25ad44dbdac345bba42e7ed104af26df1bba
data/raw/Training/glioma/Tr-gl_339.jpg,glioma,0,Training,train,752b187fe84156c44d2db5b59c5d20313fbc84fd9ac529072480b3555d70b55b
data/raw/Training/glioma/Tr-gl_340.jpg,glioma,0,Training,train,095812e701d5aa1adfd1f679c6702b00ec00c9dd75522e9eb8be37f5fb9caf64
data/raw/Training/glioma/Tr-gl_341.jpg,glioma,0,Training,train,05c352e583db572fa95b1ecdabf0df7a42b6dfc60aebd6e88b2d40841980e2cc
data/raw/Training/glioma/Tr-gl_342.jpg,glioma,0,Training,train,72414ce262702588788eae69b41e592a142ef836303d00946e54c63b3e6e84ef
data/raw/Training/glioma/Tr-gl_343.jpg,glioma,0,Training,train,5d52e3276bdc6e23566dc727aaeb20af28aa3c9718d6be6081452bd796cd0088
data/raw/Training/glioma/Tr-gl_344.jpg,glioma,0,Training,train,d4d71f8644b39a0d6965aa5f231cca2c7b5c27044f99f784a692acbb45b7c2f4
data/raw/Training/glioma/Tr-gl_345.jpg,glioma,0,Training,train,10892fbb038f7abe88f1baa52dfe33dde9c37f4e3b39bb68bc896963cc901350
data/raw/Training/glioma/Tr-gl_346.jpg,glioma,0,Training,train,5a18055bb1284fa39d3a404deb812585f539e2f659bf637d92b8af4be5a85a17
data/raw/Training/glioma/Tr-gl_347.jpg,glioma,0,Training,train,911d3626b8a05a725fa6978fe84a020a04115e848bcf3cb3e6a267a85467298b
data/raw/Training/glioma/Tr-gl_349.jpg,glioma,0,Training,train,f3bb311e7c4bb45381d5aa9b826c9fb02f004599daba97e96b751dba854685f7
data/raw/Training/glioma/Tr-gl_35.jpg,glioma,0,Training,train,d93691c7255397bf5e06570fc8567c186fdc840d02ec092eeffa791281eace17
data/raw/Training/glioma/Tr-gl_350.jpg,glioma,0,Training,train,3c6d0a1251189228550a435f2700daa8cbd3806b1b7d1f2eb5b2670f45eaa317
data/raw/Training/glioma/Tr-gl_352.jpg,glioma,0,Training,train,b9b2089199e0e545afcaefc936f2ea23b6f42d082d12de2b52cb2d5669f76ae9
data/raw/Training/glioma/Tr-gl_353.jpg,glioma,0,Training,train,b836d8ef866057d6cf17adfeb1cab7b779735614007013b42bfa18382a6d1e49
data/raw/Training/glioma/Tr-gl_354.jpg,glioma,0,Training,train,61d6fb122f0cd68d9e2b3a7b360f0d522112457520f06761a5099f8c3046841d
data/raw/Training/glioma/Tr-gl_355.jpg,glioma,0,Training,train,b03ad833a77b107b620822bd93dfc13720feb8fd1394db2b5b64cf8de07c298e
data/raw/Training/glioma/Tr-gl_356.jpg,glioma,0,Training,train,49db3062f9c8cfcbf94e83f4a8ebe73f29dfb91289bd1665d470b440527f29b0
data/raw/Training/glioma/Tr-gl_357.jpg,glioma,0,Training,train,504737ea95f3b3603fd201fff99a71849d96abbd9986799ca21cae8cb07f163c
data/raw/Training/glioma/Tr-gl_358.jpg,glioma,0,Training,train,7735d17a4d5f88e79a26d296dd7417c90d9c0b81cee212cf0df855aeb63fb44d
data/raw/Training/glioma/Tr-gl_359.jpg,glioma,0,Training,train,b3e2682cd5ec24c8d12508f037ecc5b746d00a394d355e293d1d1c83a08fccb2
data/raw/Training/glioma/Tr-gl_360.jpg,glioma,0,Training,train,c384b3a255b5ada9f8e45c230745f26058ac0b3ce397876d09579797af6ccef4
data/raw/Training/glioma/Tr-gl_361.jpg,glioma,0,Training,train,90551aa3ecdd39de63e7e0bd299a90ab0f8d542e5b69e57b129cd1742999efa3
data/raw/Training/glioma/Tr-gl_362.jpg,glioma,0,Training,train,00398b9feaeedd71e9bed9f9aa5d6abd644d54ac527d86ac95bbb5be8188ef49
data/raw/Training/glioma/Tr-gl_363.jpg,glioma,0,Training,train,97aa95074633165251aad0add42c8c7138919cc5c45b918828f16e3fd5856458
data/raw/Training/glioma/Tr-gl_364.jpg,glioma,0,Training,train,375c3fb1f729f59cd2fe8eed4ba4766513ae74e9b754f5758050c3d464515f35
data/raw/Training/glioma/Tr-gl_365.jpg,glioma,0,Training,train,e0c964d5ad77c3f75eb8819e798bddcf6b39e3179696f8042f26a299e35fecc5
data/raw/Training/glioma/Tr-gl_366.jpg,glioma,0,Training,train,4c4a3992a1aac1cccdb128acfb694af23fbdf3a1e873d8d140cb120ff3555c48
data/raw/Training/glioma/Tr-gl_367.jpg,glioma,0,Training,train,d28c13b9666d467bc75fb28464cff5a741da2502831878edc613123f4372ce98
data/raw/Training/glioma/Tr-gl_368.jpg,glioma,0,Training,train,7c46092f2a86492b4d0573b9b6a41e8ad50ab4a791a375a4ed436e66521cfd51
data/raw/Training/glioma/Tr-gl_370.jpg,glioma,0,Training,train,4772f5ef60724b24e4dc2251a9969159601e68019876552db3497b125b45ae30
data/raw/Training/glioma/Tr-gl_371.jpg,glioma,0,Training,train,003c315a304e6410f298abbcae5556e62e83f477f4b05e4682b379091ab8226e
data/raw/Training/glioma/Tr-gl_372.jpg,glioma,0,Training,train,ac3b3560e26fad13cd07739dd8c875584f9a68901f7340710818275420f05334
data/raw/Training/glioma/Tr-gl_373.jpg,glioma,0,Training,train,eef45c9d6471fce958e9c91a487a844b6bf83acf60dc247c66f6d06f2a0bb77f
data/raw/Training/glioma/Tr-gl_374.jpg,glioma,0,Training,train,1c315ae264171666a9693f33794d3766f5dd4cba3d2a157d14db024a43901432
data/raw/Training/glioma/Tr-gl_376.jpg,glioma,0,Training,train,bad6a2e7e8d255102b4ffe38b0d787136177c4611f22516fb77acc47ae68cb7b
data/raw/Training/glioma/Tr-gl_377.jpg,glioma,0,Training,train,79f97095d65881c61646194067fee5251af85f552c5f8cc1e0925e3e28745b99
data/raw/Training/glioma/Tr-gl_378.jpg,glioma,0,Training,train,6ded8eca78f93a7a4d354da6b7e06e9b944c5ff94b0cfd347ec25fa24fdd4cb9
data/raw/Training/glioma/Tr-gl_379.jpg,glioma,0,Training,train,c8ac1686b30a537ace0dbb3d1e6368ac59733bdb478d2b88731afd3ab208a355
data/raw/Training/glioma/Tr-gl_38.jpg,glioma,0,Training,train,8da57faffc59dcce7604b2123227c787e790c6b09c916ff6eaf5afa94173e86a
data/raw/Training/glioma/Tr-gl_380.jpg,glioma,0,Training,train,194bb174be118972591a1431defce2b23a24db8caa0afbd6353e3f5726c2b224
data/raw/Training/glioma/Tr-gl_381.jpg,glioma,0,Training,train,d90903f2d478f7ff8c05e17918dd1628d422f9622454446bf4728f65d54d5e3d
data/raw/Training/glioma/Tr-gl_382.jpg,glioma,0,Training,train,31fb088da52ec17c019a9ab80dc166d9a6d13fce84294856261e0ef123fac324
data/raw/Training/glioma/Tr-gl_383.jpg,glioma,0,Training,train,c8e9aead974cf2b0ae6248315d51999cfd674da86c926152f77d214a67114954
data/raw/Training/glioma/Tr-gl_385.jpg,glioma,0,Training,train,529b71783a1ed30fc10fe95bb7270eb9d99eec04cd120e49aba2470ebb1c9e8c
data/raw/Training/glioma/Tr-gl_387.jpg,glioma,0,Training,train,594f8b2ba206e9eb5282108aabc9db6d66be1e26b008b6803fa5b401610d0f9a
data/raw/Training/glioma/Tr-gl_389.jpg,glioma,0,Training,train,4ae1e30456f43bfe9c8c1a0be4b1d2270e347bb0c27f1362b233867b1af86c25
data/raw/Training/glioma/Tr-gl_39.jpg,glioma,0,Training,train,d2104afbac4c24475bf3067fdebc0cde603960e30a7e5ae617306185d576eb16
data/raw/Training/glioma/Tr-gl_390.jpg,glioma,0,Training,train,80a0633f0ad3c7f214ec68e21debb0fe4608565cbb993a2fa0c0f27055edbae2
data/raw/Training/glioma/Tr-gl_391.jpg,glioma,0,Training,train,2884437a7c66127c27d8621b4f715b3bcc5ee708a4c9b262b91776ce3a26bc50
data/raw/Training/glioma/Tr-gl_392.jpg,glioma,0,Training,train,2d693859ed345ffacbb7d4af5769859ffddbe644ac2911fd1d3a17cd43c2af0d
data/raw/Training/glioma/Tr-gl_393.jpg,glioma,0,Training,train,a1e9902f62d704c15332145bb4aba9d74b72e4562a1aaa9b00d807127d53647d
data/raw/Training/glioma/Tr-gl_394.jpg,glioma,0,Training,train,fe8083930a0b74edd46bf77d7d9cdb6fcf4f4fe61a2c3bfc4ae8ea9476a9e157
data/raw/Training/glioma/Tr-gl_395.jpg,glioma,0,Training,train,14523d904c4713e261bc748284b21e725dc98676ebc0507d879c4bfbd4ee6f53
data/raw/Training/glioma/Tr-gl_396.jpg,glioma,0,Training,train,146c695c2c24d20753fd232b93018b5b43fffadcedb35deaf5c7392e260fa846
data/raw/Training/glioma/Tr-gl_397.jpg,glioma,0,Training,train,e0f41ba8781792d5929faa044f05bb00f744a1a457030c7ed39bd1c882d6efa9
data/raw/Training/glioma/Tr-gl_398.jpg,glioma,0,Training,train,2fc2fea88b060836ea65fd11fc88d3bc0211b6dea12ba358a12b3420bf5601bc
data/raw/Training/glioma/Tr-gl_40.jpg,glioma,0,Training,train,3033d7eefcf473a85c5e9392790cdfe047cc3538726156b7144dd486947bd808
data/raw/Training/glioma/Tr-gl_400.jpg,glioma,0,Training,train,e5053db6cb8383c58f2cd3717a6d92417b7b2d70acaa121a4e3b8fb79375f79c
data/raw/Training/glioma/Tr-gl_401.jpg,glioma,0,Training,train,3e20174c863f82d6d18e3a11f1b4926985c33fa1731a8f3b342007a1a799ef2b
data/raw/Training/glioma/Tr-gl_404.jpg,glioma,0,Training,train,bc6c65d0d2a8b6abaf2b0dbab2f06d338bafea4743fb38181c28c41974e17e54
data/raw/Training/glioma/Tr-gl_405.jpg,glioma,0,Training,train,bd9e2dd3904b073d55257704ca62488521a48a72cf0b8e85fc9229b28fc0ddcf
data/raw/Training/glioma/Tr-gl_407.jpg,glioma,0,Training,train,4a712076f2450c26a628f2c6dc9745a76205cbea10aa36288771a6b335a5b036
data/raw/Training/glioma/Tr-gl_408.jpg,glioma,0,Training,train,8b8b90c17296fe1e34cd48e89ed5e286fea8303cb642b5dba9cf3ea0b57e4717
data/raw/Training/glioma/Tr-gl_409.jpg,glioma,0,Training,train,4d4b0731c47ddd4584b3bbfc6832c62572376293f2ef7ce0ef26c019cdc474bc
data/raw/Training/glioma/Tr-gl_41.jpg,glioma,0,Training,train,6a3ed69b6a3ead5445d8fab81c81bf11a956773f470cd06dad7b29b890374a9d
data/raw/Training/glioma/Tr-gl_410.jpg,glioma,0,Training,train,4d0fc86b7c2d1c5f208243760b6b346452fa3f0364e221a298e64ac342848fe1
data/raw/Training/glioma/Tr-gl_411.jpg,glioma,0,Training,train,ad4875edbea142bbc8f58b3ec23a7e59e94b8bb883878d554b0e3a7162de7cb0
data/raw/Training/glioma/Tr-gl_412.jpg,glioma,0,Training,train,61f0c9740571f6a37655f33169abc08951cc2eae20b23731c4aefdd50c1b379d
data/raw/Training/glioma/Tr-gl_413.jpg,glioma,0,Training,train,bbc691f03626ac90dd82a9836987b3f26a55216ca7cb8f52fe0d28fa41f9dd79
data/raw/Training/glioma/Tr-gl_414.jpg,glioma,0,Training,train,f54205647aa37f0362d44e0eeec99589ae01037820c1ff9af4ff958e7b6e7057
data/raw/Training/glioma/Tr-gl_415.jpg,glioma,0,Training,train,4c3944be41cc52aeb9af7fe8a7dd432eb3364dbb08272d23be6d4fa30dd27920
data/raw/Training/glioma/Tr-gl_416.jpg,glioma,0,Training,train,e44e455d0ccbc9af6feaae5e0f44d2f45cb480a5174d66a13f491464fdd3b3d8
data/raw/Training/glioma/Tr-gl_417.jpg,glioma,0,Training,train,6a3769a0d08cce970c56d5a03f747f7fd70bbcc73e660a2adfd7a10bcde805a8
data/raw/Training/glioma/Tr-gl_418.jpg,glioma,0,Training,train,42a092ba18aa277571a80e6426381a69e1e7670b7d94ac14b259116080281a53
data/raw/Training/glioma/Tr-gl_419.jpg,glioma,0,Training,train,a7cede9f7fc9eb3716b461e693adfecbb908236f4fa12c5337bcf6a3c67641f1
data/raw/Training/glioma/Tr-gl_420.jpg,glioma,0,Training,train,37914bc658c50ba2ca1ae4f1a57a8ee9421edcd49159dba28d60212abd3a229b
data/raw/Training/glioma/Tr-gl_421.jpg,glioma,0,Training,train,993b656d3fbe67ad19924908fedd4daa21aa2e97319b8931a10cee8f3d8fdee5
data/raw/Training/glioma/Tr-gl_423.jpg,glioma,0,Training,train,b6e2fb25f4b7058909e2c31d14e7841f584477409c5ed7f6e6f38a6b6cb8343a
data/raw/Training/glioma/Tr-gl_426.jpg,glioma,0,Training,train,9a1f6327df468c519e1051539fc7b5da8fb3fff0d30198c2fe30133f2d1800bb
data/raw/Training/glioma/Tr-gl_427.jpg,glioma,0,Training,train,0ecd430b6445f0a0f1fef6381a9087109ddef284169c40ad87021c1b3ce0b8e8
data/raw/Training/glioma/Tr-gl_428.jpg,glioma,0,Training,train,39c3b219fb052fb9ba996defa55327ad5de9af573915aaa10b5843f28936c02e
data/raw/Training/glioma/Tr-gl_429.jpg,glioma,0,Training,train,6afa32ba6a1ef582cc869d8cae9a582ec8ccdde307ce923a7bee83f705a9d235
data/raw/Training/glioma/Tr-gl_43.jpg,glioma,0,Training,train,0f6c943e8dc0d5f06ed41c49380786f1bb18a26551bdcf29e23d55af41eb870c
data/raw/Training/glioma/Tr-gl_430.jpg,glioma,0,Training,train,72d1733ec5078517d2c294c4a8120df155d0309955ae52c0b0aa56213bf0a882
data/raw/Training/glioma/Tr-gl_431.jpg,glioma,0,Training,train,fb8d554dd70d8a0a9a0e290dc5acff1f52982cd37784c4ed5d32b0cffd2cd0de
data/raw/Training/glioma/Tr-gl_432.jpg,glioma,0,Training,train,2dc68dec9209b4528258d3b13ac6346c91dff9c7545934b5b0d3e61cc1e9acdd
data/raw/Training/glioma/Tr-gl_433.jpg,glioma,0,Training,train,54adeaab155f8d354d91a7212ade47d72706aa1f3bc8f5a40e09ee5c59d54f10
data/raw/Training/glioma/Tr-gl_434.jpg,glioma,0,Training,train,5f9fbf001db65a473d3047e5e0228f4a4009b4f421b2fe9ca7b6fe386621b88c
data/raw/Training/glioma/Tr-gl_436.jpg,glioma,0,Training,train,91c077d20b2a5ed36762a3993a709688ff46730a9e8b364e05e9a1160a3fb5f7
data/raw/Training/glioma/Tr-gl_437.jpg,glioma,0,Training,train,8e89f1ebf123360b76c3c9ab6c9293960879f5a05aff2e5dd8d0c07ef2b95e24
data/raw/Training/glioma/Tr-gl_438.jpg,glioma,0,Training,train,5ad800457e7500890f28bc883be7f50ba277d53b32227281c873618119c60de4
data/raw/Training/glioma/Tr-gl_439.jpg,glioma,0,Training,train,69b00dbc4255768eb94f4e5db192e47aeede1e5cecb7314832057be44e61442f
data/raw/Training/glioma/Tr-gl_441.jpg,glioma,0,Training,train,b48cc5df93f076cb424504219faa5683ecb7538f0e8af0b331f0aa2e04f24ac0
data/raw/Training/glioma/Tr-gl_442.jpg,glioma,0,Training,train,a4c5bb886c3cfa9c19100e963c3df3db233a809e2705b39892b0a13b59b01a04
data/raw/Training/glioma/Tr-gl_444.jpg,glioma,0,Training,train,319573b2b7dabf0b32047cbf732c71320afe5689a54d6ba13609b44870db1cdb
data/raw/Training/glioma/Tr-gl_446.jpg,glioma,0,Training,train,7e5a8bc5f4737b1aed15e019c7aa6cbfa781fdb4ae512637fb5e919567ff575b
data/raw/Training/glioma/Tr-gl_448.jpg,glioma,0,Training,train,80882336cbcee87273f0092823a3f38023ec7264ea986c0dcef324fd39ba4c0f
data/raw/Training/glioma/Tr-gl_449.jpg,glioma,0,Training,train,c720b9646ef07baf1aa53af76e20607b129bf61a310e836cc6508541deda32a6
data/raw/Training/glioma/Tr-gl_45.jpg,glioma,0,Training,train,010c57403f89a5c449e1a970875f435b9f2106cf8e8bcef3118849daa4b92cf3
data/raw/Training/glioma/Tr-gl_450.jpg,glioma,0,Training,train,d68402b87b9ec58d8a2c0cbd2beb7dcdccb50ae47e6dd6fe61d04fb51d7d68cf
data/raw/Training/glioma/Tr-gl_452.jpg,glioma,0,Training,train,fb624f892c3c2882668fb019f0b91897dc7c7b685f03767e3faed42d32a32b0c
data/raw/Training/glioma/Tr-gl_453.jpg,glioma,0,Training,train,6384ad4c5b46750bf5c869d97b4e73fa1f2a5cf79ace95de7fea1e427269e68c
data/raw/Training/glioma/Tr-gl_454.jpg,glioma,0,Training,train,f34968b7bd727c74d2d2bb4079d4a3c6926bf7c8a2ff51f34dbc9a8412a6c4ed
data/raw/Training/glioma/Tr-gl_456.jpg,glioma,0,Training,train,08527c8ec2f1990f550ec9b2b91e4f8ca80f386cbab0511249461d47bd7277d0
data/raw/Training/glioma/Tr-gl_458.jpg,glioma,0,Training,train,ec3c2b7662ca5ea01ed863964712d3ce1ce1152e01c0868d4fdd92589f7df36c
data/raw/Training/glioma/Tr-gl_46.jpg,glioma,0,Training,train,d488033d88fe4406a3a8a014e1b09b24432745a789a980f21935dd17860d27f3
data/raw/Training/glioma/Tr-gl_460.jpg,glioma,0,Training,train,834f9c41d466125e631b63fb1696eddd424abab5e6334a03c1fd34b9e35f32ea
data/raw/Training/glioma/Tr-gl_461.jpg,glioma,0,Training,train,b07e49b8836e8203a7ab3331fcb1e32afabb32d01859455eae38c6bec6cf79a1
data/raw/Training/glioma/Tr-gl_462.jpg,glioma,0,Training,train,3f31167607d9842205d9f0577d727616185586866bd42b97e3eba120277737dc
data/raw/Training/glioma/Tr-gl_463.jpg,glioma,0,Training,train,a5ca10c85461cc7a98eb087eb614a0064585e72a412d38bf7fc3c140b4ac6c55
data/raw/Training/glioma/Tr-gl_464.jpg,glioma,0,Training,train,590bd63b745bcd14ad8d924ffd5fd7e82a6e0f94e1e95eafc6248d0e2f00dc44
data/raw/Training/glioma/Tr-gl_465.jpg,glioma,0,Training,train,fef5e504b65317ce5fa04a8c71602eff87096a726c9f2b43ac226afbb65caae1
data/raw/Training/glioma/Tr-gl_466.jpg,glioma,0,Training,train,a4b4a69e7d0885811e99b7ec0aa9aee7b73e217ad33dbcb19270fbc258bf38a9
data/raw/Training/glioma/Tr-gl_467.jpg,glioma,0,Training,train,b72caaa0d0630659e6a76956033b1fc58eea931819726c3c57b8c531b9b4ccc2
data/raw/Training/glioma/Tr-gl_468.jpg,glioma,0,Training,train,76fc49720429ab09f9f123e5fbb95909491295bad8c29555632a49129b51294f
data/raw/Training/glioma/Tr-gl_469.jpg,glioma,0,Training,train,e2bf8d557bf4edf241754302e52daa44167cffa7d9edf9aa9645972fb309aee5
data/raw/Training/glioma/Tr-gl_47.jpg,glioma,0,Training,train,b537c73a8f1fc8ae67c4f5ecc18494c84c9a1ef7b8f9b2ea65dde9a219515055
data/raw/Training/glioma/Tr-gl_470.jpg,glioma,0,Training,train,627d65ac8f9824322a31ab3421b10f8556f871adb3aead80242fbda964a49171
data/raw/Training/glioma/Tr-gl_471.jpg,glioma,0,Training,train,db90e18409d0c88c6db4b0ce718acf98a8c87db37f8f8992267555ce2cf634fd
data/raw/Training/glioma/Tr-gl_472.jpg,glioma,0,Training,train,fc23dc76fddb19c6a30125526e0c94807291a94d142aeb8f1be461020105214d
data/raw/Training/glioma/Tr-gl_473.jpg,glioma,0,Training,train,b28ebe80454818c55fc8568b7e4e0e66800e7c84f0564635d431385542a5105b
data/raw/Training/glioma/Tr-gl_474.jpg,glioma,0,Training,train,0c6246144e99f01a85d9bd26cae11ac1f419d2005e1d36ce758f144813402b8c
data/raw/Training/glioma/Tr-gl_476.jpg,glioma,0,Training,train,bbed35264d4e7020dc0245db45bd76b20a80784edcd243f28a32698712353db4
data/raw/Training/glioma/Tr-gl_478.jpg,glioma,0,Training,train,a2e134fe6aa71dd3f59d349269d123ad899832eec834f5a7d7a7b34fc79cf54a
data/raw/Training/glioma/Tr-gl_48.jpg,glioma,0,Training,train,86c886be811d610b2e9d9ff2fee6ba367bc89587606f8bef71c51f466bdd4c4c
data/raw/Training/glioma/Tr-gl_480.jpg,glioma,0,Training,train,b31f87726426fc8463d5c268dc80c3c424acd5c7005f2ef4542d290c433cf2c3
data/raw/Training/glioma/Tr-gl_481.jpg,glioma,0,Training,train,43e6232c360aabfa563e128bf0127bcebe0f4dc9c0896e9881a2856f77ac51d7
data/raw/Training/glioma/Tr-gl_482.jpg,glioma,0,Training,train,f913107f0dae60b2d4c2fddb4a3521e82535e294a8d8b1c723ef7bf95d91bc88
data/raw/Training/glioma/Tr-gl_483.jpg,glioma,0,Training,train,db35e954fa069eaf5b4320067263e445d926e00871ae9c518d4c0ebb7c18b05b
data/raw/Training/glioma/Tr-gl_485.jpg,glioma,0,Training,train,bc00f5fd2e837431ce5ea7f83f9de6e277caa9d1749280d0d58a7c1988b169ec
data/raw/Training/glioma/Tr-gl_486.jpg,glioma,0,Training,train,5ca71aa88abd89721f64e3107ebe5e047553ebf2bc3f06f0de1b7ec09c5f8602
data/raw/Training/glioma/Tr-gl_488.jpg,glioma,0,Training,train,8788d2cecc794306d48647a8fca54dc470418e1bbb0bee635ff07f1cb9b0185c
data/raw/Training/glioma/Tr-gl_489.jpg,glioma,0,Training,train,55d57d67623663339f96085b99d1a3b9494d881227874e4abfab0fc157b10488
data/raw/Training/glioma/Tr-gl_49.jpg,glioma,0,Training,train,7f5c2b3e60ea76c5fd35ce9a2ec57f3d9b16fe1d34be300fec44ffa23c2185be
data/raw/Training/glioma/Tr-gl_490.jpg,glioma,0,Training,train,3748bf0293acec938db33339730aeb49e60dea95842923bef74e03543c98c26c
data/raw/Training/glioma/Tr-gl_491.jpg,glioma,0,Training,train,eb46bea9be19adffb5918a8670dfe66ad6b5e03686639aebf054c947ed1cd63c
data/raw/Training/glioma/Tr-gl_492.jpg,glioma,0,Training,train,7e03bee87d7f710422c36233a9775195412bfdc7bc6979f71ce40eac236af9f9
data/raw/Training/glioma/Tr-gl_493.jpg,glioma,0,Training,train,f0316d06f2256284b4915250cce84f1dcf53bce6a6be70b19e2a0c432320ce8f
data/raw/Training/glioma/Tr-gl_494.jpg,glioma,0,Training,train,7c3df8a98ef51f9afa4bcad4d8bb7b9830f9e982207f0b7c2d2001ca2bd10cb0
data/raw/Training/glioma/Tr-gl_495.jpg,glioma,0,Training,train,2fa10c2ffc8e0cc26883ea3ecab186269601b878eb227a5e448250f6a8e14039
data/raw/Training/glioma/Tr-gl_496.jpg,glioma,0,Training,train,65e290c1b7c8d6da174252f0f34779c2d0a54939cdd0c9b5ea60fce8a66fc26f
data/raw/Training/glioma/Tr-gl_499.jpg,glioma,0,Training,train,818f23e069223b0029ee87098c1b0f5eb353d2b8e7a0b2b7fc51a4c6323c53ad
data/raw/Training/glioma/Tr-gl_5.jpg,glioma,0,Training,train,186a03fa094335cef1ce9531eabefb65936e4aa885916526b0c2e0116f812c8d
data/raw/Training/glioma/Tr-gl_50.jpg,glioma,0,Training,train,c0ad6d0de9c701f8d1935d68337d7787eb488cf6eee06e5af6f0612d9d8a0bd5
data/raw/Training/glioma/Tr-gl_500.jpg,glioma,0,Training,train,e5d66a5171060df3abe0bc0cfb91d29e627d2214d85d9edbff9052a50aa4e6e8
data/raw/Training/glioma/Tr-gl_501.jpg,glioma,0,Training,train,991d36b61a21e7129f58996d40ef5034d6ffbe2a80e7b90a388cfba382d1817d
data/raw/Training/glioma/Tr-gl_502.jpg,glioma,0,Training,train,ee80b128c5ce5d2e8816affc01cd29fa2661e989e236b2507b6e5bf4f55d34d0
data/raw/Training/glioma/Tr-gl_503.jpg,glioma,0,Training,train,b64dc2d55d37c2bb6b27d38b2b42a15d65c9e1e13b85a5a319202b9abe5b3bb9
data/raw/Training/glioma/Tr-gl_505.jpg,glioma,0,Training,train,8beaee7bf2d9b76a4a4f05a2445c3dcf07fc3efe93dda88eb2ee626728b8baec
data/raw/Training/glioma/Tr-gl_506.jpg,glioma,0,Training,train,794fc2af7e7140234801054d9c867464701ea7f9d9cb7a4e74a0788981a7c15b
data/raw/Training/glioma/Tr-gl_507.jpg,glioma,0,Training,train,0682b355743b11e6b4ba14873b0d8aac2977a52ded346896a0d8574f1c1521a5
data/raw/Training/glioma/Tr-gl_508.jpg,glioma,0,Training,train,cc72bdbe5b14b0ec86d1b240a5c02a2ad437c4ef27f9463448c101caa845352f
data/raw/Training/glioma/Tr-gl_510.jpg,glioma,0,Training,train,c26346cf23f82a058dfc33da6827ec09e0f517f5dd13e1cb91f0c695ec03b9e7
data/raw/Training/glioma/Tr-gl_511.jpg,glioma,0,Training,train,c48d17583646181bbfb4a2f64917269a6bd09d312b989030309fe37b5c00ea0f
data/raw/Training/glioma/Tr-gl_512.jpg,glioma,0,Training,train,27f3135ecbd8f164f829d8a75ac3220d77f078c60ffb81ce29ea04a1312879cc
data/raw/Training/glioma/Tr-gl_514.jpg,glioma,0,Training,train,15034d26aea8c292be49215ae84f19a2981c6dc998fc7062222c8a2c262752e5
data/raw/Training/glioma/Tr-gl_515.jpg,glioma,0,Training,train,efacdcc7c80e6ba7d00499999a9f599414db65a089a9f0f93892b5ffcd261a03
data/raw/Training/glioma/Tr-gl_516.jpg,glioma,0,Training,train,50f5fb7d7114a9405ec48fd0efc10362d3a6807555446d69aaeb60b5909a0666
data/raw/Training/glioma/Tr-gl_517.jpg,glioma,0,Training,train,9095cee93716b9f1190e47ec076bb6edb28ae1e0dabac0408577a810ea782fe1
data/raw/Training/glioma/Tr-gl_518.jpg,glioma,0,Training,train,809f77ab88ba50ec2b1cc4fc6464b2e23e613f3ee2ba0170c3ea36c0efd2ab5d
data/raw/Training/glioma/Tr-gl_519.jpg,glioma,0,Training,train,3e1eae7932e29e7730c5aaf88beae2ff3e59bb833dd82276290ba6d20d0a69d4
data/raw/Training/glioma/Tr-gl_52.jpg,glioma,0,Training,train,0034cd2e65db88276e566890683873a175e7b3fc68089dc933a559599fdbee5f
data/raw/Training/glioma/Tr-gl_521.jpg,glioma,0,Training,train,dd1e66d812a466679fd4fc4c97b7606a8f8391e029b0dd0e754602b0386b85e4
data/raw/Training/glioma/Tr-gl_522.jpg,glioma,0,Training,train,d0fb8e0628582d0ab828edfd12b62abb47c5b443aa5112582a6f5b3203bdfad7
data/raw/Training/glioma/Tr-gl_524.jpg,glioma,0,Training,train,f512e58a017928f89e22d335c5ff4a18287d64df980f10ade341b26cbabdd487
data/raw/Training/glioma/Tr-gl_525.jpg,glioma,0,Training,train,4e543c1d7bfb2c873e74d6fccf06e7b81ba0f13cb7c5ad40ab01e6ab4369170a
data/raw/Training/glioma/Tr-gl_526.jpg,glioma,0,Training,train,ae4585b2de09ad615afde955b013ee2982d41bca5e3d75398037208105a46801
data/raw/Training/glioma/Tr-gl_527.jpg,glioma,0,Training,train,ee9036fddb23258b41587f7eb99d87761d0570f2a776b83795148f3a4fabcd7e
data/raw/Training/glioma/Tr-gl_528.jpg,glioma,0,Training,train,f5c1c9408efd66fbd39958b82f5ccc9793a49ac4c7f4c9eedbbe467c11d96e0c
data/raw/Training/glioma/Tr-gl_53.jpg,glioma,0,Training,train,cd501f929b2d73d259ee774557800a02e04fd2153b9ee4857793fed43cf657d4
data/raw/Training/glioma/Tr-gl_530.jpg,glioma,0,Training,train,a1297300832b97cf77a5b33cb4501015ed86948e21cb8956e31b189167b1c687
data/raw/Training/glioma/Tr-gl_531.jpg,glioma,0,Training,train,353f099dadf83677f2f583aed2f499484dcecc9c352107cd4ef3190c83f861ff
data/raw/Training/glioma/Tr-gl_532.jpg,glioma,0,Training,train,add72b09a77046789ed7cfb217265e5340714a0e46b499e756632f00b8fd9600
data/raw/Training/glioma/Tr-gl_533.jpg,glioma,0,Training,train,7ffad3fdaaa80e72f1970a225756180b14146a0e53d0cf6a8c308f562501e737
data/raw/Training/glioma/Tr-gl_534.jpg,glioma,0,Training,train,4a595f937a3283899151addfd7b471801ca796c1f34ba14ecc184e3904a3adfe
data/raw/Training/glioma/Tr-gl_535.jpg,glioma,0,Training,train,a5a3db92d9f0655c063ab56177e368695537a6e919d3ffb2ce375fc3e31cead0
data/raw/Training/glioma/Tr-gl_538.jpg,glioma,0,Training,train,52213b640338654c3ab433eb4768745b56e91f2c00c4455910ab1b11d4c96b85
data/raw/Training/glioma/Tr-gl_539.jpg,glioma,0,Training,train,21061d32db30105a6330d4c0e457b5fc85b7af2a3417aa0ff7f0b5745d5cdd82
data/raw/Training/glioma/Tr-gl_54.jpg,glioma,0,Training,train,f5cd9a2ff7c5a56e14c95c8759fa99dda1263b43f0b9f313537a2a41e956216b
data/raw/Training/glioma/Tr-gl_540.jpg,glioma,0,Training,train,fa64de048b26184a3c04f8a3d0f287b0f2a8c26ec74ccfa8a30a44ee7f330072
data/raw/Training/glioma/Tr-gl_541.jpg,glioma,0,Training,train,1ae55718ad17a4f432982953733cd584a9af2c0641d34bc9873ac0b92e60c4be
data/raw/Training/glioma/Tr-gl_542.jpg,glioma,0,Training,train,b38f4eb186a0c6f0c574e6c4c919428a8de280640f7abc08985e974f17df2b90
data/raw/Training/glioma/Tr-gl_543.jpg,glioma,0,Training,train,dcb05cd082c7b8932218766ef3bfb67e94e26f801a20647f5dc838b59a67ac4c
data/raw/Training/glioma/Tr-gl_544.jpg,glioma,0,Training,train,fc11fe5044b645565504c699edc72dca5bde8cd3ec3982bb1232515635c23b7b
data/raw/Training/glioma/Tr-gl_545.jpg,glioma,0,Training,train,38b82229ab0626e564fcb4da934685598225728e762e7e4a2d4473049f77d489
data/raw/Training/glioma/Tr-gl_546.jpg,glioma,0,Training,train,6f566c487c93c1aaa57b8aad117eaca8dca0ca8a6303a3e529c0b27b1ef898e3
data/raw/Training/glioma/Tr-gl_547.jpg,glioma,0,Training,train,009b2b1341b0a533e329f431cd0c9f5b6b8fc774c6123ef359841c6b3890d5a4
data/raw/Training/glioma/Tr-gl_548.jpg,glioma,0,Training,train,20acf7c71ddcfdb0a74afd52c51de8959bbdcf1f5d03eb8192988c65438f67df
data/raw/Training/glioma/Tr-gl_549.jpg,glioma,0,Training,train,b52b0870e1302cfe5e4d4f466705893466717083d1d2bb3d831185c898fe8992
data/raw/Training/glioma/Tr-gl_550.jpg,glioma,0,Training,train,b2cfb8fff17a084eb5f5ab8e812e1cced7558ec49816eb882b168384dd0180ee
data/raw/Training/glioma/Tr-gl_551.jpg,glioma,0,Training,train,149f5df9f742b5ef6c87399100a2fab7a3de0dbde475da2da7f3fa261bbbd54c
data/raw/Training/glioma/Tr-gl_552.jpg,glioma,0,Training,train,af8d9f673e52265236b321162eaa8d884e775aeaafe438d6e8d6d5a6c2580a14
data/raw/Training/glioma/Tr-gl_555.jpg,glioma,0,Training,train,b8d2d8d29b3a38fe0b2d922dc4ce2f3f76220845206cd6d9f10a80ef07c43a43
data/raw/Training/glioma/Tr-gl_556.jpg,glioma,0,Training,train,7dc45938ae4de2d2deed84229ea29c00b4a8e360c638e2e60780285a2b029f58
data/raw/Training/glioma/Tr-gl_557.jpg,glioma,0,Training,train,f010fddde39152e9b7eadd741592deb8dda1c1e20c7b3df7aec144be6044f13a
data/raw/Training/glioma/Tr-gl_56.jpg,glioma,0,Training,train,540c15acdcace165826da1fbc37a51ba8626d43ec3bdca585f095e00bec0ff44
data/raw/Training/glioma/Tr-gl_560.jpg,glioma,0,Training,train,7796f36e5252a617f68569d35433d9de48829bc58a28a53aca0fe3bbd3516180
data/raw/Training/glioma/Tr-gl_563.jpg,glioma,0,Training,train,957d9d48865d42714bfb1ffdf7e1e3667cfabf4687f42bc62331e3e3ef246df4
data/raw/Training/glioma/Tr-gl_565.jpg,glioma,0,Training,train,1412f5e51efc4173787cd8d1d3112ff1ecd315b7979b675c5b886a339523c0aa
data/raw/Training/glioma/Tr-gl_566.jpg,glioma,0,Training,train,6153c0fa57b709ce929162ce1d40e99076f389a522240c815ac3cdeb413d5f9c
data/raw/Training/glioma/Tr-gl_567.jpg,glioma,0,Training,train,eea8cf5b5c61b88faf6d90b7ce773f3d5ed347abfedb3a8ef07e3a2f8147f71b
data/raw/Training/glioma/Tr-gl_568.jpg,glioma,0,Training,train,c9a564c664538b58e25bd636c0adcface0218773748d14d008c27154926ad251
data/raw/Training/glioma/Tr-gl_57.jpg,glioma,0,Training,train,01d058bfeb23f73a71cde96d01a5449d4bc7d07c5459ee758ab0c4c78013e824
data/raw/Training/glioma/Tr-gl_570.jpg,glioma,0,Training,train,d57dc7df84f814c0398afaac8db90def0ab370fc2a3bf68f566edfbf489c271c
data/raw/Training/glioma/Tr-gl_572.jpg,glioma,0,Training,train,31e39def5fb8e30373871ff5d081b43c7369c48e9826dff749f0dccf7b08f52d
data/raw/Training/glioma/Tr-gl_573.jpg,glioma,0,Training,train,205eadf34e51eba75a548a3fa91f8f102acc60f0730f156e95cd6d406756b0e8
data/raw/Training/glioma/Tr-gl_574.jpg,glioma,0,Training,train,621eeadbd47c5541b81abc63a147e0ea468cd41a07e1974c6041a615622ad16b
data/raw/Training/glioma/Tr-gl_575.jpg,glioma,0,Training,train,64c576383e0de9f4a278e9e80e19a4429270d631d9ae74fbde11775696b11509
data/raw/Training/glioma/Tr-gl_576.jpg,glioma,0,Training,train,3833c403ef39aa58acf74ad5ec5425a2bf2a2b6e6ee0823b8913d68a21e316bf
data/raw/Training/glioma/Tr-gl_577.jpg,glioma,0,Training,train,4d2a2d9427381511a843f3dc588be9802cb68c3d31b808637025502a8b41e895
data/raw/Training/glioma/Tr-gl_578.jpg,glioma,0,Training,train,cbbd558fa72f9b36598f6e567da57cd3a0e80a4d4570b40488d26133df29185f
data/raw/Training/glioma/Tr-gl_579.jpg,glioma,0,Training,train,f2896e5ec407aff2719d5771165a55203fb40c0e3fc6e235fd06cfd8b9a9f40e
data/raw/Training/glioma/Tr-gl_580.jpg,glioma,0,Training,train,6670a953c25e49385c19dbfd2e9051c96b7e35933b422ed15b23fc3867d596a4
data/raw/Training/glioma/Tr-gl_581.jpg,glioma,0,Training,train,ef1f9474d810b97a62d07eeaedcc4bd7a84b7d9bbebde89a56061b8c9092dc49
data/raw/Training/glioma/Tr-gl_582.jpg,glioma,0,Training,train,11904dc65d8bcb3a36d8730878ab346972259a16419d320bae3a3cf8a2183e30
data/raw/Training/glioma/Tr-gl_583.jpg,glioma,0,Training,train,0f5a2a1ed40455791a5f54dac0df3bdf8cdf1dcfa314120407f1b6e635c7b108
data/raw/Training/glioma/Tr-gl_584.jpg,glioma,0,Training,train,5dd81ef528a5e4dfa3a19caac7bf5ba5c1b63531a4fd1e4be568e3ccd25ba40c
data/raw/Training/glioma/Tr-gl_585.jpg,glioma,0,Training,train,22271f285c69059aab0341c8d5130447a465a05a41959947dc5e855591cb1126
data/raw/Training/glioma/Tr-gl_586.jpg,glioma,0,Training,train,a13c041c0918272c1cb6aa88c622b22097fe726364c5e5bd228331d74377893a
data/raw/Training/glioma/Tr-gl_590.jpg,glioma,0,Training,train,2dc774b46da1e8419c8c46c0f74b5f7d3a9ce8e695066aa3112fdf8285472bf6
data/raw/Training/glioma/Tr-gl_591.jpg,glioma,0,Training,train,0fe28cc4315011f45f0190cb6af42ae2e7312cc91a43c0cd2442403abd429e02
data/raw/Training/glioma/Tr-gl_594.jpg,glioma,0,Training,train,2805de4c00039356de8a0386aec28ce7488c17adf4afdec087a938ca85ecdd67
data/raw/Training/glioma/Tr-gl_595.jpg,glioma,0,Training,train,ea5b3c38211e7421846de399f6906d190f5f4de5b70db494ef6ec2242c7ef5b9
data/raw/Training/glioma/Tr-gl_596.jpg,glioma,0,Training,train,de983d38c9bad6fd2c4dfa77ee654fa68481c54cc04083a2faef62d09772fceb
data/raw/Training/glioma/Tr-gl_597.jpg,glioma,0,Training,train,0f3737dc50b98d9b39b43d8a222bfde2b42cdef595bbc80dca817b450f2a5ca8
data/raw/Training/glioma/Tr-gl_598.jpg,glioma,0,Training,train,54637d4dd87f970fe45a2ef8b6f1cb7d1fc0183e7ffbbc0ddc840f272d74a63f
data/raw/Training/glioma/Tr-gl_6.jpg,glioma,0,Training,train,dff33b87978a17019edb823f78c4ace353032f310409d06b5300cb8242caf637
data/raw/Training/glioma/Tr-gl_60.jpg,glioma,0,Training,train,a3e5500ec4b7d760a36cd20beb6272649d5ed75f54e561fb066ddf42f804b72a
data/raw/Training/glioma/Tr-gl_600.jpg,glioma,0,Training,train,4bc25a7234335be8b1a632180e621bb5fbbfc2b104bd4ed7f9e58d74e489ce62
data/raw/Training/glioma/Tr-gl_601.jpg,glioma,0,Training,train,fe8a83569adbf98536c994cf2f9248fb4a7009b83b019e32f249e81df2a32f4c
data/raw/Training/glioma/Tr-gl_603.jpg,glioma,0,Training,train,1527cdd6445dc2e577e8739e5317f5ccebc675b23c16d93e396b41c9a40f3ab5
data/raw/Training/glioma/Tr-gl_604.jpg,glioma,0,Training,train,12fb8f2c6a8cc7cf14a168f9d7511e183ea07686b8e597cf7cda6a4de0c8163d
data/raw/Training/glioma/Tr-gl_606.jpg,glioma,0,Training,train,30aaf9753fc3dd9b0ad479f56e9dd39162675d4042f1ba34431c784bb15abd72
data/raw/Training/glioma/Tr-gl_607.jpg,glioma,0,Training,train,511df8bfd3bc31e312ef801321f14bbab0fe33ad12b62be5d56ab3f654bba223
data/raw/Training/glioma/Tr-gl_608.jpg,glioma,0,Training,train,75438b39f5ee71b6f97cf122029c9220d0fcf8130adaeb65cb0f2516e24a506c
data/raw/Training/glioma/Tr-gl_609.jpg,glioma,0,Training,train,710f7b5fc21b888537e31a89a8ed593faf6cb531219e72048f39604d7671dc85
data/raw/Training/glioma/Tr-gl_61.jpg,glioma,0,Training,train,fbe4bb2ab066e73a0ce5c8c95434db76f9647c757cfad2a03a7b5535801a788c
data/raw/Training/glioma/Tr-gl_610.jpg,glioma,0,Training,train,c5d72673d8fb92b618ef1bb2b70033415e8903f158984d0bfae3c5c995fc5406
data/raw/Training/glioma/Tr-gl_613.jpg,glioma,0,Training,train,bc740a76e187991a27c8d87d7dd839126f7cefbf68d31d7af3694815c643e874
data/raw/Training/glioma/Tr-gl_614.jpg,glioma,0,Training,train,b10186ba9aa9508544b9ecb7a1821e6b4a25ccdd738aeb493ffd20904dca3a12
data/raw/Training/glioma/Tr-gl_615.jpg,glioma,0,Training,train,cf90b0bf60072335ccd09ca4010f5f5e5eca70001b864c36af2cf6723e0bfc5b
data/raw/Training/glioma/Tr-gl_616.jpg,glioma,0,Training,train,f32a84cffb6520007744f647248bd5e6c51054ff7534eaf1ea1652a43a0f2154
data/raw/Training/glioma/Tr-gl_617.jpg,glioma,0,Training,train,8df6bfe23f6d54b2c4ab9f7e6b3cd1ec7782d1ea2c95e43535376cedb4a7ee31
data/raw/Training/glioma/Tr-gl_618.jpg,glioma,0,Training,train,2b8b29293d8d35cc57a4f9a755061d06a813fcdd2c57c8da2fb0d629c080289c
data/raw/Training/glioma/Tr-gl_619.jpg,glioma,0,Training,train,50efcbb9a7def31281f373f2bb8a552dbbd3e2eea4abe7ca9577146f10a05fd2
data/raw/Training/glioma/Tr-gl_620.jpg,glioma,0,Training,train,272f2bdb7e437606cd32b618d9a9756244d38d51208d0976b390cfed3ce4334d
data/raw/Training/glioma/Tr-gl_621.jpg,glioma,0,Training,train,554d0d93f28f1c0dd8d054c8b00c14c83198f64072e3654d43d6139f1e2c1f5e
data/raw/Training/glioma/Tr-gl_622.jpg,glioma,0,Training,train,7d247220d27a102ce24055d626b42ade8154b0d063fe12e4a3ec24c1fd237b46
data/raw/Training/glioma/Tr-gl_624.jpg,glioma,0,Training,train,9c3e7991aa6ff882a971009723e952e8be5ed59fc9aab65fb54df4a4c264b5d6
data/raw/Training/glioma/Tr-gl_625.jpg,glioma,0,Training,train,f043956c96fa9c1ea23a56bbed4d60a21844125384dd2c3605d6946b09c2b77b
data/raw/Training/glioma/Tr-gl_626.jpg,glioma,0,Training,train,7191c2703b1bfcdbaca17516c89afc9dc6c0b243e797c1dd5fda11c17ec8e4cd
data/raw/Training/glioma/Tr-gl_627.jpg,glioma,0,Training,train,1444789d7060743729c1f1839f68a466d55baf2e9acab75c66f1248039373d00
data/raw/Training/glioma/Tr-gl_628.jpg,glioma,0,Training,train,3a5ee71b5d21befecbba842ecc8140fbc9d592d8fe8654d4ce533789d564ed32
data/raw/Training/glioma/Tr-gl_629.jpg,glioma,0,Training,train,15a0fc39345a41a3925bb85f8f1185e3997dccd71ce022177c0d58cac093e00e
data/raw/Training/glioma/Tr-gl_63.jpg,glioma,0,Training,train,090d04d4db8edde47a1c90163d00105e8316ffcae807e05a8a43fa8966f8bdde
data/raw/Training/glioma/Tr-gl_630.jpg,glioma,0,Training,train,7ba079d4d510a7d5a0b74577ac5a4b6c7afd7e701d96ed326bd9311db1c9b080
data/raw/Training/glioma/Tr-gl_633.jpg,glioma,0,Training,train,824816b041c2771ca444a742d7ef17caa4dba41246398e1353b0f615f6d9acb2
data/raw/Training/glioma/Tr-gl_634.jpg,glioma,0,Training,train,1d4c8f5c339c0f2026683e1fe4c908826b8598d6aba479bbc6e8b857706b23f7
data/raw/Training/glioma/Tr-gl_635.jpg,glioma,0,Training,train,622c7c90259426ee6082d8b2201376ef12d8d7906d4eef0a657b5d6c3a5224ab
data/raw/Training/glioma/Tr-gl_636.jpg,glioma,0,Training,train,f653787d1845a429443fb097f9f274052d1e22b7dc51f62ebcecbefad7a0df0d
data/raw/Training/glioma/Tr-gl_637.jpg,glioma,0,Training,train,f757f8405e888f996bd3d8d91c9cf4c5effa5959955fd9008fd3bed9ad7d48f2
data/raw/Training/glioma/Tr-gl_638.jpg,glioma,0,Training,train,504144c0caee74787c0695a649aa9d3aa6f20d094a4a6a2a2961ed59c7b76bb7
data/raw/Training/glioma/Tr-gl_639.jpg,glioma,0,Training,train,be91fdf9a45366980a8bb34cf999c79fa0c532bf00da50394a8f12476a87c805
data/raw/Training/glioma/Tr-gl_640.jpg,glioma,0,Training,train,f4c2c43b22784a160acb8fab9540ce269910d6944654e1b1081d8ad4e8e60dcb
data/raw/Training/glioma/Tr-gl_643.jpg,glioma,0,Training,train,6290a6b273f909207424be7e0b65b9df970fe0a6ebbd44b247bba09c80c6c162
data/raw/Training/glioma/Tr-gl_644.jpg,glioma,0,Training,train,60feea4c23c97d1ec5b95b13c89d3d73232cf337841fb9bc3dbd799bb98b5304
data/raw/Training/glioma/Tr-gl_645.jpg,glioma,0,Training,train,7f74e6e8d3ffdf1f8c9817dc03cf704002c6828ff0f9cb7004177500549df98c
data/raw/Training/glioma/Tr-gl_646.jpg,glioma,0,Training,train,211b834222ca74269b4ed3a04cad243facba41ce1748fde6a7af8067a0bf4357
data/raw/Training/glioma/Tr-gl_647.jpg,glioma,0,Training,train,3e3a5b9fab0b32b1fd01310140c27bc077722a87d941e336620ab87cab67ec62
data/raw/Training/glioma/Tr-gl_648.jpg,glioma,0,Training,train,50907d8eee47ac2f9f190970319b72958ca818fb061e75eb9f5665fd81395911
data/raw/Training/glioma/Tr-gl_649.jpg,glioma,0,Training,train,df21cb0a59c9411c6912153db34749736a53cc8be4a4f1c375ce022d04496be0
data/raw/Training/glioma/Tr-gl_65.jpg,glioma,0,Training,train,aace60e9ff85e29d0cd635d8d0ccb2bbdcfa5eab6297d50ad86572ffe8bdcd28
data/raw/Training/glioma/Tr-gl_652.jpg,glioma,0,Training,train,c0a130927817967432e1704dcbde40e407338bfa4b8535e129b5845104640734
data/raw/Training/glioma/Tr-gl_654.jpg,glioma,0,Training,train,96d48b2d4eeaad2021f21af08fbae3a19a9dabd43296e2472e51d53d988559bc
data/raw/Training/glioma/Tr-gl_657.jpg,glioma,0,Training,train,29d1be475119e1f492b27d70ea22917e4f5bee4e0f37a087ebf1cd6a408dd6fb
data/raw/Training/glioma/Tr-gl_658.jpg,glioma,0,Training,train,b43b0f51d1da727e95812c1f486b5212cdcab3421e839bb77cb74b9a76994e72
data/raw/Training/glioma/Tr-gl_659.jpg,glioma,0,Training,train,e87eef05057533397a823556a9d712dcbeed8ba51ce04a33a4d9a976b24168cf
data/raw/Training/glioma/Tr-gl_66.jpg,glioma,0,Training,train,2e0952d17e7a97cfc28891a0fe24a3d1854680cbe0846d39d70b92f9037de7dc
data/raw/Training/glioma/Tr-gl_660.jpg,glioma,0,Training,train,ef19755f716211c164a3975a5d2d8a16258773840b468a3ea6471fec6117661b
data/raw/Training/glioma/Tr-gl_661.jpg,glioma,0,Training,train,eae328cb5abb0d7fe2f7b070171147d998865b5c8291aafa772c8ff7dd4ad5e2
data/raw/Training/glioma/Tr-gl_663.jpg,glioma,0,Training,train,ec64e15f841eb6f3830790ddcc2cea63f83bf275d0f539be83d45f56947beea4
data/raw/Training/glioma/Tr-gl_664.jpg,glioma,0,Training,train,ba9b514b77eb4f02f1a82c24f32fe0b8dbaa41793be37c81b1a1459ea204f099
data/raw/Training/glioma/Tr-gl_665.jpg,glioma,0,Training,train,0b9d79a5c69962bd8d0cc4ba3f36cf3c8d0561ae2ee51e33348ceae49a31610e
data/raw/Training/glioma/Tr-gl_666.jpg,glioma,0,Training,train,9a097f4bf73748a628030dd1e8e868cec01768ecf23f1180197fa4b60aaa49f8
data/raw/Training/glioma/Tr-gl_668.jpg,glioma,0,Training,train,9babd9855d7190d5f27e909365ae3b07b4e01831680db71ea9ca297787a25609
data/raw/Training/glioma/Tr-gl_67.jpg,glioma,0,Training,train,b444716305314ae067cf2221fac928c830735fc2b3a3247468864252b2f410d7
data/raw/Training/glioma/Tr-gl_670.jpg,glioma,0,Training,train,655cf392d8158f6c696383d77604bd9a099c1be745d692a523a01bb276bb16d9
data/raw/Training/glioma/Tr-gl_671.jpg,glioma,0,Training,train,315437438f77b6175a5fa4fe9970de698be258c0788ea68b6a6fea4d4df4f67f
data/raw/Training/glioma/Tr-gl_673.jpg,glioma,0,Training,train,1b1df8c2b4e4eced7e40cf9d04dde675e894072b17d49ecb1f59b773a91276e3
data/raw/Training/glioma/Tr-gl_674.jpg,glioma,0,Training,train,7e059c4f963f09b78e2e854da43e940f0992473d110d503363ec275bcd1546ed
data/raw/Training/glioma/Tr-gl_675.jpg,glioma,0,Training,train,9c18e887bc1b3c694a461fa6310f68bdd6f469e4c69bc6e6ccddc59a2318e0de
data/raw/Training/glioma/Tr-gl_676.jpg,glioma,0,Training,train,10b538366237cb45e56dcc329de63b1adbed5524816feb3680653f71bfe79607
data/raw/Training/glioma/Tr-gl_678.jpg,glioma,0,Training,train,95450a04094c34cd2b8fd8e0d28792a110eaa68dc3b568c25ba5eb37913ff77b
data/raw/Training/glioma/Tr-gl_679.jpg,glioma,0,Training,train,ff142df06aa2a075220b046053dd43cbe86d7bb016ad3c270879f2f46afcd685
data/raw/Training/glioma/Tr-gl_68.jpg,glioma,0,Training,train,fa061b659fe7b5c755efa7fca26e90615a3dc5085ce15532c5a2edec09dd9a1a
data/raw/Training/glioma/Tr-gl_680.jpg,glioma,0,Training,train,e23803da6248c47874d9bb407d990d6414315456c34aa9c4ec382d898a8e2db9
data/raw/Training/glioma/Tr-gl_681.jpg,glioma,0,Training,train,dac0960fdce9b26e03e6c679c7335053b356a8b0191811797b0788c0f164cc02
data/raw/Training/glioma/Tr-gl_682.jpg,glioma,0,Training,train,5dae534b547f6de3f01606c1fcb192006e1705db0d920d8614382a625fc14e7f
data/raw/Training/glioma/Tr-gl_684.jpg,glioma,0,Training,train,faa72e39ed56650610dc306376c3ba1d256359e2d31c0e8865a6e04f4741d190
data/raw/Training/glioma/Tr-gl_686.jpg,glioma,0,Training,train,4e012dc82b157dd09f06c546dafa8f5962eb0074ed1e9e38eafd9f4163460b14
data/raw/Training/glioma/Tr-gl_687.jpg,glioma,0,Training,train,63671d5b43a40c4f46326576666f375a2a24824d83155f59f9530f20c4efc4e8
data/raw/Training/glioma/Tr-gl_69.jpg,glioma,0,Training,train,3ace50cbddba30e872c114c566b5c225b233acfed1a293f9e352fddd8f565a22
data/raw/Training/glioma/Tr-gl_690.jpg,glioma,0,Training,train,b4373b755d579a63136a2fd550cd6071b6617a9ba8ceb7058d4bec6bd9990bb5
data/raw/Training/glioma/Tr-gl_691.jpg,glioma,0,Training,train,9c3666311ea2595937338598850eee80d6fa1a566dcabc60fdb66d90638c63c5
data/raw/Training/glioma/Tr-gl_692.jpg,glioma,0,Training,train,920b37038b11bb3938c895ad7cc7a61181d3292cff8382781cab1adc6da3e5c4
data/raw/Training/glioma/Tr-gl_693.jpg,glioma,0,Training,train,f0ab2dd17f3f7bc80e909a47719714ce3d214097caa85008b50b63087f59d959
data/raw/Training/glioma/Tr-gl_694.jpg,glioma,0,Training,train,fff155b71a6210747d86534028234a0ceb653c43a699bc73dca79c2ccdee24b9
data/raw/Training/glioma/Tr-gl_696.jpg,glioma,0,Training,train,4fdd88ec4143fdeb170fb0ac319e2b4a89fdb66433bf6977920040ba6299f08d
data/raw/Training/glioma/Tr-gl_697.jpg,glioma,0,Training,train,680dcf9c0ee2db618a251c226a46479676226325eb43d4bce5ea9e857d416c20
data/raw/Training/glioma/Tr-gl_698.jpg,glioma,0,Training,train,f73528085e699af7484b9fc2892bcf61793be97c3f102cbd17c50470881e8eef
data/raw/Training/glioma/Tr-gl_7.jpg,glioma,0,Training,train,3b814d7fbcb5e403f54a60edbf7d069e63a6ff76d310d83dffd65b7187ddf763
data/raw/Training/glioma/Tr-gl_70.jpg,glioma,0,Training,train,9b45628085ddfa7cba49525ed585f11b4ae87cf5e5b76437adc9afa47edbbd99
data/raw/Training/glioma/Tr-gl_700.jpg,glioma,0,Training,train,a4333f7a2221b5fa8c951425f72a319a3d865f8250cd7327df998cc58709a112
data/raw/Training/glioma/Tr-gl_701.jpg,glioma,0,Training,train,81c24cc912537c15222c56cf4f002436413146651e609e1ef8540c39cb1f7cec
data/raw/Training/glioma/Tr-gl_704.jpg,glioma,0,Training,train,f77a1f7b0fa9726efa9075490528196786784c86e4e3e546dcd0042e29176048
data/raw/Training/glioma/Tr-gl_705.jpg,glioma,0,Training,train,4d19ca77379f583f8bb338f3f637780c2b44f0195c85a94ca91478e595b18226
data/raw/Training/glioma/Tr-gl_706.jpg,glioma,0,Training,train,8fd270e23f123462d7e808cfaff5ca63f12f539dd311b7c69ed9be89d3991636
data/raw/Training/glioma/Tr-gl_707.jpg,glioma,0,Training,train,92af07887439957669f921b30366873c639e543e7c565db2b53abce15ae23a4a
data/raw/Training/glioma/Tr-gl_709.jpg,glioma,0,Training,train,8d2fa7f809ae05c99162d9e760bb61971e8a1248a36dd291aed56ef1efc89c6f
data/raw/Training/glioma/Tr-gl_71.jpg,glioma,0,Training,train,31059d2d478c0b3e3f769757f983bc0cf90e0935d96abf4bf9b992fb38c6f935
data/raw/Training/glioma/Tr-gl_710.jpg,glioma,0,Training,train,4ca775ef72d891928b09848975c182910cbab540a33c18cdf4ed20b145cdeb15
data/raw/Training/glioma/Tr-gl_712.jpg,glioma,0,Training,train,942f498ea8291be9605dc4831bc7e60e6d7ca0be3ee911840d89101b93ac0e19
data/raw/Training/glioma/Tr-gl_713.jpg,glioma,0,Training,train,c660c6de690f5413e45ac3cba8e44b3ba6598b274b16cddf1be82f14b0ae485e
data/raw/Training/glioma/Tr-gl_714.jpg,glioma,0,Training,train,8cc82c38191d3273c39831ccd77b95dcf72e762c29877d38ea3cba408fe1fb5a
data/raw/Training/glioma/Tr-gl_715.jpg,glioma,0,Training,train,9d2b582a018b3798d22a1151abf2d4a40462005c81de04e94aa880e55219f6c0
data/raw/Training/glioma/Tr-gl_716.jpg,glioma,0,Training,train,1a06ff004a92ce02084bad455d8ae160a11a12a23be33725fa829d15b760f981
data/raw/Training/glioma/Tr-gl_717.jpg,glioma,0,Training,train,61d631f96bd3b2bb762268b52b221aee5d42757d2dc193c86feb17d8e0e761b9
data/raw/Training/glioma/Tr-gl_719.jpg,glioma,0,Training,train,1a3dbb6472fc310654fbfceb2b1484da6f62d5ae28fe0ab0497ffcfbfa024d44
data/raw/Training/glioma/Tr-gl_72.jpg,glioma,0,Training,train,a189720a646d0c8f07db78096278223ef5ec51a04306742fa36e9475b6c385ff
data/raw/Training/glioma/Tr-gl_721.jpg,glioma,0,Training,train,4cf0e46763f03617a482141ef68448676eaed21d5153dffbaeaa768d1005960f
data/raw/Training/glioma/Tr-gl_722.jpg,glioma,0,Training,train,374d068b66103a3013217de61f444db11afe1cfb14171331b81305ad0faff36d
data/raw/Training/glioma/Tr-gl_723.jpg,glioma,0,Training,train,01dec92345187c9787be63c2e315e16faf75fc826c5d85e50d419e0037a70820
data/raw/Training/glioma/Tr-gl_725.jpg,glioma,0,Training,train,5612ca1394295d32f83c70074346efcc623117a276277049bdb17392069be286
data/raw/Training/glioma/Tr-gl_726.jpg,glioma,0,Training,train,abfd6257cc629cb65e2645f900d71b8bd81085b04dbcdc8dd79b726572b70842
data/raw/Training/glioma/Tr-gl_727.jpg,glioma,0,Training,train,e8567c00e5884fb7dc20ed423ad6e870ac09983aca27deb1086555633e2b9714
data/raw/Training/glioma/Tr-gl_728.jpg,glioma,0,Training,train,e1d8ceef05cc907ef83b3848ae7197a7c745ea6e7d07a0b26066489d4781060d
data/raw/Training/glioma/Tr-gl_73.jpg,glioma,0,Training,train,31a86da687deab76bb178da80902dafb484e5db73324be3a6dbe8c252728b2c9
data/raw/Training/glioma/Tr-gl_730.jpg,glioma,0,Training,train,e045fcad4056e0ab41779a2f5df40a2e314c917d02f7526aff1be5b01db237a2
data/raw/Training/glioma/Tr-gl_731.jpg,glioma,0,Training,train,b86d653d97feaf7a3c92f21ac3256a245889079b165d85f9eb583d54a864b0b7
data/raw/Training/glioma/Tr-gl_732.jpg,glioma,0,Training,train,768140c82e8524ac004f56b14bf9d1af5ef144f9415a3794086f4349c98445de
data/raw/Training/glioma/Tr-gl_734.jpg,glioma,0,Training,train,04c2311c9584390845a23eb5a9340a8fe8f42dea2c88050490e6396a5aaae324
data/raw/Training/glioma/Tr-gl_735.jpg,glioma,0,Training,train,6844cbcf8771cb628d7161037bc50270668f5f6086f5461dfdd2478e44f8a786
data/raw/Training/glioma/Tr-gl_736.jpg,glioma,0,Training,train,ddba259daa3fbf770025cabff33c6d1dbcf98d3bba41c2a4e5b832959e748bcc
data/raw/Training/glioma/Tr-gl_738.jpg,glioma,0,Training,train,281d89dba155fe341a301d2d467849d780ff8d4713bd85fb7b823bec69a57ec4
data/raw/Training/glioma/Tr-gl_739.jpg,glioma,0,Training,train,6021a0b30e34064685a268e86acc176cbe50c7125ee9d499fad9de638b3fb633
data/raw/Training/glioma/Tr-gl_74.jpg,glioma,0,Training,train,870d5efc748df32ebd0f2985346706a322c36a2aa28f3723438df3b838f9e6a3
data/raw/Training/glioma/Tr-gl_740.jpg,glioma,0,Training,train,02a08fcf2dd0174628542caf95a31182cd15519ca4140a5b4ee938207dc8da02
data/raw/Training/glioma/Tr-gl_742.jpg,glioma,0,Training,train,56405c10517d5ff97ded43ff3d2b07e0b5a7a62cb7bc4c8b148e4dd9e662c2cd
data/raw/Training/glioma/Tr-gl_743.jpg,glioma,0,Training,train,621bdaf065cbdbd61ef3c33c10fb007344a890ed53673c3fbbc2b4e2b1afb928
data/raw/Training/glioma/Tr-gl_744.jpg,glioma,0,Training,train,ae5b8683c5535050ec189daf7884c244f87029d81ef4566cd383c4055c21d818
data/raw/Training/glioma/Tr-gl_745.jpg,glioma,0,Training,train,f5d87e5ce8e609b08979b9820fb8718ff92fb53f9c1b48f195b62c93cea2d41c
data/raw/Training/glioma/Tr-gl_746.jpg,glioma,0,Training,train,b32f4893d37582584548de34e3cb27518dc81bf8c623e2d8e3c8c4c152257e35
data/raw/Training/glioma/Tr-gl_747.jpg,glioma,0,Training,train,a5540b0fd2bf3c50a8c7584bed4da073d750c87f3cd928c563bfe520ff3e1f65
data/raw/Training/glioma/Tr-gl_748.jpg,glioma,0,Training,train,847c43f9aef057657c2b3e946986dda49b59a6f8d2d513266219b929f24f4d2a
data/raw/Training/glioma/Tr-gl_749.jpg,glioma,0,Training,train,4367ac1f644a528a83f43faa9f0ef39c8e3ea871b890279b2f146d2014477d01
data/raw/Training/glioma/Tr-gl_75.jpg,glioma,0,Training,train,be85cc66ab65f9e9aeec5961455356fe6150e06f172239cf61274fd9ff13f468
data/raw/Training/glioma/Tr-gl_751.jpg,glioma,0,Training,train,89f077dc94e5b6bf37e7eb9aab158f7594a6044d5b1d56cb200a05bc3e941029
data/raw/Training/glioma/Tr-gl_752.jpg,glioma,0,Training,train,98f70610474ea6e2811665d026e8998df9e2ccf8a732e6a0a0b6ed75d870468f
data/raw/Training/glioma/Tr-gl_753.jpg,glioma,0,Training,train,7dc81d821334afd848a2fd1754cb8fb1d479a15d80dc126b5d66c4b8013cb3d9
data/raw/Training/glioma/Tr-gl_755.jpg,glioma,0,Training,train,a13da1e80f72141ee7380665b692b9add64cf47a14b26de30d80fdb83f6f095d
data/raw/Training/glioma/Tr-gl_756.jpg,glioma,0,Training,train,c5198b1d3709d567f807a76d236a55a1e9073f6ea37b8edb26c45f5894d7dcff
data/raw/Training/glioma/Tr-gl_757.jpg,glioma,0,Training,train,7a7c648d8511a426a08d6bb1223a96c69d2f789e7706d4af3bc5a5c615818b70
data/raw/Training/glioma/Tr-gl_759.jpg,glioma,0,Training,train,f2563657dd6ca9c15db742b19fa5139cb1f982b00704c2df277638b713389e2f
data/raw/Training/glioma/Tr-gl_76.jpg,glioma,0,Training,train,81e9fe962fd5d9d395e58136c220c68e3a184559ac4e72227e23a5c9ec80dc48
data/raw/Training/glioma/Tr-gl_760.jpg,glioma,0,Training,train,e7e429b0d926ab776e1cba6db896f9e08c3168dc2f9f5a59158c9e0276011159
data/raw/Training/glioma/Tr-gl_762.jpg,glioma,0,Training,train,a2d02c26384bc3481f47aeff777a9003bf7a7cc242a30d326cf4a5717f6e597c
data/raw/Training/glioma/Tr-gl_763.jpg,glioma,0,Training,train,c58c93ca3ae9a3ecd74563f2ab137098dc33cefbeacf59d26d691cdfb5ca3da5
data/raw/Training/glioma/Tr-gl_765.jpg,glioma,0,Training,train,44f32998a3cdbac18ce338550443551563cc45351a7066c3e3bdc90dc68ab562
data/raw/Training/glioma/Tr-gl_766.jpg,glioma,0,Training,train,aec130cbaa7c60d52c4e637f85fcaac235e6e4de23f40b73432b97f8dd27f779
data/raw/Training/glioma/Tr-gl_767.jpg,glioma,0,Training,train,d8debe55f1124959a5bfeb40ab42b31f116b0b9b4babd622a3313043832c3430
data/raw/Training/glioma/Tr-gl_768.jpg,glioma,0,Training,train,2238f60f4b51c31f3dee145b06a051e1e1edb7d1085cffe23b2622c2125aa011
data/raw/Training/glioma/Tr-gl_77.jpg,glioma,0,Training,train,d26867b4e830c55e1681fe841ff16431d82dc737c18b7f6e0329b0780f1a8ec0
data/raw/Training/glioma/Tr-gl_770.jpg,glioma,0,Training,train,94e7ed59eec5274b772618e79a1e6de61c4b2fab601a1d505f7daf4d8fd98dd8
data/raw/Training/glioma/Tr-gl_773.jpg,glioma,0,Training,train,342061dd04cefd8747d973c94392930539e7f018683a6cbf5ce6bd1c9bc1e198
data/raw/Training/glioma/Tr-gl_775.jpg,glioma,0,Training,train,97ddc522457611337b01f80866e02f943e6ff464293afcb61e55dff6f5a10c56
data/raw/Training/glioma/Tr-gl_776.jpg,glioma,0,Training,train,bcf2c120d1483adf89b84f42c6bc44b33bd6015dbbd38d6bf6d602902ecc7efd
data/raw/Training/glioma/Tr-gl_777.jpg,glioma,0,Training,train,94d17d5ce771146fd499abd4527da69aff3b055e5efd552e72acd29e6dcf6a0b
data/raw/Training/glioma/Tr-gl_778.jpg,glioma,0,Training,train,ec5bcebb46990384e90ade38f41c153467e3e609159664bf84e004049e5e4de8
data/raw/Training/glioma/Tr-gl_779.jpg,glioma,0,Training,train,c83683226e108bab357f14ca8f4aa65fd65c43190cbd608a5a35e3f3fdadd8de
data/raw/Training/glioma/Tr-gl_78.jpg,glioma,0,Training,train,23216b2f833e37b37909a9928b3aa263e837672301c8f7b10fd21362a697cb3e
data/raw/Training/glioma/Tr-gl_782.jpg,glioma,0,Training,train,8dbee0b2f41557b58b1a5ff0d1ddf3a943532d9aa52d3da77696f92e2db784d6
data/raw/Training/glioma/Tr-gl_783.jpg,glioma,0,Training,train,cbc67fc0d6a7384e2bc36332a5ba6d559fa487200684d2db6f3720004be9a76b
data/raw/Training/glioma/Tr-gl_784.jpg,glioma,0,Training,train,79385ee2ae54ad7ccd33b0904bcfad8f60717b575a9042cb718dafe957db9a25
data/raw/Training/glioma/Tr-gl_786.jpg,glioma,0,Training,train,3b7f23d8ba4ea92c5a26612f8220f3b8d76589a7f631d83b0df7ea749222df9b
data/raw/Training/glioma/Tr-gl_789.jpg,glioma,0,Training,train,79ed29f95df80bdd32124be165751d2b25020b084efd4887912b42662162e9b9
data/raw/Training/glioma/Tr-gl_79.jpg,glioma,0,Training,train,461c278e65baeba1a53e3a733677567ea389d81353f6ad9ec74d70018e3d1aef
data/raw/Training/glioma/Tr-gl_790.jpg,glioma,0,Training,train,5904695ae0d4dc800de8b3b1876ab463c2736079a56a2b026329d47b9fdb0eea
data/raw/Training/glioma/Tr-gl_791.jpg,glioma,0,Training,train,ba88bb1909c9a98c4e3b74fe014ae989c065276f8c3f6abbaa0986ba993f8f9e
data/raw/Training/glioma/Tr-gl_792.jpg,glioma,0,Training,train,3306a930faabe607950226a55c6364e96562af7d407ae2d031cca687e91124c4
data/raw/Training/glioma/Tr-gl_793.jpg,glioma,0,Training,train,3f22601c95aa22110a62c16e598261d202ca81c2439755f9f2a6c15781c754ba
data/raw/Training/glioma/Tr-gl_794.jpg,glioma,0,Training,train,51e46edb5bf74416f4437c7f464a195d9c1145637d15f6eb99cad1b38a28cc99
data/raw/Training/glioma/Tr-gl_795.jpg,glioma,0,Training,train,37508d3595e3ad2b4681f8537f8c7bf083e7fd6fbe4323468722376be36452f6
data/raw/Training/glioma/Tr-gl_796.jpg,glioma,0,Training,train,764d1295159f74760c4695f31e384489822e72b946df70bb3c1dd13e0e0095a9
data/raw/Training/glioma/Tr-gl_797.jpg,glioma,0,Training,train,98551100398ae40f50448fd85bf692eaf8954c95991a30fa43ca9e5f49bca19a
data/raw/Training/glioma/Tr-gl_798.jpg,glioma,0,Training,train,b9869dd2e02b1a299cf493b03f8b6670238685b801b4eea189cfb5d917ba48e7
data/raw/Training/glioma/Tr-gl_80.jpg,glioma,0,Training,train,f63d90f5ee644776dd4c418aefd72f26b263c5dcfe1fbc92f291814ddd167aa9
data/raw/Training/glioma/Tr-gl_800.jpg,glioma,0,Training,train,d754f57bc9ecd0d0796321bbd957802e87dccb4187f9e5caa35ebbee20944b18
data/raw/Training/glioma/Tr-gl_801.jpg,glioma,0,Training,train,7c615e7c472531a849de87a61f16f20c260f49127e05d12f1c899af800a74e48
data/raw/Training/glioma/Tr-gl_802.jpg,glioma,0,Training,train,9ca6a29bdbf5991f5bf583a470ac97a985badbd3bbd63d6c439660e11c3072fe
data/raw/Training/glioma/Tr-gl_805.jpg,glioma,0,Training,train,214fe8e1dbf213d3a0192702ffcfec23a4663eee9ad82e2091e7aa29c8a28211
data/raw/Training/glioma/Tr-gl_806.jpg,glioma,0,Training,train,da74f79a26fe5965ef36ca3359ae3e96b4edf1dca27f3bd3981251e40670ff1a
data/raw/Training/glioma/Tr-gl_807.jpg,glioma,0,Training,train,8de570d30b2e64113d7dbca54a144ab274d883ba1f1fb9b4757b70d9700c08f8
data/raw/Training/glioma/Tr-gl_808.jpg,glioma,0,Training,train,b05ad2ea27d8fd7526fe036b76cb19a681ddf56b757a4519a814c3336d68d14c
data/raw/Training/glioma/Tr-gl_809.jpg,glioma,0,Training,train,640e175810b5d2d09c57ec9f51eb25cb1b7a53cab96bd43183bfec2269cd2b47
data/raw/Training/glioma/Tr-gl_810.jpg,glioma,0,Training,train,0bc0be8871f372f283b693bcc3063a78edc8a1a8860ffbb65dea7f1c201ac22d
data/raw/Training/glioma/Tr-gl_812.jpg,glioma,0,Training,train,368138b86b67d9f003e33608154fb60d2db180e09d94857e709698da3a157826
data/raw/Training/glioma/Tr-gl_814.jpg,glioma,0,Training,train,95718913e8b5983108e7dec294719fb376704de36b620f19515f392dc9c1ad7a
data/raw/Training/glioma/Tr-gl_815.jpg,glioma,0,Training,train,a9e786da1394fb76996b32fbbc4275471d5803e5edb446b6186dcc22cfc4aed1
data/raw/Training/glioma/Tr-gl_816.jpg,glioma,0,Training,train,d009577bb5909d6c3de292c221e9aa028b8fc5e354ca75407e8e48875367c5de
data/raw/Training/glioma/Tr-gl_817.jpg,glioma,0,Training,train,a3f61b7298bbd6c7644d84e1542a55a12f03cd37b74a55c12314cc4ff4465882
data/raw/Training/glioma/Tr-gl_818.jpg,glioma,0,Training,train,ae85d24aa7f79cd5a521ff5e3e9a58feed4e7df42a9cc469e5cacf25c5d1784f
data/raw/Training/glioma/Tr-gl_819.jpg,glioma,0,Training,train,eb43b38c7f6454dbd95cc4d5caec34ad9c89afa13ec2ce962443b46a85a5a820
data/raw/Training/glioma/Tr-gl_822.jpg,glioma,0,Training,train,e8e4eba7def874eab75aa0b572e8899655c035345d0b06d4598a9f4130fd7fe8
data/raw/Training/glioma/Tr-gl_823.jpg,glioma,0,Training,train,e803a3e10f73f993deb46672b973ef17c17b9535964bc0b1e18cd6bbf531442c
data/raw/Training/glioma/Tr-gl_824.jpg,glioma,0,Training,train,3830fa89186bf90b1034b657898b56e4ee2416eaf9bf7c6c79084efde5ae4147
data/raw/Training/glioma/Tr-gl_825.jpg,glioma,0,Training,train,7122e4a374687ac1fa28423707e758ca1db30ba91432b6969bd1ff63410c6d20
data/raw/Training/glioma/Tr-gl_826.jpg,glioma,0,Training,train,1839d53c5b824565477b6358523bf603ede575b35744e86dae87e31a4ff20530
data/raw/Training/glioma/Tr-gl_827.jpg,glioma,0,Training,train,a7b34ba88ef8b47db096336683550988bbf8cb30042b37acaacb597d53a51b87
data/raw/Training/glioma/Tr-gl_828.jpg,glioma,0,Training,train,7190cfceab0b21d7fe99e0fefee5acc52041de7b2fb5315e3b33ee6fbf33c5e2
data/raw/Training/glioma/Tr-gl_83.jpg,glioma,0,Training,train,1d7053dbd9d3f26f51a295f055038e2a1f49613018f7107f91d9f52012503484
data/raw/Training/glioma/Tr-gl_830.jpg,glioma,0,Training,train,10725e50f1bcd1fc5777668d876a4d6ec0ace5ab5fa15e956d9201a7049b1a2c
data/raw/Training/glioma/Tr-gl_831.jpg,glioma,0,Training,train,eaf42edd86723065b3fe680e9e90e8ffcc83f8aef5191469dd75b9678091faf7
data/raw/Training/glioma/Tr-gl_832.jpg,glioma,0,Training,train,10702a477105e38c80cd69df298da270b5f38add859530b3b5c99e64f95268cc
data/raw/Training/glioma/Tr-gl_833.jpg,glioma,0,Training,train,e1b81e62ceb1b2dec67af52f601b5d8b68dcdc73cf995cd1e66880ead026793f
data/raw/Training/glioma/Tr-gl_834.jpg,glioma,0,Training,train,597a1f342795494fc53bf42bb691face05cebd924cb9e84fb32b0ef11860eee2
data/raw/Training/glioma/Tr-gl_835.jpg,glioma,0,Training,train,ff63857a8aa06cdbfbd40b5d828324866fe91cab14c886957162af8164aaba7f
data/raw/Training/glioma/Tr-gl_836.jpg,glioma,0,Training,train,0031a6f69f5c0eaf538e696764d68923dc1d4514d8fe374ea7dbef85d9d739ca
data/raw/Training/glioma/Tr-gl_837.jpg,glioma,0,Training,train,ca3e04e2daa1e5c6c51f0c1d36a161f41f8d7845543913ecb1d2b3a58871e348
data/raw/Training/glioma/Tr-gl_838.jpg,glioma,0,Training,train,aeae1e79c821ef737b24f288bf125e8112ae2b6eabcf85e8be58085f6b2c0718
data/raw/Training/glioma/Tr-gl_839.jpg,glioma,0,Training,train,043a2e8857ac164f6228500db9060a24c3b5ac99ffddcbc15c7342b09f35fbc9
data/raw/Training/glioma/Tr-gl_84.jpg,glioma,0,Training,train,6ae7fa1a208c898b51bbbea8688ffa4d194b44fb89055ecdf4bd4a196e2b30f6
data/raw/Training/glioma/Tr-gl_840.jpg,glioma,0,Training,train,09657b08e2f7520e3b043dee5bb900d0e5ac2e01198888c98c9811b60c466cc6
data/raw/Training/glioma/Tr-gl_841.jpg,glioma,0,Training,train,3a5282b3f1157d6f2ebb7b4a1d1f864bd260432040f5f82f52e9395002429b35
data/raw/Training/glioma/Tr-gl_842.jpg,glioma,0,Training,train,770663e653ee48f4ac6ab197cf68c0e581b6f69980b751a0d231eee00c1c0988
data/raw/Training/glioma/Tr-gl_844.jpg,glioma,0,Training,train,46cc22b720ccaecbee982d781b72c2b3bba07656f2019467cd95060f44c91582
data/raw/Training/glioma/Tr-gl_845.jpg,glioma,0,Training,train,c7ce0360b039a15c720838382256c621a1ebd82ddd5dc5aa6978e3e13b74d73a
data/raw/Training/glioma/Tr-gl_847.jpg,glioma,0,Training,train,832bb6fe0d17fd97049a3e052b459125e239d6288447e83290facfb844531187
data/raw/Training/glioma/Tr-gl_848.jpg,glioma,0,Training,train,6b7f500b517288e45f4701d154161ab48f570068974b92752ab8709447950703
data/raw/Training/glioma/Tr-gl_850.jpg,glioma,0,Training,train,5d8c25d44f9476a09de42f493af0bcdfcdffe2dac7a49bfa07252815a2416c38
data/raw/Training/glioma/Tr-gl_851.jpg,glioma,0,Training,train,6cf38674878dcaced0179552f1cc6a7f5a817534e8045fa5af27a828bacb0b83
data/raw/Training/glioma/Tr-gl_852.jpg,glioma,0,Training,train,ea418612f28d10411e4d86c67fca698f7be237842a273a176bc375af5f5f29bb
data/raw/Training/glioma/Tr-gl_853.jpg,glioma,0,Training,train,502f4172153ced4d17a4555353047ebb5ac34c92a6ad7702cb9b4b99560f5ed1
data/raw/Training/glioma/Tr-gl_854.jpg,glioma,0,Training,train,441e593fa3ae54ef5fa17e788b1e36a80839c815740825cc7620f37ef86d1a37
data/raw/Training/glioma/Tr-gl_855.jpg,glioma,0,Training,train,94c81cb1c8d9f11e8602ecfbf769a4ac73c858c78be21a7c534ea45ea178fa16
data/raw/Training/glioma/Tr-gl_856.jpg,glioma,0,Training,train,79a1b21d7459078f1f4ee2e2ccceff940d44b3309cb1e04e8ee4970dd545f7dc
data/raw/Training/glioma/Tr-gl_857.jpg,glioma,0,Training,train,fe1144021c236c2be58382751422ca0572993d3c557c8a5b2f4e947a789b9899
data/raw/Training/glioma/Tr-gl_858.jpg,glioma,0,Training,train,49ad14ef934e05f61b6bf64b8ce3ab2f9451adb28959bab389486c685c77546b
data/raw/Training/glioma/Tr-gl_86.jpg,glioma,0,Training,train,2dcdd4b1766dc422b0ba2ba2da18bdb2ab04edebcfa5dd5be854f66af47458ab
data/raw/Training/glioma/Tr-gl_861.jpg,glioma,0,Training,train,8f92f446ee6b036c6ff6da910f89fd3815460e11fa2c5481c81521375a387fc2
data/raw/Training/glioma/Tr-gl_862.jpg,glioma,0,Training,train,9458e2108f58e699fa18cb6bee590f4801f6c23b52bc923a8236571ddeb11989
data/raw/Training/glioma/Tr-gl_863.jpg,glioma,0,Training,train,1d47c700cd1b49d3e0f8ca8e119bc9429b33dcabef96cc012dfe343a41a8e859
data/raw/Training/glioma/Tr-gl_864.jpg,glioma,0,Training,train,6047e748651887e472a49b1d88466834342c5ef37dbfe6b468bab7c43dc78627
data/raw/Training/glioma/Tr-gl_866.jpg,glioma,0,Training,train,eedae8d3a5445292fe51d2f4a166c93a40ae43c907ba3a97b3c32b0afb511c17
data/raw/Training/glioma/Tr-gl_868.jpg,glioma,0,Training,train,7e5ffb95e6785b3976ea590374de2be588c5578cc2ea2bfa7487eb34d75d9d19
data/raw/Training/glioma/Tr-gl_869.jpg,glioma,0,Training,train,3d9618b232c695e3023ff62ae1230ba287fd2fe3dea69453a43cb6a658193ff0
data/raw/Training/glioma/Tr-gl_87.jpg,glioma,0,Training,train,fc995e13b75f7a73ebce395e7bba9ea485bc180661083c62cce261d734fc6b9b
data/raw/Training/glioma/Tr-gl_870.jpg,glioma,0,Training,train,f291633e2c43f4ee589e0eb3fadb42a9758a8a3ff4ef54a08897601eb3145227
data/raw/Training/glioma/Tr-gl_872.jpg,glioma,0,Training,train,6ea0335ff4facceed2d8493142f0b9a569aae6609e9b424e40b6467f1d4cd3d3
data/raw/Training/glioma/Tr-gl_873.jpg,glioma,0,Training,train,3172659b68ceef5a762bc5f6b97f8d584d529d95e4193e837248f2cd34c6435f
data/raw/Training/glioma/Tr-gl_874.jpg,glioma,0,Training,train,d02ffd7f3db1fe8fae42487ac44dd4f56d9a48d7650adf3b370a57ecf04e3980
data/raw/Training/glioma/Tr-gl_875.jpg,glioma,0,Training,train,63d9647a0d7c1b05b50082309d7bbf973fedfb0402dbb2d916d7ae6e93fb62be
data/raw/Training/glioma/Tr-gl_879.jpg,glioma,0,Training,train,567a6734a79f0d61c5380befc6bc2269f86ec8ab0fd5b476f84e264571c99096
data/raw/Training/glioma/Tr-gl_88.jpg,glioma,0,Training,train,c5ce17ea8b69731b474d01baf1f400468810038e1a3ff25c33e87bf96e332c65
data/raw/Training/glioma/Tr-gl_880.jpg,glioma,0,Training,train,4d1c448939dc09f60e049a5969f4157d2a40b877f0b9fe27e3f2461fd120b909
data/raw/Training/glioma/Tr-gl_881.jpg,glioma,0,Training,train,cb2fc2bf4494afc99a779e0a99f42d59b6341740ea0679aaccc178ecadebaf6d
data/raw/Training/glioma/Tr-gl_882.jpg,glioma,0,Training,train,e56c899bee7db956bcf23da3742f12a1b575b2954b7b411e441d7a53f5a71cb9
data/raw/Training/glioma/Tr-gl_883.jpg,glioma,0,Training,train,1c43ea5a3bf0e75e7a3efcd121d2fb12fb5d3fba69bef6382fd2325c8fb0a6a8
data/raw/Training/glioma/Tr-gl_884.jpg,glioma,0,Training,train,260068969775bc459c444ac90c2f8663001c05019076fb2739a218ed5debf3d3
data/raw/Training/glioma/Tr-gl_885.jpg,glioma,0,Training,train,335bd7878ded8ea8db4dbd897a52231e781ba4fd863c714415f331adaa340c4c
data/raw/Training/glioma/Tr-gl_886.jpg,glioma,0,Training,train,d85e2ecff96a2d14e3d1037c5e18d98b1d0167dcca40e9c3761e26e2e4ee2b60
data/raw/Training/glioma/Tr-gl_887.jpg,glioma,0,Training,train,6277d7b752bef17a567565d0078e07111ade8b3365c1f2d4ba3839b04e91a6e3
data/raw/Training/glioma/Tr-gl_888.jpg,glioma,0,Training,train,d7f3337ad798b840bb8626b03187caa5fc68fd5bb6a9af4ae1209c5b6dc5f705
data/raw/Training/glioma/Tr-gl_889.jpg,glioma,0,Training,train,053980449dbdc2afd6b1dc58c4982d6c43466accabf7393e830008b6111b612e
data/raw/Training/glioma/Tr-gl_89.jpg,glioma,0,Training,train,2b707e0e26e4a06122e91797d0687d57423353e165c3ff6adcb9729d887ddb8c
data/raw/Training/glioma/Tr-gl_890.jpg,glioma,0,Training,train,e91e724df60c0f8693754373178338cfb1c7d2eb9c56c4dd0f00499df2f3e249
data/raw/Training/glioma/Tr-gl_893.jpg,glioma,0,Training,train,2f5aae2aad72968499e633c8e3c02778ae5dc54ef5684cbda697ac18a9e76878
data/raw/Training/glioma/Tr-gl_894.jpg,glioma,0,Training,train,bd184d74d28b36305f758fb1b740bbfade635b9103dbc6b6236a7bab713cc8c3
data/raw/Training/glioma/Tr-gl_896.jpg,glioma,0,Training,train,38ca0b0926e30444a230c6963e8acb6b489507b9903b43d0ef5e3e23694f5612
data/raw/Training/glioma/Tr-gl_897.jpg,glioma,0,Training,train,2898c339bcafd5b91d93b0da78af5951ff360e010e64b7f98b96ca5f1f7e9506
data/raw/Training/glioma/Tr-gl_898.jpg,glioma,0,Training,train,f02ff7faf9c9bda4cf1dd9a9c85069e1fb87ae3f3a200696ec302d7e9b251038
data/raw/Training/glioma/Tr-gl_899.jpg,glioma,0,Training,train,8d872ed6256067b8c80fb2d0f60cb36513116ddafe07e821deb0c673e13aa6ea
data/raw/Training/glioma/Tr-gl_9.jpg,glioma,0,Training,train,e8b2bdd8423a91c4b99c63f5603c29673bc384db8635a74b601e2dc0ae908fdb
data/raw/Training/glioma/Tr-gl_90.jpg,glioma,0,Training,train,e6ba18e01130b322141d8c26282fdb59edd206a5ba72c96176791710c67c11bf
data/raw/Training/glioma/Tr-gl_901.jpg,glioma,0,Training,train,85d59fc3d0101e5fb737eef4cd85c8219bb99ae9b1b27d0e93b24e0ab2c0626f
data/raw/Training/glioma/Tr-gl_902.jpg,glioma,0,Training,train,58750466479d3777ff824d731d21945472a06a8847558b417ca27883fb3b3333
data/raw/Training/glioma/Tr-gl_903.jpg,glioma,0,Training,train,5e9f018066eea899fce2090a09df1dc8106307d4644b172c3acee9b553a6d463
data/raw/Training/glioma/Tr-gl_904.jpg,glioma,0,Training,train,240ae01bd3945265a0263fdad36389fe417588f8ce85ef42a22623bc40bf0e70
data/raw/Training/glioma/Tr-gl_905.jpg,glioma,0,Training,train,342048d7616ec64c2786981a0e367f57c644f34803396cf1a1ed6a3ec8c1730f
data/raw/Training/glioma/Tr-gl_906.jpg,glioma,0,Training,train,5876621358e5e56f73cc9678978042bbb437c2e7b0793862f4458b65a076c87f
data/raw/Training/glioma/Tr-gl_908.jpg,glioma,0,Training,train,6bd25d7590dfe327aa5191cdbc360a84d97c78ad70ff040d8d17061b3e4446cb
data/raw/Training/glioma/Tr-gl_909.jpg,glioma,0,Training,train,2fe9e7ae44292cb1e09ed72f3d2d7da76b67d7432d7c205d3b537ae3291a3c8c
data/raw/Training/glioma/Tr-gl_91.jpg,glioma,0,Training,train,9360dfe3b40e0a0d0e810dc83022412fa96b8db515b2083d6ca2dec712c5bf0a
data/raw/Training/glioma/Tr-gl_911.jpg,glioma,0,Training,train,339c684bf539d66abb62bd5fc2de9ed3dc386dd9b96ffb9816d569ca195e7af4
data/raw/Training/glioma/Tr-gl_912.jpg,glioma,0,Training,train,6c0dfe4b84f809fc972b89e5d716c8503cb25f0da9cc8992230c17bf93d4e190
data/raw/Training/glioma/Tr-gl_913.jpg,glioma,0,Training,train,6de70bf606e023da70c47b35485fab22da5217305b21865bde941c73adea485c
data/raw/Training/glioma/Tr-gl_915.jpg,glioma,0,Training,train,b5a57076f6b6d236c617e855e541b206cd4531bcda73e19555de79b771ef3104
data/raw/Training/glioma/Tr-gl_916.jpg,glioma,0,Training,train,a91b2884cf242230dd0ef5de2e64f8021c404060532d10f498a184f51fe095ea
data/raw/Training/glioma/Tr-gl_917.jpg,glioma,0,Training,train,1ddaff7cb6b968a84a4a8f06cd0a50f79d2760c43a11c3a0d4a58e411c218f07
data/raw/Training/glioma/Tr-gl_918.jpg,glioma,0,Training,train,d0650815000596d0b080e15ace6cd70f03291016c2e95dc0b10323cb80ea1e4f
data/raw/Training/glioma/Tr-gl_919.jpg,glioma,0,Training,train,3bcd10d5e1340fa7e0eba7be43fe8235da6845e82c9b0877b41bfe87ab0998de
data/raw/Training/glioma/Tr-gl_92.jpg,glioma,0,Training,train,8352602a8da56d20399496122302aa61410446fa02ee759ab485b89b5531fe1c
data/raw/Training/glioma/Tr-gl_921.jpg,glioma,0,Training,train,857ecf7ff7b093ad64e5b52ad5991c2ba4d54b06834d3f9f0819646ca67b2366
data/raw/Training/glioma/Tr-gl_922.jpg,glioma,0,Training,train,42f68e51aa6304064431da33b71356dfd91171ad37262396bfb95e457e142da2
data/raw/Training/glioma/Tr-gl_923.jpg,glioma,0,Training,train,e585a8d89882af649da0f3f66f05163342e4290977c43e572c2fc988b6769969
data/raw/Training/glioma/Tr-gl_924.jpg,glioma,0,Training,train,1d127bfe899af629fa92e41459c602e7b2cdbe7e8fa13d2b3459adef4880e8fb
data/raw/Training/glioma/Tr-gl_925.jpg,glioma,0,Training,train,c746b5ec5c4b565d061407c188714f6c160e403849ea4d642fcb81f1119b44a1
data/raw/Training/glioma/Tr-gl_926.jpg,glioma,0,Training,train,a7eb14f5ead7eabcce28fd3553c636dd36602e7783a8a0ebece67dfe31c8b4d9
data/raw/Training/glioma/Tr-gl_928.jpg,glioma,0,Training,train,3f092422a581888fc028c43ee346f415304dacd5f02f8c651b31e7e8974e61a2
data/raw/Training/glioma/Tr-gl_929.jpg,glioma,0,Training,train,75ab36c9c5f94f6c29ea4709721e8b953d87cfadf6e51cffa9235744c5fd02fe
data/raw/Training/glioma/Tr-gl_930.jpg,glioma,0,Training,train,a45d47d3297ff75dc9838a2fd7782022e7adeb1fdd5020ea18fd0c80559b8899
data/raw/Training/glioma/Tr-gl_931.jpg,glioma,0,Training,train,57aaaf1c82e82c9e3c0ba5c1190de5edfe67307c2474324f49cbd3f34c092b06
data/raw/Training/glioma/Tr-gl_932.jpg,glioma,0,Training,train,0ab4cc1980d59476e5914ea4b1c5cd2f8000f3a33ecfefc03e637f984f8701fa
data/raw/Training/glioma/Tr-gl_934.jpg,glioma,0,Training,train,de4c5f93106783db2f6cd5d40cbebde39fd265ba5c09981d3eb736c7f216216a
data/raw/Training/glioma/Tr-gl_936.jpg,glioma,0,Training,train,479c5b0bb8b6875f662c99db8ecc59da354e71111b27529d7625685a55bc2924
data/raw/Training/glioma/Tr-gl_937.jpg,glioma,0,Training,train,dc7055c31f59ce122a29e5a4573cbf0e404efdaaf3ed1b2786ff58d11fdf9570
data/raw/Training/glioma/Tr-gl_938.jpg,glioma,0,Training,train,797da5b7397289ba058e29216667330f37c8ce586e1576b297e51d18786228ac
data/raw/Training/glioma/Tr-gl_939.jpg,glioma,0,Training,train,9d0582e0ea1b87ad06e2753a605cc54f5d622e0a68ba1b0ef96eff29b5cb6437
data/raw/Training/glioma/Tr-gl_94.jpg,glioma,0,Training,train,491e9e553b5864ac5e3a7fcd69b9ad509ca98fc4231497e952fd393c6c04ac6c
data/raw/Training/glioma/Tr-gl_940.jpg,glioma,0,Training,train,4cde248af7624252afe1d9c5e77a3a70c8841478dc9d9dc3e2ebf65a37a4d1fe
data/raw/Training/glioma/Tr-gl_941.jpg,glioma,0,Training,train,8835d88b5fc5f78a7f090b86e46bb6e78cd4d73d8c079e57b2d7a49e838ad62a
data/raw/Training/glioma/Tr-gl_942.jpg,glioma,0,Training,train,17eeac3440234a20194b5f5c1814209b6ca76516cb97277c33f2ac882e8cbc05
data/raw/Training/glioma/Tr-gl_943.jpg,glioma,0,Training,train,8fc64ad2589ff8bcd3ed24e8a4730eadd997f17f1a64f509beb3952cef3a5c50
data/raw/Training/glioma/Tr-gl_945.jpg,glioma,0,Training,train,8f3e05adbe2b23299deccdcc522295b34f9b27cfe51bdb5b500ea2fc6da5438d
data/raw/Training/glioma/Tr-gl_946.jpg,glioma,0,Training,train,a49f9a4f746c652742c6e1ae76e22d4db132c3020d678b8e6d9f863e6ec5f954
data/raw/Training/glioma/Tr-gl_947.jpg,glioma,0,Training,train,4073419a9e022848bd351e286fbb82c04607aea56bf762b51ab1d7ffd2a3c830
data/raw/Training/glioma/Tr-gl_948.jpg,glioma,0,Training,train,04988ea9700c3a21a60aa075e3f0615550b0372f75326462f3c9b2e300b4f0e2
data/raw/Training/glioma/Tr-gl_949.jpg,glioma,0,Training,train,632c68fb5e5558ceba8a43789dab21e2131b1ea645ba0b8cb03435f713f92c7c
data/raw/Training/glioma/Tr-gl_95.jpg,glioma,0,Training,train,c44e5920cfb60484613272eede5c1e2b6819513b00215d47308215f9618380db
data/raw/Training/glioma/Tr-gl_951.jpg,glioma,0,Training,train,5c14e8851aafe430aa95f57dad831a021a928f085985b7f48531e7ccb8b44470
data/raw/Training/glioma/Tr-gl_952.jpg,glioma,0,Training,train,4d2aef2c6a6c428ab3a48c439fb64a3dbb5031490d22209ca7ff0f79f7e55a14
data/raw/Training/glioma/Tr-gl_954.jpg,glioma,0,Training,train,82f40def618ad530ceb715478291d65e0ad0b86b843acd4d5bba4414c375b523
data/raw/Training/glioma/Tr-gl_955.jpg,glioma,0,Training,train,b4f34c13ddba75954871e7f26dad67c3593306528779c792ea2a0c0d79bdcc3a
data/raw/Training/glioma/Tr-gl_956.jpg,glioma,0,Training,train,19adbda514220979a50ad99dde80d92caf4c36048f5013e9f61bf16750466c68
data/raw/Training/glioma/Tr-gl_957.jpg,glioma,0,Training,train,935725a604ff6ceb3547804403932afd6d69672de8a22da46ee122867389d976
data/raw/Training/glioma/Tr-gl_958.jpg,glioma,0,Training,train,597e2e62ffd9302440980aa1d4935210c61b599da4d55c51d766e42a2faa192f
data/raw/Training/glioma/Tr-gl_959.jpg,glioma,0,Training,train,8f7db54485a24879e7849809fdba3627c525dbb79d6ee6f71960715a86b28f71
data/raw/Training/glioma/Tr-gl_96.jpg,glioma,0,Training,train,6a6123190bead8fe55e131dd3eca432ac00b6d4c0b958704efcae9c1deadafde
data/raw/Training/glioma/Tr-gl_960.jpg,glioma,0,Training,train,b2dd3826363764467eaf32a49acd39d802f01e519ff24d0cfb8ed3bc1085780c
data/raw/Training/glioma/Tr-gl_961.jpg,glioma,0,Training,train,0e9f303e3494540dc1cb1cc88fed0e21e0ee2266147fe79dcb43346c46f1c010
data/raw/Training/glioma/Tr-gl_962.jpg,glioma,0,Training,train,d0c2ff85a97206d2c459c6381a8c70d8bf82b0af99ec78a22d8ee55186a72921
data/raw/Training/glioma/Tr-gl_963.jpg,glioma,0,Training,train,2afc9c088f3480c8706693fce83937948aed2d1b7f9ac2d3905a67463707e74c
data/raw/Training/glioma/Tr-gl_964.jpg,glioma,0,Training,train,75e01feaaa0cad06729098926a25ab4398d62a292f1dce5de62e363c7b7f428d
data/raw/Training/glioma/Tr-gl_965.jpg,glioma,0,Training,train,3495441cbbb6f3846fe7fff6913e62eaac64f9b8f7a715525b9a6ba940ee7acd
data/raw/Training/glioma/Tr-gl_966.jpg,glioma,0,Training,train,16c7fe6051b5106b6b15618980505b2bfac09f3b6e6b4ff4dd0f8b3646e16aee
data/raw/Training/glioma/Tr-gl_967.jpg,glioma,0,Training,train,f0860effbaae4401e6d32d7346aebcbf3d2104bd83e380a3d94bc419fd95b3eb
data/raw/Training/glioma/Tr-gl_968.jpg,glioma,0,Training,train,cdcae162e13d06dc2b6a5a936cfccf17a2d4ef83a599e5e3501356be6783f897
data/raw/Training/glioma/Tr-gl_969.jpg,glioma,0,Training,train,bb782b8598de2e0ff2997d0b49ea258d97e88899f61dcf111176f6b677e9a1f0
data/raw/Training/glioma/Tr-gl_97.jpg,glioma,0,Training,train,39e358477374a50436c2736593dc5cc0d9992e7eb507fff20ea4685ecdeef0ae
data/raw/Training/glioma/Tr-gl_971.jpg,glioma,0,Training,train,3b69c04b6ac2cd9289233845370844781b78e31d526a57398693e12624306d83
data/raw/Training/glioma/Tr-gl_972.jpg,glioma,0,Training,train,840dbb222ae5c8eb09038dc014f023ff1e0e440f872e81a52904bb2b1c3046eb
data/raw/Training/glioma/Tr-gl_973.jpg,glioma,0,Training,train,7d8aa6a3ef9ad68abd21eaf058996327c05aae7df87d1442133428bcebff0f93
data/raw/Training/glioma/Tr-gl_974.jpg,glioma,0,Training,train,87166c67802faea9de701fc4b139c224d77a230eda104ec8e6690fb2415a5a85
data/raw/Training/glioma/Tr-gl_975.jpg,glioma,0,Training,train,c89e0e2671a69f1f41faab75d450cea0df31ec116c9f95347782cbc97d03eae1
data/raw/Training/glioma/Tr-gl_977.jpg,glioma,0,Training,train,200b959652de0f60b47efcff3407e3948439be92b37d96909c07a4d1d073ec2d
data/raw/Training/glioma/Tr-gl_978.jpg,glioma,0,Training,train,efecfbddc2e72c7503c7b5e158f00743cea0f629a02d6eda3c79a6543666997f
data/raw/Training/glioma/Tr-gl_979.jpg,glioma,0,Training,train,68c55c961c7e953c3a45d9e24ea74bd8d673285a428f5ee13ea69785f89e4cdc
data/raw/Training/glioma/Tr-gl_98.jpg,glioma,0,Training,train,e7d18d932902844ce8dda2e20453e44b7403c53ec9378a978e98047ceb7619dc
data/raw/Training/glioma/Tr-gl_980.jpg,glioma,0,Training,train,650eb0b8557e3b2c6835e47e77974d8c8172f66852850ec2d29940e890ab011a
data/raw/Training/glioma/Tr-gl_981.jpg,glioma,0,Training,train,7cb479ac3290e8b903cd1d3a91dcfdda3269446b7c996591b0f5784bf520bba4
data/raw/Training/glioma/Tr-gl_982.jpg,glioma,0,Training,train,f9edd53c12e8fff12659f93e5074df07ffc20c2396b8f8046f70e8089c1f6729
data/raw/Training/glioma/Tr-gl_983.jpg,glioma,0,Training,train,90fa1290b5404d9f1c6988dc84626e8919bc01dd767171f519b88f45c1992f4f
data/raw/Training/glioma/Tr-gl_984.jpg,glioma,0,Training,train,8bf3f5b8a9dbc61f0244a794db389d7d14e028e06d0e9cf97c74131a2c973c0e
data/raw/Training/glioma/Tr-gl_985.jpg,glioma,0,Training,train,c56492c4157d1d3c43c6b5177bd1a20467b1ab9b22007abfaacfbf62b75dc50f
data/raw/Training/glioma/Tr-gl_986.jpg,glioma,0,Training,train,066312ac02e6c0e7c81ca05110fce5bccea9ceb8d9a079af4d9c771cc70852a3
data/raw/Training/glioma/Tr-gl_987.jpg,glioma,0,Training,train,ea0d541df44da0ceca4311ac7fca0ba28b1ab4799ffc82bbf3e1b39735b16a53
data/raw/Training/glioma/Tr-gl_988.jpg,glioma,0,Training,train,f2070cb819053694fe111794ae7701aa21f9d0e40dfbbf8ea5fbd654cfdf03be
data/raw/Training/glioma/Tr-gl_989.jpg,glioma,0,Training,train,491436918a8960474f538591f328e4b6456d331a75f45d0c3101a0831bb589c1
data/raw/Training/glioma/Tr-gl_99.jpg,glioma,0,Training,train,c6d2c563cc858651ee824e8ef5aaf5c091a7aa64b8ba8a72ed59dd979002212f
data/raw/Training/glioma/Tr-gl_990.jpg,glioma,0,Training,train,b50520639cff95eb47d12052ae19fe621805e6f1d08e0320e78eb6961e127bb1
data/raw/Training/glioma/Tr-gl_992.jpg,glioma,0,Training,train,269efdd85f07993965eba4d38435f52c5a87eff47c2784e1f781c3c51e465e5c
data/raw/Training/glioma/Tr-gl_993.jpg,glioma,0,Training,train,00447a5e4dba64bb0e3e97c8c943131b85bd5c27aec22ca12cc3b824f20f53c6
data/raw/Training/glioma/Tr-gl_994.jpg,glioma,0,Training,train,48331ba7fe64a0b7325b9da0a391ffcedc5da399b8a7aff69f892bd4862fcb7e
data/raw/Training/glioma/Tr-gl_995.jpg,glioma,0,Training,train,355fa126a47272bac78d14387c5cd839047a8d20eadb12b9e9ee9f0d4d8ce0ff
data/raw/Training/glioma/Tr-gl_996.jpg,glioma,0,Training,train,23f6f5b24aa993918bdf9fdaea8a3fd815fb156d68498620802696848d405e2f
data/raw/Training/glioma/Tr-gl_997.jpg,glioma,0,Training,train,b4664b8d90022794e4db954e8a9a991f503a686e9634af62073dff4665f96fca
data/raw/Training/glioma/Tr-gl_998.jpg,glioma,0,Training,train,53d1ea1067f2de417b9d1b3e968ccd67216660306878b9c90ac82d48e679731d
data/raw/Training/meningioma/Tr-aug-me_10.jpg,meningioma,1,Training,train,7c76187c5483f47479d962553ad0e41e7411fb949752aa1ee23003d38c9fa2ef
data/raw/Training/meningioma/Tr-aug-me_100.jpg,meningioma,1,Training,train,bae057adae86b07a451d1dda48ad4d5cc2f3df8231046a56e83a4bc3fbe143ee
data/raw/Training/meningioma/Tr-aug-me_12.jpg,meningioma,1,Training,train,0615336a3a790d004a69464533500c3f751ae1896227fc94050ae92055e123e7
data/raw/Training/meningioma/Tr-aug-me_13.jpg,meningioma,1,Training,train,be311e134c1ecb5a2b1c54a637be3fdc1f9478c86cf0ff81994af636d501e3be
data/raw/Training/meningioma/Tr-aug-me_16.jpg,meningioma,1,Training,train,3ca50538c2f1e669a4898e99fe4699b8e9884671689ff469b305beeab51a1661
data/raw/Training/meningioma/Tr-aug-me_17.jpg,meningioma,1,Training,train,a1859abd8bde50367403f5ec4f3fdb21e6f7bdf69d9b9dc19582d35c07910251
data/raw/Training/meningioma/Tr-aug-me_2.jpg,meningioma,1,Training,train,a902146245b78be12e1ea3756c9fed28bb76868e64a735331cbf2050ba67fa62
data/raw/Training/meningioma/Tr-aug-me_20.jpg,meningioma,1,Training,train,51eaab66e0daca0e5e1734d2898e47623fb43a9a5cd200667b506e5c19820745
data/raw/Training/meningioma/Tr-aug-me_22.jpg,meningioma,1,Training,train,00c8c3d53ff580796f5f765216735b7fb18da88eaacf5957b20c6ea1a6e33981
data/raw/Training/meningioma/Tr-aug-me_23.jpg,meningioma,1,Training,train,a8a34c2891545dba6ee909c7544a1913b595905f80390e441311f1e1e0957530
data/raw/Training/meningioma/Tr-aug-me_25.jpg,meningioma,1,Training,train,33a007635d12454623593e931ab4a71d875c7f815f718042336658d8c7f6c58e
data/raw/Training/meningioma/Tr-aug-me_26.jpg,meningioma,1,Training,train,77dcdc83af80b8b1a9114e42a06e69c4e797c35ca57dbc7e92fb8ab20adee9b0
data/raw/Training/meningioma/Tr-aug-me_27.jpg,meningioma,1,Training,train,bf869906a484c9d578d1e85b4b7e5de35d0c0e0c76ee04f2264d8664d2d9fd8a
data/raw/Training/meningioma/Tr-aug-me_28.jpg,meningioma,1,Training,train,97f6d535a7a8bcc7d12e408745fcedce38b33e9d8ef05539d020d6b0ead67273
data/raw/Training/meningioma/Tr-aug-me_3.jpg,meningioma,1,Training,train,3eb113302e8d7aa67d726c0017e18f7df371dd32fd291f6e4bc467a32648b34d
data/raw/Training/meningioma/Tr-aug-me_31.jpg,meningioma,1,Training,train,e008e1912d671fad97f0771a5bd1e0aa57fe4fbbbae07100a1f1f0d9ece5d523
data/raw/Training/meningioma/Tr-aug-me_32.jpg,meningioma,1,Training,train,3c7a6c308708821f348121cf3ee9c4cf447a3afca4138dd3ade473ea0bde8edb
data/raw/Training/meningioma/Tr-aug-me_33.jpg,meningioma,1,Training,train,632dd2f8bee9a7ed5e977bac76d6bc884c1d77b0ed53da279455777b25286be5
data/raw/Training/meningioma/Tr-aug-me_34.jpg,meningioma,1,Training,train,c292dda3c100f43386e6100a59bcf440d61a6ba566cfba5eb814e66050475283
data/raw/Training/meningioma/Tr-aug-me_35.jpg,meningioma,1,Training,train,0adaa884f948a8e65a33f7e59784990293e1620d6ddb788a9897b6a6b543498d
data/raw/Training/meningioma/Tr-aug-me_36.jpg,meningioma,1,Training,train,460f6d00369b16c1efb7ea1ec0c9d0ddb54e19fea8a01bef3e3ba8a502fccf9d
data/raw/Training/meningioma/Tr-aug-me_37.jpg,meningioma,1,Training,train,b2992e6b4332d95a1259f81763d990860f0c6d73e1ddcdd0195ec6c25e6d5a06
data/raw/Training/meningioma/Tr-aug-me_38.jpg,meningioma,1,Training,train,dd67b6cc1d49d341379d94f38c398e821116c2a50cbc2e66771dc0079620eaeb
data/raw/Training/meningioma/Tr-aug-me_39.jpg,meningioma,1,Training,train,26233e453ea02e7dc9f10bed16e48502ee9ff31c58e32e02105cc43543e0fa5f
data/raw/Training/meningioma/Tr-aug-me_40.jpg,meningioma,1,Training,train,0d4f1aebe171eafb3015b051a2356c265508385a3f4a3f2503d1626b0be791d5
data/raw/Training/meningioma/Tr-aug-me_42.jpg,meningioma,1,Training,train,8153d4fe740412b8ef01a30521ddd0c1ce4d982eed5e99ecaab05e989ae794fd
data/raw/Training/meningioma/Tr-aug-me_43.jpg,meningioma,1,Training,train,bba0f61966100c4702d83731f0290ea22c80bfd28d356d4b4c3e87eee597354d
data/raw/Training/meningioma/Tr-aug-me_44.jpg,meningioma,1,Training,train,40246c7527e2a2c685ecd1d21b1c06d6f8ee9e986a9b96dff2dfbe26ccf46442
data/raw/Training/meningioma/Tr-aug-me_45.jpg,meningioma,1,Training,train,8278fcfb6f3de451852994816c9e808f4ea382dfa951cdac12fd638fe5ed5ebb
data/raw/Training/meningioma/Tr-aug-me_47.jpg,meningioma,1,Training,train,0b2482a789d5b39a36d7790e0a600397415287f2e6d8050d4b58a29e5b84d5f4
data/raw/Training/meningioma/Tr-aug-me_48.jpg,meningioma,1,Training,train,1349e6fa48787081459a84d8ef53deff37cead2c544640a93eebbac190a07ceb
data/raw/Training/meningioma/Tr-aug-me_49.jpg,meningioma,1,Training,train,33f7eba584db48b243f1e983ceca28b4950e38f00a02c100b1fbd1ca790fabd3
data/raw/Training/meningioma/Tr-aug-me_5.jpg,meningioma,1,Training,train,2a283e764f0f0f4baf8fb27042b0963604c84c6cc088100c26bb630c1c32c6c5
data/raw/Training/meningioma/Tr-aug-me_50.jpg,meningioma,1,Training,train,ba6a7293bc901c5e75b93805335289387aa0045dda0b5d8ec53312908b95e6ea
data/raw/Training/meningioma/Tr-aug-me_52.jpg,meningioma,1,Training,train,b199420d92fec201701838ebf3550cf2741d56784e7b2e8541680283d21c4cb2
data/raw/Training/meningioma/Tr-aug-me_53.jpg,meningioma,1,Training,train,b8fd688db80f3b8686b45765fe6d97862cfdbe1f2ee7306af4b3e6247b7000f1
data/raw/Training/meningioma/Tr-aug-me_55.jpg,meningioma,1,Training,train,c111e81603947f8485e08cc77640ab97fdd18674bc81bee226c477406dbda78d
data/raw/Training/meningioma/Tr-aug-me_56.jpg,meningioma,1,Training,train,1da9be7814f93669ef4a9613a7df5b40e6c55b27d8cda6875eaa7601821e12a5
data/raw/Training/meningioma/Tr-aug-me_57.jpg,meningioma,1,Training,train,1b33488a761a5be2311c2eb8ea0061630b3e76719cb6baf2210b8fc41d6b7a65
data/raw/Training/meningioma/Tr-aug-me_58.jpg,meningioma,1,Training,train,3fd1ea46215e5b695580fe9e4061e3370659fe5b257a318bed70b22c47bde8b6
data/raw/Training/meningioma/Tr-aug-me_59.jpg,meningioma,1,Training,train,86035ce6835610a316297df3e04bfaa1bf65fd781e828a20470b6212157e790c
data/raw/Training/meningioma/Tr-aug-me_6.jpg,meningioma,1,Training,train,5f5ca6ea647c67a5a4ff1f870729ab4edda7de0ff5e791768a4daa55600ff94a
data/raw/Training/meningioma/Tr-aug-me_61.jpg,meningioma,1,Training,train,285d3ab2b866d89c534bf7d9ff011266d9fbbdbca23d1d7c8dda62a466e91bb2
data/raw/Training/meningioma/Tr-aug-me_62.jpg,meningioma,1,Training,train,a50c46a5fb0ff4ec257f72d8afcc4536ad564a493a18f538309dc790dec298ff
data/raw/Training/meningioma/Tr-aug-me_63.jpg,meningioma,1,Training,train,b6ba3203b90451bb08bf218e6b0ebf15c72131e1dfebbc0acb79b0a540db3951
data/raw/Training/meningioma/Tr-aug-me_64.jpg,meningioma,1,Training,train,9f38fbb03025cb18612d338a12a77cc2e52b4d78f79b8e402c5a9690488c2ee9
data/raw/Training/meningioma/Tr-aug-me_65.jpg,meningioma,1,Training,train,99a472ad4e769a62a4b98a6a614770b0f07a91d64b46d1aebd934c400c3a1f34
data/raw/Training/meningioma/Tr-aug-me_66.jpg,meningioma,1,Training,train,c6caea871a999f1240f80f498386d069398ebb933ba6333e1e113b98cf58829f
data/raw/Training/meningioma/Tr-aug-me_67.jpg,meningioma,1,Training,train,9f998e7c29943e610da04a26a9b8022aa94046c9fed76af00a3f14960135129e
data/raw/Training/meningioma/Tr-aug-me_68.jpg,meningioma,1,Training,train,efdab6944e91c968ab44248a9371d2ce6cccebf9dc20d3dcbf2977d07509658f
data/raw/Training/meningioma/Tr-aug-me_69.jpg,meningioma,1,Training,train,467cb7b1c96929ac3dfe1ae9ee737c43cb83ec29d9f2ee2bf187eb8c6b7e16d5
data/raw/Training/meningioma/Tr-aug-me_7.jpg,meningioma,1,Training,train,0ae59c938f03327a1048e94f17ded2498a6d2e5413038bb40247220a9b24dc7d
data/raw/Training/meningioma/Tr-aug-me_70.jpg,meningioma,1,Training,train,97c1d7035e2fcae6184026a6eb62e458ec5448c66955058056d3ea30289904a6
data/raw/Training/meningioma/Tr-aug-me_71.jpg,meningioma,1,Training,train,cb0e2771e39b5a4ffb79eb805f40e23fbb80dc45c294afdae3c245e038a7a791
data/raw/Training/meningioma/Tr-aug-me_72.jpg,meningioma,1,Training,train,6ff666663d1efe717c38f5efea7ed7a1bc29210b426758813b9b37a6369449d1
data/raw/Training/meningioma/Tr-aug-me_73.jpg,meningioma,1,Training,train,9b5d3ca6c088be2d46e36ca210038263cca6221ab5d2ee6ba4e29978908fcea4
data/raw/Training/meningioma/Tr-aug-me_75.jpg,meningioma,1,Training,train,5cf0a9333dc348e7e3dbb0e782684baa469232173ade3240d30551077121d0e1
data/raw/Training/meningioma/Tr-aug-me_76.jpg,meningioma,1,Training,train,ae2bcf6c48b0774df4cd1917d9a5293788471c3baf434b7c0dcd08ac2cfd3b6b
data/raw/Training/meningioma/Tr-aug-me_77.jpg,meningioma,1,Training,train,e047ff7a00d96835ca5104495ca2adf138126c3ee3420a02f169ed243d425110
data/raw/Training/meningioma/Tr-aug-me_78.jpg,meningioma,1,Training,train,38bc8978fe96bb488124e02ed9065fa4c5282a132b960a8003d62b316aaa5a2c
data/raw/Training/meningioma/Tr-aug-me_79.jpg,meningioma,1,Training,train,a54e819cc7bad9efa847e08694fc48607c3cb317e22fb37fd36fab5297d69955
data/raw/Training/meningioma/Tr-aug-me_8.jpg,meningioma,1,Training,train,81de38f2823146b82982a846f791af60a17bfe1592764ba72dd73297bb365234
data/raw/Training/meningioma/Tr-aug-me_81.jpg,meningioma,1,Training,train,317b94e7d9ad7788c8fff5a6db0f1f9188da588c5511caea6c2fb94c725c3aef
data/raw/Training/meningioma/Tr-aug-me_82.jpg,meningioma,1,Training,train,ba11464d476f7136d4725a6604b0d2682c32aef4eabb9593334b060d8aa646f7
data/raw/Training/meningioma/Tr-aug-me_84.jpg,meningioma,1,Training,train,0ba0ee3fff4061497f5cac111a2cfbc380a0a80f49682934ecef0163e17cab9c
data/raw/Training/meningioma/Tr-aug-me_85.jpg,meningioma,1,Training,train,52a18b71c9df3b6ae1f80f0e8e6bb249d48865f146d6c4c4611bce632180535d
data/raw/Training/meningioma/Tr-aug-me_86.jpg,meningioma,1,Training,train,12fd103c3274c0834b0b67fc5e3cb7499aa5a8a0d2128260f40ccd03f3511e4c
data/raw/Training/meningioma/Tr-aug-me_87.jpg,meningioma,1,Training,train,0ae021e221cf0803074d8359da04af9e76e9879fc056d6205ee35caa2826557c
data/raw/Training/meningioma/Tr-aug-me_88.jpg,meningioma,1,Training,train,8aa9836a326072bf49f4d604a9d247d9b75e7ebfa1ce14790233d5dbafa24297
data/raw/Training/meningioma/Tr-aug-me_89.jpg,meningioma,1,Training,train,0f673459b5dba7f9dab9a6a32309e2c89ddf4bb9b799d3350f56c33e8cc8b2d3
data/raw/Training/meningioma/Tr-aug-me_9.jpg,meningioma,1,Training,train,41c35977c6660def7fac02f008ff10cc05bea3e9f5e5c068ea07dc514ed1e091
data/raw/Training/meningioma/Tr-aug-me_90.jpg,meningioma,1,Training,train,e50960c499e99a17df350e4f261d140bb10d74d9a3d81d91c4878542e2b32538
data/raw/Training/meningioma/Tr-aug-me_92.jpg,meningioma,1,Training,train,8f9c305ee1ad7c0f9e616d2f95e5536f5858b575e81d7a56e98b574bb8a20666
data/raw/Training/meningioma/Tr-aug-me_93.jpg,meningioma,1,Training,train,77d1a53171807f4ac1df61651a8f2fc8f631ef6632810bd69abc454f60068cef
data/raw/Training/meningioma/Tr-aug-me_95.jpg,meningioma,1,Training,train,ef0e11d139ea444dbd4e266a8ccd3f79d22d82c5b16189481ec4047b605fb9c8
data/raw/Training/meningioma/Tr-aug-me_97.jpg,meningioma,1,Training,train,089a7ad8107e9ef50fc7c35e7407b18fcda170be3707749807a059a5cb46b3a8
data/raw/Training/meningioma/Tr-aug-me_98.jpg,meningioma,1,Training,train,47659f0b7a3739148ba3a036ec2204283a0a233876b0a0458bf251bfae9c2da8
data/raw/Training/meningioma/Tr-aug-me_99.jpg,meningioma,1,Training,train,fde0dcb9f7a9aeb206a5f7fc9cadc37231f528162eabd29589c21b348e2315a1
data/raw/Training/meningioma/Tr-me_10.jpg,meningioma,1,Training,train,cf6c6452629f82caf858493dc4fd1b7f8750e80c6734f8c24534234a12a2d788
data/raw/Training/meningioma/Tr-me_100.jpg,meningioma,1,Training,train,60870bc1405033721a61e82207b508bbdf6b2f01e121894a31eb72e13dffd2a3
data/raw/Training/meningioma/Tr-me_1000.jpg,meningioma,1,Training,train,7b845476e04cf31b3bcd9e37f9a842b05c641b282616b61d045cba505838cecd
data/raw/Training/meningioma/Tr-me_1001.jpg,meningioma,1,Training,train,d1fbe24437fc4cb49d06fb69801cbf603ccc899c93f167d4e661e319ed1f60c3
data/raw/Training/meningioma/Tr-me_1002.jpg,meningioma,1,Training,train,bbba75f879197828cb45d31a22535a5cbb158279fd1c72854f47ce485945cb6a
data/raw/Training/meningioma/Tr-me_1003.jpg,meningioma,1,Training,train,9879d1a47ab7c12bf21c9b22a87c47089181f23e9952c505dbf242e95c9f1ff2
data/raw/Training/meningioma/Tr-me_1004.jpg,meningioma,1,Training,train,8fe41f7d5c06de536979dc0d092f6f74f9ebdea2cce9ac43c20043e41abb6c42
data/raw/Training/meningioma/Tr-me_1005.jpg,meningioma,1,Training,train,c9c719f67c1fb25b19f1ac7ed573feedc11edeac0c5ef8baed33591aed6a3f31
data/raw/Training/meningioma/Tr-me_1006.jpg,meningioma,1,Training,train,12ca77d5afe3b97deed68094ce4459a0aced7edc13b8f01fa5f12c1cc60de64c
data/raw/Training/meningioma/Tr-me_1007.jpg,meningioma,1,Training,train,e5a710a3d8a915ff01d88d12ca9b823f99a2b8fb7d4fc9d0fce83075af6763a0
data/raw/Training/meningioma/Tr-me_1009.jpg,meningioma,1,Training,train,dec38f39f9d5fb3f9de8366ad4fd6eaa003a19df6c4af80c0d532f2ec58f4c03
data/raw/Training/meningioma/Tr-me_101.jpg,meningioma,1,Training,train,70bc6bf62eba29b778424c75ee64990a0f0a790642c37b42b14da40b66436cf4
data/raw/Training/meningioma/Tr-me_1011.jpg,meningioma,1,Training,train,d0179dc2484764f0e0eab0b57af706705d96985d0e2d09a003b39f18be90f205
data/raw/Training/meningioma/Tr-me_1012.jpg,meningioma,1,Training,train,caea528c54089877b494d19b33bd17f8af44ad0ca64809e63d232d797c06aa95
data/raw/Training/meningioma/Tr-me_1014.jpg,meningioma,1,Training,train,f616b9837968d5071a28021d1dd0526700f49eb0633b8f1c93f10d3fa9add76b
data/raw/Training/meningioma/Tr-me_1015.jpg,meningioma,1,Training,train,2340d70c62a99e1d7580882378c5c4853b02338e213ea2d4dd2f19fc04c713ee
data/raw/Training/meningioma/Tr-me_1016.jpg,meningioma,1,Training,train,fda991dc9f8b4f2d4f5de80a95d3fc9175065125d5d8b8ad3bd4b4120c1b78ff
data/raw/Training/meningioma/Tr-me_1018.jpg,meningioma,1,Training,train,b57a76a9d3617f97323f664ebf06c63765770d44a131a40340fd0c215c6423d8
data/raw/Training/meningioma/Tr-me_102.jpg,meningioma,1,Training,train,0732cf62e96a0ac20c1a03c751cfbc557d3977edbeecb631007d9f8e9ca364f6
data/raw/Training/meningioma/Tr-me_1020.jpg,meningioma,1,Training,train,776c3800e19b2996f9383c938e81e25dd8c5dd03861cac9c3654de5f5d7e8a85
data/raw/Training/meningioma/Tr-me_1021.jpg,meningioma,1,Training,train,000b5af2922fff3ea689f3132b43538ffe9d01a8b9b2a09d4d0aa47ba94cda01
data/raw/Training/meningioma/Tr-me_1022.jpg,meningioma,1,Training,train,2cf3e6483649fee9ca52b17126833d9af483748d77fbc00a30306c436ef7e57c
data/raw/Training/meningioma/Tr-me_1023.jpg,meningioma,1,Training,train,8095b6db7da097f6358d1982ab320a75f85903629f4be721528c290b14d2d295
data/raw/Training/meningioma/Tr-me_1024.jpg,meningioma,1,Training,train,7cf6d10e0f346e398e88f9328c91bffbb32d40f94cb7e4c7ce64be18476b53ce
data/raw/Training/meningioma/Tr-me_1025.jpg,meningioma,1,Training,train,709b92f6da6aca8a5af8d5a7efb55d68bf595fb783b1d0559d558e04d1cd6bdf
data/raw/Training/meningioma/Tr-me_1026.jpg,meningioma,1,Training,train,e28edeb147e6e9347814198c4d3d87a4db27fbb3e6288829cea52effab51b445
data/raw/Training/meningioma/Tr-me_1027.jpg,meningioma,1,Training,train,b224ed7be94644e12c33893d9be14efac4d5fa9c6b478e87fd914a7c3a92aa4a
data/raw/Training/meningioma/Tr-me_1028.jpg,meningioma,1,Training,train,e0696e146056ae48ed1c40f897117ea2dfbaf01562794bb1369eb0a06e875e04
data/raw/Training/meningioma/Tr-me_1029.jpg,meningioma,1,Training,train,c681f02e453d7a75acdea8a94e1dd39134c12b1a0ed3d6487481037a5e7b31e1
data/raw/Training/meningioma/Tr-me_103.jpg,meningioma,1,Training,train,0ef2aae6efa29943937f234d199fbad54a8e41e9a0efec5e86edf5ef3ec3aaed
data/raw/Training/meningioma/Tr-me_1030.jpg,meningioma,1,Training,train,22fb98f697d09c353349e62d35ea9b8ae94b62252818d709024540eaf1d3e098
data/raw/Training/meningioma/Tr-me_1031.jpg,meningioma,1,Training,train,4f6e426282e18a7182cb6b0a2efbac62202042023bb134a5b6379060382f29f0
data/raw/Training/meningioma/Tr-me_1032.jpg,meningioma,1,Training,train,b935ceda3efda21b190162c79c7c447ffd76626dc57e4e5433265eedb70d6c0e
data/raw/Training/meningioma/Tr-me_1033.jpg,meningioma,1,Training,train,6850de4414799ffeff8453156b05e59049870b1e0801f956558ca825482a3a13
data/raw/Training/meningioma/Tr-me_1034.jpg,meningioma,1,Training,train,f55d3ff4051884490d6706a546adf897e5a8292031768aeb22a1c35d6ec28401
data/raw/Training/meningioma/Tr-me_1035.jpg,meningioma,1,Training,train,d3ee708ae264f067394217bca4567c36de8b1b971c86af06ab4d6477d1636c82
data/raw/Training/meningioma/Tr-me_1036.jpg,meningioma,1,Training,train,d3039cae81c2415c2de5e6217b19ecdad101db17547c4f8fd7e9e15b2d06f54c
data/raw/Training/meningioma/Tr-me_1037.jpg,meningioma,1,Training,train,8d0cc12a7236bc4168a4d0c59a711f64f25278388ec18c7e031af482e9b14e9b
data/raw/Training/meningioma/Tr-me_1038.jpg,meningioma,1,Training,train,368680826f15c1f4c48efa9c141ab0af7221673898b46fd44690693dfc9e5ffb
data/raw/Training/meningioma/Tr-me_1039.jpg,meningioma,1,Training,train,699fe696f159e80b8a97ae7c3b9d30af58141b7f1f02f3fea9c4fc3f4195a674
data/raw/Training/meningioma/Tr-me_104.jpg,meningioma,1,Training,train,63af1d654e0fead8c50f98a2a1f884eb517b7277ed7a1c9343d0861948721a5d
data/raw/Training/meningioma/Tr-me_1040.jpg,meningioma,1,Training,train,296f0ac03b09e428c8a10d7b2b8ccc9601ddcdfbfc458dd308d88ecce9c4b644
data/raw/Training/meningioma/Tr-me_1041.jpg,meningioma,1,Training,train,ad03d689068abc7b44d7e402763043b5989791e0ca8bbb8c2f72f521e0f4e15a
data/raw/Training/meningioma/Tr-me_1042.jpg,meningioma,1,Training,train,f5905c9492f81b7728f69be3050ee4413600bb35fd534b0437b47f02b6f56866
data/raw/Training/meningioma/Tr-me_1043.jpg,meningioma,1,Training,train,6bf34c4afcc8a3ba24d693418f7406a83d44e3bad7674c8f096084ce5307ca78
data/raw/Training/meningioma/Tr-me_1044.jpg,meningioma,1,Training,train,45938b1b529e1075b171d940aabb0388b4f863984ab96af7879025f0b31a668c
data/raw/Training/meningioma/Tr-me_1045.jpg,meningioma,1,Training,train,ba6065cf9eb3a1f1e5b2d8fe2cebb440e0ea99d027ed9ce0de0eb1483ab8a6b1
data/raw/Training/meningioma/Tr-me_1046.jpg,meningioma,1,Training,train,ddcf3a6432687f262538374d8a4dfb53d167f75c14901036188d957a393566ae
data/raw/Training/meningioma/Tr-me_1047.jpg,meningioma,1,Training,train,4562491cebe7661ce1600c644c0caa09196a84e22860fe691f6102d6546d927a
data/raw/Training/meningioma/Tr-me_1049.jpg,meningioma,1,Training,train,3e76e9db0fb5ff0ebbd2b460410779d305e1bdfde485687e022294b2f507b5bc
data/raw/Training/meningioma/Tr-me_105.jpg,meningioma,1,Training,train,8eba034711d5cd45561a26f8906feafa28e83f4cd5d056ccc69e5336b7ec18dd
data/raw/Training/meningioma/Tr-me_1050.jpg,meningioma,1,Training,train,ec8051542e21d423900015c9906a51027c9e1cbf0e061bc8b6819b69cf8a83a0
data/raw/Training/meningioma/Tr-me_1051.jpg,meningioma,1,Training,train,6c32a611d4dc0d67d3588a12f6d002baae88168e19fbffec89a4414efb8cb8dd
data/raw/Training/meningioma/Tr-me_1052.jpg,meningioma,1,Training,train,aa82daf28ee1beb42beea6edd2282d9d24016efc871fd89e6fe18d1258aca874
data/raw/Training/meningioma/Tr-me_1053.jpg,meningioma,1,Training,train,8cb77e10bcce1bc4f45b84adc01dfa6bc28862ddaac38d6e87e37b95aab09c3e
data/raw/Training/meningioma/Tr-me_1054.jpg,meningioma,1,Training,train,3314bf89e995b6def5a2376a064d07931eb6a8bb9021a9484fa93e50c8cdc329
data/raw/Training/meningioma/Tr-me_1055.jpg,meningioma,1,Training,train,f85e38d770a3ebc69142afb2005f7400fea8e01b286918528a374450a0939ee8
data/raw/Training/meningioma/Tr-me_1056.jpg,meningioma,1,Training,train,72d18f0f1a434720e92125690b2c489657efa7a3eb7deaa9f829994981f7e97e
data/raw/Training/meningioma/Tr-me_1057.jpg,meningioma,1,Training,train,141138c436ee1cfc6ca00fbef0a6bebb18fd9fa799992f6ddd1b99d315c107df
data/raw/Training/meningioma/Tr-me_1058.jpg,meningioma,1,Training,train,3e7091ccb68932b0a6238f3c20dc0d50c1b78a3a9458efb5cb5ba9b935fa4d25
data/raw/Training/meningioma/Tr-me_1059.jpg,meningioma,1,Training,train,ec6dc8542bc1ad4652edc98d27f83b410025222fdfc17d53b4289b1a36afe8c8
data/raw/Training/meningioma/Tr-me_106.jpg,meningioma,1,Training,train,e429c8ca3ba9e3f29065624a47b7e36cd644b910a92347a7519fa0588c52239d
data/raw/Training/meningioma/Tr-me_1060.jpg,meningioma,1,Training,train,179aeb3c74f5b57952862044621173cd6b7a9676d019e81f3c6375aab21d7c0d
data/raw/Training/meningioma/Tr-me_1061.jpg,meningioma,1,Training,train,e10256d9d8d28345182a50644d0e9041924d553069a2520dc2f49b73074aad95
data/raw/Training/meningioma/Tr-me_1062.jpg,meningioma,1,Training,train,f700805f741f1452d79f07de80657fd9b4bc3c07e3d54137676f7377b8212b10
data/raw/Training/meningioma/Tr-me_1063.jpg,meningioma,1,Training,train,fc7ecf8e50efc626b32cdca4269ac034b2124627f312e36f03d217d3c46fdccd
data/raw/Training/meningioma/Tr-me_1064.jpg,meningioma,1,Training,train,2fb8fe8d8f3e34130dfbabd5f85740b47ff64f4c9f6f3ea5d5184c95ece1e65b
data/raw/Training/meningioma/Tr-me_1065.jpg,meningioma,1,Training,train,dd5ad1d601bdb1a3b3cd567e069fb58c2cf0d631a79fb710e9baa4909a356ebc
data/raw/Training/meningioma/Tr-me_1066.jpg,meningioma,1,Training,train,c211456d9725d7f5395715ca3a78cf982289a912c340b892e9712449ad58ae0b
data/raw/Training/meningioma/Tr-me_1067.jpg,meningioma,1,Training,train,ce6f19e400965b6c533697be11468c973074c4097248e32dc05eec0bfe6052e6
data/raw/Training/meningioma/Tr-me_1068.jpg,meningioma,1,Training,train,6d9fb8240f0d35b16a5c82dac3308d13dcfe6c19e060b40bec0e513ee8281985
data/raw/Training/meningioma/Tr-me_1069.jpg,meningioma,1,Training,train,8fa0f1b0bad36d5bd71216ede76d56161464a390dd2600b0b1cbb81038188c39
data/raw/Training/meningioma/Tr-me_107.jpg,meningioma,1,Training,train,7b4277e1da6ba794a3b4bb4b01bdf3d36a81a1be3f315b286ead7e3d9c9d8f68
data/raw/Training/meningioma/Tr-me_1070.jpg,meningioma,1,Training,train,1c625422287b2054502134a3a6a1241ddfb030bed8addd6a9eda18435ec2fbc4
data/raw/Training/meningioma/Tr-me_1071.jpg,meningioma,1,Training,train,ee99d11de670f14d3c387e337315b8336608466f54734a429d0079e59c312559
data/raw/Training/meningioma/Tr-me_1074.jpg,meningioma,1,Training,train,6ace5bf2c3efba9511f6eb4ac07419ecc0497ecb4c564dcb5070707d06a8eca9
data/raw/Training/meningioma/Tr-me_1076.jpg,meningioma,1,Training,train,b9862b25aab2d2f9adcddca6cc4115f87a8824f9b551b7d7b6b02cc5d197c857
data/raw/Training/meningioma/Tr-me_1077.jpg,meningioma,1,Training,train,c4a25b274d286f6e57907083a061d5056c629fcb46bbd027091d4e6b396cd97f
data/raw/Training/meningioma/Tr-me_1078.jpg,meningioma,1,Training,train,77604455f088a139091cfea6131958c208e67398e5017faba71cf22b06eb65e9
data/raw/Training/meningioma/Tr-me_108.jpg,meningioma,1,Training,train,4ce9a3a42d463c0dcfd3261df9ead9b69aa7b81a61cdbf78fe4202f87943beac
data/raw/Training/meningioma/Tr-me_1080.jpg,meningioma,1,Training,train,dd453ddc215f09b7a39dff3ccd3e0d55000cf03689642e8fb1b5c844228c7a3c
data/raw/Training/meningioma/Tr-me_1081.jpg,meningioma,1,Training,train,f90bbaba2b34e9d551c627a7a23b6af727ada30a9b65526ffbaaf22f57662281
data/raw/Training/meningioma/Tr-me_1082.jpg,meningioma,1,Training,train,184c507f4129f7d4cce681cbf04832c8f4726818be71d44c3d7d0b7461bd05b8
data/raw/Training/meningioma/Tr-me_1083.jpg,meningioma,1,Training,train,3dda830ebaa3389847012b51952891707f147df53645461c849dda635a9bb3dc
data/raw/Training/meningioma/Tr-me_1084.jpg,meningioma,1,Training,train,a40a78a3dddd8ba3742d9c5dcc454d12f007588ee9600e59befa21fa23ed9c80
data/raw/Training/meningioma/Tr-me_1086.jpg,meningioma,1,Training,train,bd4f5d7bccfef518b7dc09b54df83d446230f633200bb446461714c511c80da9
data/raw/Training/meningioma/Tr-me_1087.jpg,meningioma,1,Training,train,53783744e1afd67cb2128a400e9efd13f5da0b9568c3ccf72e4e165040f262ed
data/raw/Training/meningioma/Tr-me_1088.jpg,meningioma,1,Training,train,0a843c743e4ce3014cf52787b8e143ef1568b662568ae8251740a381b713084f
data/raw/Training/meningioma/Tr-me_109.jpg,meningioma,1,Training,train,c22c1029b1f5d3b96679b64527073e0b5f575d492094578a9eff022649af84ec
data/raw/Training/meningioma/Tr-me_1090.jpg,meningioma,1,Training,train,09e1ce2c903e3fdc1b11be4bce0e219654b908c0d1439a2f6d62891608c4c58c
data/raw/Training/meningioma/Tr-me_1091.jpg,meningioma,1,Training,train,4c3af3bbaa0e4fef239bd973509aeda877af2ba720a3d469a1d5438a9e55a910
data/raw/Training/meningioma/Tr-me_1092.jpg,meningioma,1,Training,train,e24e3035ac225092a30a9fd0e9c3a2445db45a4fef4cfd709e92886f9c80dba9
data/raw/Training/meningioma/Tr-me_1093.jpg,meningioma,1,Training,train,16976234ca11c0363dcb59caa3427e0539e418201627cef2860cef690a206c9d
data/raw/Training/meningioma/Tr-me_1094.jpg,meningioma,1,Training,train,451f339dbf4d33864e0dd8940f533bbeddda6492cf60bb15615342bd467cc721
data/raw/Training/meningioma/Tr-me_1095.jpg,meningioma,1,Training,train,92d5d50298692e94b449306afd684a00c0b455a7562a0220783d9dd266f0911d
data/raw/Training/meningioma/Tr-me_1096.jpg,meningioma,1,Training,train,5f0caf3d38d5c5d9736148abcfc7fc7471b0f1fe8ca4e2c14a77de12e636cbbd
data/raw/Training/meningioma/Tr-me_1098.jpg,meningioma,1,Training,train,fab1c6e30985e4b80257a14fca1ac8dbea8d66fc24e86e986dd9a5ce32865b9c
data/raw/Training/meningioma/Tr-me_1099.jpg,meningioma,1,Training,train,39ef15ea8064b8b0fb702705557d015c781f32b1f13801d987326af86b34f179
data/raw/Training/meningioma/Tr-me_11.jpg,meningioma,1,Training,train,43f07d4414852c8f4dcfef0493bb7784824969ee3c7c4dde176c8f1db2b3b990
data/raw/Training/meningioma/Tr-me_110.jpg,meningioma,1,Training,train,7e93bc227b48e72c38365bbc077e3ac58b5be977cce4a752e09df9f1402c22fb
data/raw/Training/meningioma/Tr-me_1100.jpg,meningioma,1,Training,train,89bcf7f5c756aef2c42cf5a7a2e3bf7f0284b48b0c9ceb76543a6b990b93f8bf
data/raw/Training/meningioma/Tr-me_1101.jpg,meningioma,1,Training,train,09b9031e30e757eb6e648686f0ca412357e86895ebbc52d300d2d0a9305fd417
data/raw/Training/meningioma/Tr-me_1102.jpg,meningioma,1,Training,train,12b61dd024345a4bcee5e33ecb45aa48c41a4ce8b348deb0da8cff97fba5e61e
data/raw/Training/meningioma/Tr-me_1105.jpg,meningioma,1,Training,train,6164089941ea497137647fa51082b4d8ea3cc2f7a12566d9c3efa34d5ddb95a1
data/raw/Training/meningioma/Tr-me_1106.jpg,meningioma,1,Training,train,0a8a69c2909d4b13309e27eb5668c2639a7e4970fc8aa02289ba9e5e6c2e33eb
data/raw/Training/meningioma/Tr-me_1107.jpg,meningioma,1,Training,train,03fe6e13a5a4204af20290f52deb08009caf10679b24bca5d2035e60576676a9
data/raw/Training/meningioma/Tr-me_1109.jpg,meningioma,1,Training,train,c59e752aa923884714155afcdfdd76f082e92f14de35e834d9a688821b0b9eff
data/raw/Training/meningioma/Tr-me_1110.jpg,meningioma,1,Training,train,6b436fb29f9dd27c8e6a2f30c8d516947c3b856bad43c45b7722e8360e517cbf
data/raw/Training/meningioma/Tr-me_1111.jpg,meningioma,1,Training,train,14bc3a50174e535cbd343f1e1fb9c2880b8dd8314553b8ec320601259c7ef365
data/raw/Training/meningioma/Tr-me_1112.jpg,meningioma,1,Training,train,fad1650afc5dc5512c9215f9f48dc1008498bba45510289e6df9922b120dcae7
data/raw/Training/meningioma/Tr-me_1114.jpg,meningioma,1,Training,train,41f8139d61a0e79d7b9e0a1bd2846acdc77d0624f6a72a8048aa64110ea70e00
data/raw/Training/meningioma/Tr-me_1115.jpg,meningioma,1,Training,train,3cdb002f853f95ec9f631a4276bfd9bbe9423a8fda4f543a8972c3a4c5402c94
data/raw/Training/meningioma/Tr-me_1117.jpg,meningioma,1,Training,train,368618e5e7f2b7642121ee147b8b195b06cae842f4ba8477916588d6a10eddcb
data/raw/Training/meningioma/Tr-me_1118.jpg,meningioma,1,Training,train,2c0d18a0a97e4908777c6cf5654d16b87da95d98e2d78eba1776c1c7d4576119
data/raw/Training/meningioma/Tr-me_1119.jpg,meningioma,1,Training,train,682523775c8ec9f968c344796535db0fa567860811f8c98ea2dab724755b5697
data/raw/Training/meningioma/Tr-me_112.jpg,meningioma,1,Training,train,36c2d1b1cd0c31a861c37fb60fb042cccc8a533c97a8783b29aff3c5288c13df
data/raw/Training/meningioma/Tr-me_1123.jpg,meningioma,1,Training,train,fd1c4bd4f2b2245563eeee8e781d22af886c8a95c83537a5240930526b0bcee4
data/raw/Training/meningioma/Tr-me_1125.jpg,meningioma,1,Training,train,7d6e3868939a8d6e91f82f75efeae7ae3f5ab03d3c6881b52e97705a2f2e3e9c
data/raw/Training/meningioma/Tr-me_1126.jpg,meningioma,1,Training,train,3ad594cf65b88442c7764f0f011fd1cde59f92cf8c8c6c5c716119f85a7445db
data/raw/Training/meningioma/Tr-me_1127.jpg,meningioma,1,Training,train,fd96f61075f420f133b29b587e13aee2367858cf827052cafcc2e2bc93cc1725
data/raw/Training/meningioma/Tr-me_1128.jpg,meningioma,1,Training,train,e3d12652e684cb365af3340342a4058c0cb071a6b769f51dc3235c4c1369b7fa
data/raw/Training/meningioma/Tr-me_1129.jpg,meningioma,1,Training,train,95a10d9a5b0ce4020b91c4266233efe02343e8359ead5c743552ec2c842936f4
data/raw/Training/meningioma/Tr-me_113.jpg,meningioma,1,Training,train,be4b989ee39cdff5c93a2a5e5a3963215b03eb30bd16b1ad63f66a89e1802967
data/raw/Training/meningioma/Tr-me_1130.jpg,meningioma,1,Training,train,2afd271811dadb18683730ef88043d8545ed3c324359a2189b9c04bf32d61b89
data/raw/Training/meningioma/Tr-me_1133.jpg,meningioma,1,Training,train,a7e402c87068173bc87a9383f3f7e1db4d2b1fb1cc1cbe99b68444e8f1b17fcc
data/raw/Training/meningioma/Tr-me_1136.jpg,meningioma,1,Training,train,4e924cc86796586b03ec335f7bdf78549975bbd01b75a969d78543f090ae1043
data/raw/Training/meningioma/Tr-me_1137.jpg,meningioma,1,Training,train,c2d05ab1e5004bb89eeb504142bde7ed21daaa386c9dac17f8f9a21d91f2ec89
data/raw/Training/meningioma/Tr-me_1138.jpg,meningioma,1,Training,train,b9e56b783f89455e14537dfec7736cf756dac6188c46df34eeddc17a5b34de88
data/raw/Training/meningioma/Tr-me_1139.jpg,meningioma,1,Training,train,c4f8020ec6ff0675faa718e796f58867102bd5a2d70e8bda7f9ad7af6da669df
data/raw/Training/meningioma/Tr-me_1140.jpg,meningioma,1,Training,train,0ae8bf426bdc0ca9fbdc0650d6bc63704c1bc6fdae606644e532a39795b70717
data/raw/Training/meningioma/Tr-me_1141.jpg,meningioma,1,Training,train,70d1c1d6f78c7b6d4762de51abafcbfdedc0f35876d35af87f91076ba4d7aba0
data/raw/Training/meningioma/Tr-me_1142.jpg,meningioma,1,Training,train,77f83f3bd676163880f120369ca7745e7c12baefa7da6f93ad9448ec23e5d860
data/raw/Training/meningioma/Tr-me_1143.jpg,meningioma,1,Training,train,9cb9655180797255ad76f1b7449ed98c5e4b9896e69a1a1a187be5d5c83f9986
data/raw/Training/meningioma/Tr-me_1144.jpg,meningioma,1,Training,train,fbe12b2a7a2bf03ba453b3c681ecd1667a1434b1caf6b2dea35b62406cc2b914
data/raw/Training/meningioma/Tr-me_1145.jpg,meningioma,1,Training,train,01e3ae35ad8a57942001111cd45a2d9e03adc1b7b0def3e2e974544dc3443ba2
data/raw/Training/meningioma/Tr-me_1146.jpg,meningioma,1,Training,train,a47bcad5ac91f50b2fb3590b03fd0e575cc10f3a0c06c1d35a61f397b6efaf39
data/raw/Training/meningioma/Tr-me_1147.jpg,meningioma,1,Training,train,ca7ecd71a27c8809f42bc399852aa7a804752e04916036264ac15622ac23ed44
data/raw/Training/meningioma/Tr-me_1148.jpg,meningioma,1,Training,train,e29b026c8867e92ece7815c50da7ea4d0a1e8bb3e94c5d0c2175d9554abca7b7
data/raw/Training/meningioma/Tr-me_115.jpg,meningioma,1,Training,train,dfeb24e98e991ea78dcd424e224faaf44cfa3101809526fd996880753a97a9b9
data/raw/Training/meningioma/Tr-me_1150.jpg,meningioma,1,Training,train,7b6390a166b9c1f5d08da81ae14eea326c298cfcf582fa7307ca57be621a9b4e
data/raw/Training/meningioma/Tr-me_1151.jpg,meningioma,1,Training,train,15165653e2f74753d79658c952547981e2dd1652149d077da44bedf1ebbafc4d
data/raw/Training/meningioma/Tr-me_1152.jpg,meningioma,1,Training,train,a3a7037d0f74aaaa8f13ddefa0c3518594f0a3c690c4c356786cc37809416cb2
data/raw/Training/meningioma/Tr-me_1153.jpg,meningioma,1,Training,train,a1995f8caa2e4a81a3ccad7c541b87389890ad3fbea14f61fb125d9aadb7d38e
data/raw/Training/meningioma/Tr-me_1154.jpg,meningioma,1,Training,train,f64b8cc3ea3212942fca1b01c6ebd6b787fe4ce01dbf21bb499b481c2df03154
data/raw/Training/meningioma/Tr-me_1156.jpg,meningioma,1,Training,train,3d4e9bc9632f737a1ebe8683b299b274cde62f79a8bcf0191cbebc54e90136c0
data/raw/Training/meningioma/Tr-me_1159.jpg,meningioma,1,Training,train,0bcc94aec8fb8c5aa4954efa0eafbb193fd627825563377c19870b74812f2fff
data/raw/Training/meningioma/Tr-me_116.jpg,meningioma,1,Training,train,71b54e3c376abe694ebaaf9e37ee366f9de7df49201f54cf76950b6c7baf6a3b
data/raw/Training/meningioma/Tr-me_1161.jpg,meningioma,1,Training,train,0911dac27f8c64bebede559ae3c41cc91c245d50afbe8c0e090b7f7b8ae1eb4b
data/raw/Training/meningioma/Tr-me_1165.jpg,meningioma,1,Training,train,0b93531d3de9e20fa6bdb68b151fed641bceb05e84d12987dbbaf03fea6d6337
data/raw/Training/meningioma/Tr-me_1166.jpg,meningioma,1,Training,train,c70dc85daacdc0227c689b1945a83b0e026425721769070db8eb664bb274b569
data/raw/Training/meningioma/Tr-me_1167.jpg,meningioma,1,Training,train,ad6994aed62e0573264c2bea298236f03dc33defffcfbc146e461fead73aeaf5
data/raw/Training/meningioma/Tr-me_1168.jpg,meningioma,1,Training,train,989297d05b6c7b2c798c7efeccfff51fdf412e9e774b87cbe25d9f3909d49111
data/raw/Training/meningioma/Tr-me_1169.jpg,meningioma,1,Training,train,b2a35871156e8f7f1ee5f0e52537b219776da7a6f396d72aafa2926b15988e07
data/raw/Training/meningioma/Tr-me_117.jpg,meningioma,1,Training,train,23df1f2add0c427acccd604b8f3729872a763b989b21506394ac9ee4abedcd5d
data/raw/Training/meningioma/Tr-me_1170.jpg,meningioma,1,Training,train,ebcca0c3a7dd3935f45dc34e343f032138cf90b8b1d0ea72f078e6689203d2dc
data/raw/Training/meningioma/Tr-me_1171.jpg,meningioma,1,Training,train,1c53dec67a4e35fbdd912b283d6f26477792c7e0031f6af1b5ef9f8619c3f7c0
data/raw/Training/meningioma/Tr-me_1172.jpg,meningioma,1,Training,train,062b24144862cbad5348c5ba7afe57498134617b568ca061bdbe1b77805f1a28
data/raw/Training/meningioma/Tr-me_1173.jpg,meningioma,1,Training,train,4d32822f7d5533f552c71cd2eb026924c1bf23acb00f73b1cd44af294ea5c537
data/raw/Training/meningioma/Tr-me_1174.jpg,meningioma,1,Training,train,4ed28a901ad410724e09fd59e31b339afddda9646c2a1235d9363ea86a174031
data/raw/Training/meningioma/Tr-me_1175.jpg,meningioma,1,Training,train,fcafbf9c8eb652d8181ab368ca7c4dde56c6a13db0e7484e5d62b040382d1ae5
data/raw/Training/meningioma/Tr-me_1176.jpg,meningioma,1,Training,train,f6c0966fcc0e652b009142f1462f65fde9565268a4803ad52ab6b2ecd240fb1e
data/raw/Training/meningioma/Tr-me_1177.jpg,meningioma,1,Training,train,67f1a077a737645858b407a21a36edbdd42c8a51c2023306938f3fb18edfdf05
data/raw/Training/meningioma/Tr-me_1178.jpg,meningioma,1,Training,train,3c1e3c352dfccc970ba5cb39fc65e10638d23f63bc2730dc2c2e4bec7f7ecdc5
data/raw/Training/meningioma/Tr-me_1179.jpg,meningioma,1,Training,train,c29e221d60111e84d49a63beeb0cf18ad2f15dd1356f24d9a0125c19bef766de
data/raw/Training/meningioma/Tr-me_1180.jpg,meningioma,1,Training,train,12c198f544e64837398e6be7f56794836717001863b4f61ce9bf147517e9e78d
data/raw/Training/meningioma/Tr-me_1181.jpg,meningioma,1,Training,train,686a9249404bede1997dd14fb82cde958782e5c8403a6410e54ba7ea7c849553
data/raw/Training/meningioma/Tr-me_1182.jpg,meningioma,1,Training,train,5cc4d737e2c3771c4ba5c40aec56baaa7bd5ba432d7e73031abb5d60ce360008
data/raw/Training/meningioma/Tr-me_1183.jpg,meningioma,1,Training,train,78272d36f7b4a18a9e078ab389797a2f9efa19148e2f6574254ae86cc1558ce3
data/raw/Training/meningioma/Tr-me_1185.jpg,meningioma,1,Training,train,e947d5d5536684d057e899f7528701981d30ba958f625ade48b61f52e8267975
data/raw/Training/meningioma/Tr-me_1186.jpg,meningioma,1,Training,train,a3700c7bbe41e3f8231af20c9677c372faa3fab5e2fc718d40a5bd7493898f4d
data/raw/Training/meningioma/Tr-me_1187.jpg,meningioma,1,Training,train,35e6c8e8a6a1e6b6d8691175c8ec091f759045fd73bbb9543a4fe29fe1794c1a
data/raw/Training/meningioma/Tr-me_1188.jpg,meningioma,1,Training,train,859c55997bfb3a4e82e06ca5a5ef8842998a950ad69db70ff944dc9d25676d2c
data/raw/Training/meningioma/Tr-me_1189.jpg,meningioma,1,Training,train,3f94a7a16162e6c14933e05d5224b4c76e7d24d2b2470174d5a064efa44fb469
data/raw/Training/meningioma/Tr-me_119.jpg,meningioma,1,Training,train,ffc772adb2e707b6e0898b85f70e4ca69c2739bdee2682e97df88efac5d06697
data/raw/Training/meningioma/Tr-me_1190.jpg,meningioma,1,Training,train,91fe3dfb8b8d06839b9bc7dffa4249000f39fa6be2fbf768b2d119be4ccd547b
data/raw/Training/meningioma/Tr-me_1192.jpg,meningioma,1,Training,train,c1d4e7f3d446c8c4bbd02a5c4c848431aa42e9a7cc81ab1bff0ba99a45fa209a
data/raw/Training/meningioma/Tr-me_1193.jpg,meningioma,1,Training,train,018e55314ac60df9796597db3911457bae576cf7faa6fc24fdb9c554ac0b854a
data/raw/Training/meningioma/Tr-me_1194.jpg,meningioma,1,Training,train,49e13da805572838ee86f2e79b5bd620bf5d1284c62b70cc96599aeb01f115ff
data/raw/Training/meningioma/Tr-me_1195.jpg,meningioma,1,Training,train,fbae500cfa59adbd667e1b9f3d1671b0df14723f73ada8815166188dac7bfbce
data/raw/Training/meningioma/Tr-me_1196.jpg,meningioma,1,Training,train,e4e2add8d0a06c38e9676ad2ad12b2dac92fc861613d771fbcb4c5d245662597
data/raw/Training/meningioma/Tr-me_1197.jpg,meningioma,1,Training,train,7ef594e83cf6835f4322ef90acbf37f27bab5b3ec275e20d83c52f7f13e370a6
data/raw/Training/meningioma/Tr-me_1198.jpg,meningioma,1,Training,train,556f561ec1c7743e7a8dfec5de7d34c0ab28e60352c21c677b2bb7354baeff1f
data/raw/Training/meningioma/Tr-me_1199.jpg,meningioma,1,Training,train,dff24e77000735d77a3c02cffbddcabfe591ed9ae5d9263e588441dc78cd03f9
data/raw/Training/meningioma/Tr-me_12.jpg,meningioma,1,Training,train,ec99d21bab6f06c568657d7f0bbe6db1f8a4c039098cad15980d2e9bab1d6536
data/raw/Training/meningioma/Tr-me_120.jpg,meningioma,1,Training,train,0967a79829d28ae415f9fae4350e8c69ff076c92b53929233562c80f2b346db0
data/raw/Training/meningioma/Tr-me_1200.jpg,meningioma,1,Training,train,7e80f63a4dcd3ddecdd85159c7e49946b2b697990494c35d1b01880877ae1876
data/raw/Training/meningioma/Tr-me_1201.jpg,meningioma,1,Training,train,a291c4452d1645f1267ee4009dcaad3af2459bc8ce2832a8a3e7baa17c0f87f2
data/raw/Training/meningioma/Tr-me_1202.jpg,meningioma,1,Training,train,6a64332d2613627eaee146b462e3870b88d0c397db5479d6b5139f421fd2f8b9
data/raw/Training/meningioma/Tr-me_1203.jpg,meningioma,1,Training,train,01338ffff1ed97698465eef56832b6f1b0c5dee1ca29c5bdee6170e0407ae3de
data/raw/Training/meningioma/Tr-me_1204.jpg,meningioma,1,Training,train,6f536f7347243b7be6b18ad7842c488c1bff7741bbfd8a6ea917800d4cafb3c4
data/raw/Training/meningioma/Tr-me_1205.jpg,meningioma,1,Training,train,ecb405d8570c8c3fa2b0066a358dc7945eefc4de675e1666c91f11520ef9d889
data/raw/Training/meningioma/Tr-me_1207.jpg,meningioma,1,Training,train,447b63c09c4451ad33fc3ef867202554c18a4e4a3d6bd50de342da387ac2e94e
data/raw/Training/meningioma/Tr-me_121.jpg,meningioma,1,Training,train,656c43c4574fbc773aaf4d3a967b651ab6f79b984b90c0142d727ab27935d8a6
data/raw/Training/meningioma/Tr-me_1212.jpg,meningioma,1,Training,train,197b3769619502e198109a82af66ac47775d0a6bf01ed368eb5aaabf9e10e8cb
data/raw/Training/meningioma/Tr-me_1213.jpg,meningioma,1,Training,train,79d4af9b81f91700b97b92a54ffd5fc6ef40af3a4f484b1ae9305657437048c2
data/raw/Training/meningioma/Tr-me_1214.jpg,meningioma,1,Training,train,1d1056830d82a247803d606cbfeceed9647cfb988a1c0d878b51f0b1d9270473
data/raw/Training/meningioma/Tr-me_1217.jpg,meningioma,1,Training,train,09b7ab00dbdca52f9f7f84bbe26813b53f8ff68e23340b39ec3ec8741df9d01b
data/raw/Training/meningioma/Tr-me_1218.jpg,meningioma,1,Training,train,5159420406428d43ccccc0a951c2673dec88e7b6ebb629dc427214066d5decac
data/raw/Training/meningioma/Tr-me_1219.jpg,meningioma,1,Training,train,eb08da0838481f7226783b16e9eec0d446fbc148f15bf66413babdba4de39d3e
data/raw/Training/meningioma/Tr-me_122.jpg,meningioma,1,Training,train,79d2e277c89e5f5bf0d41472b717767a86f69fd4b0c55181d5f1b4e603e61068
data/raw/Training/meningioma/Tr-me_1220.jpg,meningioma,1,Training,train,7b77b7b9d5c576202a52bfa93ec6fdbd0135b2a9bec444351668aabaf3f281b4
data/raw/Training/meningioma/Tr-me_1221.jpg,meningioma,1,Training,train,e122687798387850576538112b6917ab46f71cab259d4b3bdbeb87f8d2163f9e
data/raw/Training/meningioma/Tr-me_1222.jpg,meningioma,1,Training,train,22a5341c7b075e0c833c6e231692aee8b01cf00f7152248fa1016f250c39aa6f
data/raw/Training/meningioma/Tr-me_1224.jpg,meningioma,1,Training,train,b8fe087d42213a376e5d66851d63af3248876dad442cde1eb810705d8487bc4f
data/raw/Training/meningioma/Tr-me_1225.jpg,meningioma,1,Training,train,32e43c129cf6fef5fecb82419213685e652d4dbc524f7c7f9d11c42b91c28fa9
data/raw/Training/meningioma/Tr-me_1226.jpg,meningioma,1,Training,train,7d83efc5ce126b48a189790e7c1abe776dc60aef3ea20491b19845989a459bdc
data/raw/Training/meningioma/Tr-me_1227.jpg,meningioma,1,Training,train,63c21bf53f5514e0aeee2cdb42439186f19849ce90b225ecaf673fa4790d70e3
data/raw/Training/meningioma/Tr-me_1228.jpg,meningioma,1,Training,train,f3b9af5fec814d40bd619137190aabaeef40766fdd4cb732aa8589f39e622d59
data/raw/Training/meningioma/Tr-me_1229.jpg,meningioma,1,Training,train,5ae21ac77ebcf7e9eae9c95519d71eda21479af78ce80352d90a14e105e9526a
data/raw/Training/meningioma/Tr-me_123.jpg,meningioma,1,Training,train,704796e2a1aa65f12fb37a99db00d521ae7d2aa9f710f920495f5dca6c3274c5
data/raw/Training/meningioma/Tr-me_1230.jpg,meningioma,1,Training,train,2ea0080072fbf4b060fca64916403259e12c9fa8e2d413dc3ee5ac456d375391
data/raw/Training/meningioma/Tr-me_1231.jpg,meningioma,1,Training,train,b3d3bbcc6e706fd486974a879874158c9584d9d11b102b3c43144f03e5551af8
data/raw/Training/meningioma/Tr-me_1232.jpg,meningioma,1,Training,train,e81d0f403c74778339c645f8789c6cbd2cf191bfb8e497678a036af8c405d899
data/raw/Training/meningioma/Tr-me_1233.jpg,meningioma,1,Training,train,8e265544429e2a8680e6678e4bbc97f66cbd761b24876ebcfac197e896aff74b
data/raw/Training/meningioma/Tr-me_1234.jpg,meningioma,1,Training,train,694ccac77557acb2df1e007464b596d8bb2101a3c035f8fe2b81a6e0f24ccb9d
data/raw/Training/meningioma/Tr-me_1237.jpg,meningioma,1,Training,train,897080afedeadae3593feabf988656047b563aa8b2e79a825cb1959e4bd9250f
data/raw/Training/meningioma/Tr-me_1240.jpg,meningioma,1,Training,train,2e13f9247214a6b8f959ff1815f2e3215eb9c3e23e2c80224187799f46c45a0f
data/raw/Training/meningioma/Tr-me_1241.jpg,meningioma,1,Training,train,e821593cfd23f5b6731e5eb36774a402524c852aec6434d845e61fa09428ec57
data/raw/Training/meningioma/Tr-me_1243.jpg,meningioma,1,Training,train,6b4352a2b59ed0e709306de3f3542290e4438d19eeff57fa7d9de0f194383547
data/raw/Training/meningioma/Tr-me_1244.jpg,meningioma,1,Training,train,023547f7e1adcdf691e955853804b1b54b1270bf7c96f0705bab7087b2fbe425
data/raw/Training/meningioma/Tr-me_1245.jpg,meningioma,1,Training,train,ff3f14bb91784fd7068c728cd8eb6debd8ecb891fd4392a5c22465a5d79a3f11
data/raw/Training/meningioma/Tr-me_1246.jpg,meningioma,1,Training,train,9cc7995cd7d4d945f4ee2bfcc32de48dc5d04fa43ee8369faca47a6727b35651
data/raw/Training/meningioma/Tr-me_1247.jpg,meningioma,1,Training,train,008d21cf043b4a4ae6c9e28459818fe93c07df9ff9d52126c9107b22818c0287
data/raw/Training/meningioma/Tr-me_1248.jpg,meningioma,1,Training,train,31abce6bc997d6d4217b4bede63e7fe7c9978c747cc1533caacf88c916dc4086
data/raw/Training/meningioma/Tr-me_1249.jpg,meningioma,1,Training,train,2e27f1fa36558c2356b50a6f437d33f07c9187b3adcba56977e04aa6f30b3d68
data/raw/Training/meningioma/Tr-me_125.jpg,meningioma,1,Training,train,fcd13413446c18f4014df86eb650ae3d1d734951308df23b580bb21e3ccb1d60
data/raw/Training/meningioma/Tr-me_1250.jpg,meningioma,1,Training,train,0994c0c45c34de7c98eb3014a5aead164a49d298d4eaa0fd00d787dcce5b644b
data/raw/Training/meningioma/Tr-me_1251.jpg,meningioma,1,Training,train,2cbd798454b606861b3e8bb58950be34866e68978d6fdc4253380ff703626855
data/raw/Training/meningioma/Tr-me_1253.jpg,meningioma,1,Training,train,178764959eb65355880a15df9902f92340dbed0be124606e7fcc49a6f9b10ebe
data/raw/Training/meningioma/Tr-me_1254.jpg,meningioma,1,Training,train,9cddc38f5a2f142978a0dc686fa1df7431f958f3b46be5e8b905d16c7c4cd8e6
data/raw/Training/meningioma/Tr-me_1256.jpg,meningioma,1,Training,train,97bd1763a8a50e4e69aeacc9a211bfb15e5d73cae7e3b297166f2adf5b363030
data/raw/Training/meningioma/Tr-me_1257.jpg,meningioma,1,Training,train,76e610505ae94201394a20edde8fd8103ebd057310acc926b7c206609d073278
data/raw/Training/meningioma/Tr-me_1258.jpg,meningioma,1,Training,train,1ee940507fcdf032b6b48202c8d64f0830ab5c52f78f8e88bbcc7c8d981fcac1
data/raw/Training/meningioma/Tr-me_126.jpg,meningioma,1,Training,train,deaee0ac0187be63718484cd3a6bdc76a6bbdfedc10ea56e36045feb624bb24d
data/raw/Training/meningioma/Tr-me_1260.jpg,meningioma,1,Training,train,26ae8d4fdb29db2cd71d56dd92008993473ab04daab4efbb92a4af06706f7d19
data/raw/Training/meningioma/Tr-me_1261.jpg,meningioma,1,Training,train,b1ceda4c158540ad96c611b6fd51543ccd6998a75854f168344ef05d338c15d7
data/raw/Training/meningioma/Tr-me_1262.jpg,meningioma,1,Training,train,9ef07d315f8bb789b47f544050569f2b3403ccfe603daf97f037b46f691a28d1
data/raw/Training/meningioma/Tr-me_1263.jpg,meningioma,1,Training,train,abca2b22229fea165162669f2f856566968ae17b61ffa60a43913fd97481e9bc
data/raw/Training/meningioma/Tr-me_1264.jpg,meningioma,1,Training,train,35af97390b0b7068d2c141f5029bdaa3dd941e81edc95faa2b2ed6a83060d934
data/raw/Training/meningioma/Tr-me_1265.jpg,meningioma,1,Training,train,e2a955142f1b608205f3bc0ef078d801a644682d608e894950e2d1d85b543e75
data/raw/Training/meningioma/Tr-me_1266.jpg,meningioma,1,Training,train,5645d1fc065c1af595184e5031bfd97cdff05204f3d43d88058e9913ff4c2c09
data/raw/Training/meningioma/Tr-me_1267.jpg,meningioma,1,Training,train,f4336203bb527cc1d889f680fee99a208331cfa83b1fc0d5debbd2d1785e20b9
data/raw/Training/meningioma/Tr-me_1269.jpg,meningioma,1,Training,train,f9a8aea13b45799e9b45c313f40ccb8e2330ca7c3d1cc6f2f3287839f8602ba7
data/raw/Training/meningioma/Tr-me_127.jpg,meningioma,1,Training,train,c29107b8aee854883151a50a6e13f95acabdfd9cce2b34144342019f378ce211
data/raw/Training/meningioma/Tr-me_1271.jpg,meningioma,1,Training,train,0f5fba422dc5c627f62e136cd939f418a240e6439f55b095454c2f466e1c1f87
data/raw/Training/meningioma/Tr-me_1272.jpg,meningioma,1,Training,train,a74d73973d63cf6ca39ffcb44f2913976350630d23c112e48e6c9e9c3ffddd09
data/raw/Training/meningioma/Tr-me_1273.jpg,meningioma,1,Training,train,44f1cb17b5a4d23d6fe1ecb067c0f0c97825b04682200a1c549227cc4432e256
data/raw/Training/meningioma/Tr-me_1275.jpg,meningioma,1,Training,train,8693a1c585c6869c75d731a5acef6980cb34a2d11426401a73690f5ef9ac3aef
data/raw/Training/meningioma/Tr-me_1276.jpg,meningioma,1,Training,train,e3894e0b24e50cd82d1088835b3b88a212111e97c36df451090d08339f0a36d1
data/raw/Training/meningioma/Tr-me_1277.jpg,meningioma,1,Training,train,93eaa0860fd855b11460228322969276bb0ba11b2dcc49171c6b974b467d40c3
data/raw/Training/meningioma/Tr-me_1278.jpg,meningioma,1,Training,train,a3acd2c91b58b3838d09b1a86aeaeaad1ee82f1b7f6b50b630dafc18082d27cb
data/raw/Training/meningioma/Tr-me_1279.jpg,meningioma,1,Training,train,8ccd9367f62e7d71d91f6b8644d5ab359a9f8170aa7eb331b19e9d6190a537e5
data/raw/Training/meningioma/Tr-me_128.jpg,meningioma,1,Training,train,2b875448e43d7f2671bf8c7f1c90312b866f7b320d36fb6c49bc80d9254b06c4
data/raw/Training/meningioma/Tr-me_1280.jpg,meningioma,1,Training,train,046b9b75be07703df500622fef3bd9c49a1386ea6f4325f730c91489856db016
data/raw/Training/meningioma/Tr-me_1281.jpg,meningioma,1,Training,train,6b8329eccb52af1a216e7798f56d8e086aac0c6a6a3c31875f27fef4d5ae66fd
data/raw/Training/meningioma/Tr-me_1283.jpg,meningioma,1,Training,train,299c81643275bf300c7fb3eddddfc40c287309f015db6caef7c7f4514ae43808
data/raw/Training/meningioma/Tr-me_1284.jpg,meningioma,1,Training,train,86c9a8bb0fcdb1bb09bed65acf42001fb7e1cada3b70dd2fe1403e0d7c744615
data/raw/Training/meningioma/Tr-me_1286.jpg,meningioma,1,Training,train,8014da7bd1038ca29824ab595a45f36d1bf1316872250c8c3110a05c74ac0d3b
data/raw/Training/meningioma/Tr-me_1287.jpg,meningioma,1,Training,train,8c67f97827c1f777db46d601c7042276c762b636844b0d1d2d3361c58884d743
data/raw/Training/meningioma/Tr-me_1288.jpg,meningioma,1,Training,train,4dda96119006088eabab66211b1cdd0f9f3f3448366ec8e08f07fc630c857466
data/raw/Training/meningioma/Tr-me_1289.jpg,meningioma,1,Training,train,0fb56074c33854864a2e00a4ffff662efcff4cbdd2970cbcb29963d05a1c1ad7
data/raw/Training/meningioma/Tr-me_129.jpg,meningioma,1,Training,train,eae3362ff090ac0390ea98d24825ad63a6a119be876069e5c4c320a6862e0ae3
data/raw/Training/meningioma/Tr-me_1290.jpg,meningioma,1,Training,train,a70f40c8cfc4a3811c80f6f00cc80d890c602ccdd5cb610c4e77db115e2195c1
data/raw/Training/meningioma/Tr-me_1291.jpg,meningioma,1,Training,train,b567a08b2de146d48c2c8ffde8c514007d9fdd0207450b5d3368f6ac9bb4ce5e
data/raw/Training/meningioma/Tr-me_1292.jpg,meningioma,1,Training,train,11e5b5238be1fb31797470d1263162199fb0662a56170c9f7b79a1f70b12fe42
data/raw/Training/meningioma/Tr-me_1293.jpg,meningioma,1,Training,train,04a160bcbcc9c401ab07f39f2df0447d3a9c59c2b57b4a969316b46417046a55
data/raw/Training/meningioma/Tr-me_1294.jpg,meningioma,1,Training,train,c6c67e65e0be3103f363392a036e6edb7601f6b8a9b238e49eec27d6c50dca64
data/raw/Training/meningioma/Tr-me_1297.jpg,meningioma,1,Training,train,345457dd048fcd7ff0ad0feb1acf999e5d02c686f5dd0c22ba82052a95043c5d
data/raw/Training/meningioma/Tr-me_1298.jpg,meningioma,1,Training,train,e8beb567ef9fd041d85dea070642eb31e0aa80ec77edeb05a5a7f55a298e4751
data/raw/Training/meningioma/Tr-me_13.jpg,meningioma,1,Training,train,41acf21a64b89c1a6ac76d8e165c14f77a8d4380c7ce2581a0a3491ef50947ec
data/raw/Training/meningioma/Tr-me_130.jpg,meningioma,1,Training,train,75b9ed238e190bb3cbf41ce364e04cd6598e0e5b1c83a45dd051954d8c35359d
data/raw/Training/meningioma/Tr-me_1300.jpg,meningioma,1,Training,train,b20f71c8d2e9875674b2f3e3758e92b1339e5cbc5e4d02e768181c33f35159a9
data/raw/Training/meningioma/Tr-me_131.jpg,meningioma,1,Training,train,37f56b108bf51b46843a02ee76d310daebdf2d9fcbbd0d8554514689203b7d90
data/raw/Training/meningioma/Tr-me_132.jpg,meningioma,1,Training,train,6208ee67ba4e3869f992db46db75e6f61ba37d5f5f47eb7c9f85c32ac2a29b99
data/raw/Training/meningioma/Tr-me_133.jpg,meningioma,1,Training,train,e6125f1ea41de85ac6b688d1d7168cf10c876adbc3cf739f2122c693fc6bf097
data/raw/Training/meningioma/Tr-me_135.jpg,meningioma,1,Training,train,e9abfff35458c49d99bd74249644c304e0ac74c9f1a1a1956e34813d9f110438
data/raw/Training/meningioma/Tr-me_136.jpg,meningioma,1,Training,train,487d68a61eb52b9480a81e8bf37cff849f00cece4967eec693d455cac4a68bff
data/raw/Training/meningioma/Tr-me_137.jpg,meningioma,1,Training,train,28208e4331cf46fc55b530573828835e7137b36387517ee1aba6a2724ac486f0
data/raw/Training/meningioma/Tr-me_138.jpg,meningioma,1,Training,train,b53ed9da4d37c9ff4b8e125f4367b962695063a08f19385b1995a91a2ff5b187
data/raw/Training/meningioma/Tr-me_139.jpg,meningioma,1,Training,train,3a546b4a5d1644d1032f09c3dc93d6473967c3e1285e27ce82a69a2202a97000
data/raw/Training/meningioma/Tr-me_14.jpg,meningioma,1,Training,train,ba7fa131ffa2c60ecc62014d7b1f7f4deccd1fe5a16abcb0862d73cf171857ce
data/raw/Training/meningioma/Tr-me_140.jpg,meningioma,1,Training,train,739e2c4af7b509d6e3a480ac3111597598caa80f8b549bac6073242bce0aa5ea
data/raw/Training/meningioma/Tr-me_141.jpg,meningioma,1,Training,train,d72d10761864d0db4c9d18b312f0cb08ee026d99d15ba6aebf750b3214a37051
data/raw/Training/meningioma/Tr-me_143.jpg,meningioma,1,Training,train,26727861981407e4442e91f4fc892017086d91ab6aa6362817eabee78aed0bda
data/raw/Training/meningioma/Tr-me_144.jpg,meningioma,1,Training,train,b55fac90f08f7635d7b8c6713d5f496ca3f22e4cf72f43b5dc6551b65f4ef8b3
data/raw/Training/meningioma/Tr-me_146.jpg,meningioma,1,Training,train,d96f3f8465bc64c8e0d0450a32ebc5247ff1b55013ddd8f8af254fd9f26a8353
data/raw/Training/meningioma/Tr-me_147.jpg,meningioma,1,Training,train,88668e628137e1707ccf9fb7a8fa596b475495932cf3ab1c868b1a58e32293a4
data/raw/Training/meningioma/Tr-me_148.jpg,meningioma,1,Training,train,53861693dba13855d104d3959d8e6221a494f4db4381cb4bda55364a1d2537bb
data/raw/Training/meningioma/Tr-me_149.jpg,meningioma,1,Training,train,f150486b35fdda2e5bb8e06d87dc90e638118ffd4ad480d87fb06030cc28c0e3
data/raw/Training/meningioma/Tr-me_15.jpg,meningioma,1,Training,train,b5c411440c49e9f18a843b1314cc87c7bffed8f042e2cedad732c34e49d568d9
data/raw/Training/meningioma/Tr-me_150.jpg,meningioma,1,Training,train,b121f6b569eba813f18d1f9c8f358147628c5314f5e80beae4b2df21fcf556be
data/raw/Training/meningioma/Tr-me_151.jpg,meningioma,1,Training,train,47211a9c0be7bd6a476d47ca82664ad929feaf5455b22701529c3d3761f8fa95
data/raw/Training/meningioma/Tr-me_152.jpg,meningioma,1,Training,train,22ff202c8c1effc27362d7016064f225b192c4399265e042e6fdf6b4816e64e9
data/raw/Training/meningioma/Tr-me_154.jpg,meningioma,1,Training,train,820dbfd9b7449559802740a08ded8d506dbbad2abdda7293d3595bd9dcf4e746
data/raw/Training/meningioma/Tr-me_155.jpg,meningioma,1,Training,train,cbe635a22965cc1254e4d5858e47f658733187cc11bb5792e445906c34c152aa
data/raw/Training/meningioma/Tr-me_156.jpg,meningioma,1,Training,train,43966d2315ad00f8034fcef6c93f2838a17df8d46e7a7a8e9374665d787a2e83
data/raw/Training/meningioma/Tr-me_157.jpg,meningioma,1,Training,train,75fc351c55b57bc64e027f3a9e516fc6b37b818b02d290d39e40944ebc219915
data/raw/Training/meningioma/Tr-me_158.jpg,meningioma,1,Training,train,f17a463d83cc7fa4f2608f3791009e6bc87d73118755ed6043adaa054d94b695
data/raw/Training/meningioma/Tr-me_159.jpg,meningioma,1,Training,train,d9ddc18041215d16f105e4d45a39edd077a37101d5b7a024688d6ffe2be5579e
data/raw/Training/meningioma/Tr-me_160.jpg,meningioma,1,Training,train,59df70102bef4614184ca2ae1ac830dcee5883a8c0c1fba1ed260e10e2952e71
data/raw/Training/meningioma/Tr-me_161.jpg,meningioma,1,Training,train,ef2b556a342123447b0937647244437ba8d40034bbe1716d1166cc31fd7fdcde
data/raw/Training/meningioma/Tr-me_162.jpg,meningioma,1,Training,train,da5da424e765704b2cb9978665dfdbee5c1bbdc50a75de3de55732ba6e95ab54
data/raw/Training/meningioma/Tr-me_165.jpg,meningioma,1,Training,train,93a479b740226571b3742dd30fb19a76a1c5f8df4f4bacd2a178b3858a84ff5f
data/raw/Training/meningioma/Tr-me_166.jpg,meningioma,1,Training,train,cfa98c049502099f278c79c8281bf58fa5b6e7dd8da75f6d80308e34d3fdd266
data/raw/Training/meningioma/Tr-me_168.jpg,meningioma,1,Training,train,c51e645b50c4ef0fefe1421a8f718fc5193793397a7141ac27a8993ee8812067
data/raw/Training/meningioma/Tr-me_169.jpg,meningioma,1,Training,train,b59d01fe0c847a7647f905d8a7e4efca2cba06d0bca161540334ee600f400723
data/raw/Training/meningioma/Tr-me_17.jpg,meningioma,1,Training,train,0e3718ea040f5836250df218b2c806dd2f7115316b98895193114a05ab35c915
data/raw/Training/meningioma/Tr-me_170.jpg,meningioma,1,Training,train,c22691b5441cc731a1b61ae8ee6bf4b1f096287446ce7e5d758e5c49073a532e
data/raw/Training/meningioma/Tr-me_171.jpg,meningioma,1,Training,train,a92efec4ee9d9dba2affa8be203559f7e39c8013fd8655d2376a54c16d21151a
data/raw/Training/meningioma/Tr-me_172.jpg,meningioma,1,Training,train,2465e7577be66939eed91621915e3674ba9f05fe9368a6540b0b0e2b8d291531
data/raw/Training/meningioma/Tr-me_173.jpg,meningioma,1,Training,train,da83973c065993e151f39c8cbc55ce78e93089b4c1d2603cc8478cff8d5054a9
data/raw/Training/meningioma/Tr-me_174.jpg,meningioma,1,Training,train,616f29a681c559adac28228ba4e6018fa197290368407ccb1bf8e94505973044
data/raw/Training/meningioma/Tr-me_176.jpg,meningioma,1,Training,train,212cc0a46983666254c8b5ea9f838d855b55b8a38e187f1e65051cc26f1664cc
data/raw/Training/meningioma/Tr-me_177.jpg,meningioma,1,Training,train,628097b67ccb35732666ee2d47621fac4df38f0c5274f173f2d3d2f93656b5ce
data/raw/Training/meningioma/Tr-me_178.jpg,meningioma,1,Training,train,2a3be68670ee08aa519d3b4d7aff78f14ac1d3ec8865f610d7a06b4ba1a17b00
data/raw/Training/meningioma/Tr-me_18.jpg,meningioma,1,Training,train,fafff261038bcb5b595b1516655a65f1ada0dce52ed5742c2ac14e8d9b265da4
data/raw/Training/meningioma/Tr-me_181.jpg,meningioma,1,Training,train,229bfa28f1ed38b67cc739942b95bb096d7c608d3b7d4ce78fac59768aa7186e
data/raw/Training/meningioma/Tr-me_182.jpg,meningioma,1,Training,train,80486d58b185d28ebde1256e90ea9049be3125bb12c6fd1096b8526479956565
data/raw/Training/meningioma/Tr-me_183.jpg,meningioma,1,Training,train,236eab57f7e2f69bdb3f67595ebb634e1853295d7145ddfb699822fd8bef2784
data/raw/Training/meningioma/Tr-me_184.jpg,meningioma,1,Training,train,22cb136a7f0d8fb0c492c060dd44181ce478ab52bcc71edda537a46e1b61a74e
data/raw/Training/meningioma/Tr-me_186.jpg,meningioma,1,Training,train,2aa8a4fe434572ac49e227350a72c6b1bb148b4f41fe6226399b36239e01283f
data/raw/Training/meningioma/Tr-me_187.jpg,meningioma,1,Training,train,ffaf15d5ad589179c09a3debcd86f195cfe53b7ae88f888d1c9a224b96068983
data/raw/Training/meningioma/Tr-me_188.jpg,meningioma,1,Training,train,8bd1d8144bd35f6a1522a0ca447832b8263829df4ead1f523be695e685068963
data/raw/Training/meningioma/Tr-me_19.jpg,meningioma,1,Training,train,9c8572b3fb29d4a2467cdd2a8ef06efadb3430358234296b9e3e9fd6d8b31a0f
data/raw/Training/meningioma/Tr-me_191.jpg,meningioma,1,Training,train,d01e7e7d471d8e4e71548a7b1a3c90c0406781efff51ca32b3231c8a880b7652
data/raw/Training/meningioma/Tr-me_192.jpg,meningioma,1,Training,train,c5555017b153cbd288736508e17ba410ef53bd353f35558a79651e8e7011d319
data/raw/Training/meningioma/Tr-me_193.jpg,meningioma,1,Training,train,1efbf2b99f460069de703b43b10453ed11f2e701b7c9e2e115dde6ab31d4eea4
data/raw/Training/meningioma/Tr-me_196.jpg,meningioma,1,Training,train,46f9052c034db957c95bd30de2bc63a2da16044dc2f698d62aa66b2f4973d4c7
data/raw/Training/meningioma/Tr-me_197.jpg,meningioma,1,Training,train,aeeb441a1e96c8d23a3239893747a57f70d9542bfaeed0f1ff807bc363d6c0ee
data/raw/Training/meningioma/Tr-me_198.jpg,meningioma,1,Training,train,d06b09c04650f0074f8cd5371622dc27ed76824286e8ebd37b73fc04aab74673
data/raw/Training/meningioma/Tr-me_199.jpg,meningioma,1,Training,train,af3fbd000715366bd584ae555c6a464a432cd033f8fc5e19d48de3c236bb813d
data/raw/Training/meningioma/Tr-me_2.jpg,meningioma,1,Training,train,f3dc74813c4e426cf64cca43a839087afa4a6f95c9ab5e3b525ce883d59580a9
data/raw/Training/meningioma/Tr-me_20.jpg,meningioma,1,Training,train,bd03822a12050320ef712ef0b6e12146dc41b50e68dd6555a2721669546909c8
data/raw/Training/meningioma/Tr-me_200.jpg,meningioma,1,Training,train,7ae82ad05ee2fd7dc4d6ee5f4793ac4fc8c416bba68b698a2df7d59d76b1cd2b
data/raw/Training/meningioma/Tr-me_201.jpg,meningioma,1,Training,train,05730c1b2603d901d540a8f923fa3db4ebaf6513e21fd385ae4a8aee0539682c
data/raw/Training/meningioma/Tr-me_202.jpg,meningioma,1,Training,train,ed8a4acdf797b274e59a042572b213245546466541e6ea6ec1c024ef7673f3e4
data/raw/Training/meningioma/Tr-me_203.jpg,meningioma,1,Training,train,5b9cf595842206d941aef38d87fa6f10027a206f73949e9689add2738ac7a12f
data/raw/Training/meningioma/Tr-me_205.jpg,meningioma,1,Training,train,c4d0ad53156cd1b77ce696394ebcf92492e1b19990e350438eac561f282a7405
data/raw/Training/meningioma/Tr-me_206.jpg,meningioma,1,Training,train,36617ab48add83e19735fbdf059661a267925ea5ce3876927239c6909716aa07
data/raw/Training/meningioma/Tr-me_207.jpg,meningioma,1,Training,train,0157ee63732747449bb5170ef1445aa91919c887ee01c866bc24655d464dfd81
data/raw/Training/meningioma/Tr-me_208.jpg,meningioma,1,Training,train,f6e7d095f7bab27e10854c4d8d4ed1f1b8a00267e959ded7deb8d89796672ac9
data/raw/Training/meningioma/Tr-me_209.jpg,meningioma,1,Training,train,e90e1087aa8873c9d312e2523d70ead6e36f10a25cb47e94cb9d3f68681cde00
data/raw/Training/meningioma/Tr-me_210.jpg,meningioma,1,Training,train,6d6de2a59042f57f112ee192d4975247a8cb4e67664ac51e2d25a1c5281374ac
data/raw/Training/meningioma/Tr-me_211.jpg,meningioma,1,Training,train,ece02805e688e8a2dc29cc5b0263c7ee0e30dffe3cd72a91215a944b80ea6c10
data/raw/Training/meningioma/Tr-me_212.jpg,meningioma,1,Training,train,22ecfaf808e45d64b08fd640bbdca95004018d6ee5c7433fa53f26faf39a8039
data/raw/Training/meningioma/Tr-me_213.jpg,meningioma,1,Training,train,5b3f94611cdfa73ef3d0e5f4411ef66cccbdee60069e14712613bd59dcd4ad51
data/raw/Training/meningioma/Tr-me_215.jpg,meningioma,1,Training,train,98a4d2ed7ced921b536116bda36e2ca9f3c382abb7903aae5dddbd115dd7a2b4
data/raw/Training/meningioma/Tr-me_216.jpg,meningioma,1,Training,train,aaa700054b435ee1aff1a66905048eef7d2c50d03a809097ddde09af4a0daab1
data/raw/Training/meningioma/Tr-me_217.jpg,meningioma,1,Training,train,68173cf0a5a424623190c36663795407478b387ea17c5a0d55dd271d10ea8985
data/raw/Training/meningioma/Tr-me_218.jpg,meningioma,1,Training,train,29049e5049a59f3ab4b6696ea876ab29bcf1f003d42d771f971d2b1974144660
data/raw/Training/meningioma/Tr-me_22.jpg,meningioma,1,Training,train,a068bff6dbdd03e294c077cb46ae6ea76983c832dc9ac4e5edd2610d2c74dce8
data/raw/Training/meningioma/Tr-me_224.jpg,meningioma,1,Training,train,d969a85825db5cbd00c71c523944cdc85f46cccfd335be6bb8bd2f888ea260a7
data/raw/Training/meningioma/Tr-me_226.jpg,meningioma,1,Training,train,14c6f82af8b8dd0a9906a6cb20c6589cb72b97a500fe0bccabfa4ec6402e301a
data/raw/Training/meningioma/Tr-me_228.jpg,meningioma,1,Training,train,aeca95c8fa91b70333e82dc035fafc8eeb4bce4a7dcc86392fe2f2b6897d3b99
data/raw/Training/meningioma/Tr-me_23.jpg,meningioma,1,Training,train,2c3ee58b61e74bc21eb7e82dcf51271f8f2c02cb470b5863a87e13ecf23d109c
data/raw/Training/meningioma/Tr-me_230.jpg,meningioma,1,Training,train,158cbb72d584bba7f017fa8ff8a636ec9779f3c96ced6a3bd80ea3e99b04e453
data/raw/Training/meningioma/Tr-me_231.jpg,meningioma,1,Training,train,8e683fb0c133b9db3fde5651ff655db087c917f14df461b2843279e4234dce16
data/raw/Training/meningioma/Tr-me_232.jpg,meningioma,1,Training,train,f859d38770a99ec9938e888ea992001a99f696d66d8085215fb84085399c4a81
data/raw/Training/meningioma/Tr-me_233.jpg,meningioma,1,Training,train,028223a7646098304286d6306082f93ce4c1611de933f52fff8c9f45e4f15b19
data/raw/Training/meningioma/Tr-me_234.jpg,meningioma,1,Training,train,49f350ac9f72537df374801a58a4c5dec3af188734669dc0055809b7e0e14122
data/raw/Training/meningioma/Tr-me_235.jpg,meningioma,1,Training,train,4e943b2e22317c511ac920f2697c873de4377e922aca41b1dd3473597320c696
data/raw/Training/meningioma/Tr-me_236.jpg,meningioma,1,Training,train,d38c8660982ec2f35b1f83a9c71684e8e10b20d0ab78863b1e9704252cad1a90
data/raw/Training/meningioma/Tr-me_240.jpg,meningioma,1,Training,train,1fc820365052f94497ae7eb13a797f471bc073478c22a677c4945990458a9e49
data/raw/Training/meningioma/Tr-me_241.jpg,meningioma,1,Training,train,53c1a87149210350bc11c4dec4112d04d50a7630e74062bfe33299a606167565
data/raw/Training/meningioma/Tr-me_242.jpg,meningioma,1,Training,train,34dfbc0eadedfd11b8455a22723f53edd45de438208b03c25e54030a9d2bb8e5
data/raw/Training/meningioma/Tr-me_243.jpg,meningioma,1,Training,train,39c40da9e36c528b7a52fb990b5f9a91544cc1c7d05f5f303acff49473e1521a
data/raw/Training/meningioma/Tr-me_244.jpg,meningioma,1,Training,train,32338a1172458c475c2e39d062dccae24281caae11ecde679c08d27a94123415
data/raw/Training/meningioma/Tr-me_246.jpg,meningioma,1,Training,train,1a29f9ed0321aeec696043b7c67021a38f9f5760cf6d3a7c93176da3eb18f9cc
data/raw/Training/meningioma/Tr-me_248.jpg,meningioma,1,Training,train,b8c191b32f6186c59497bb579b5cda241bdce3db3ec638f637f6f2a4d438298e
data/raw/Training/meningioma/Tr-me_249.jpg,meningioma,1,Training,train,aa050bde7cc73aaa0e59adc79f95ba3018346d444340ae65aef92add28224323
data/raw/Training/meningioma/Tr-me_25.jpg,meningioma,1,Training,train,57fd9be2c69c0710c7b0cfdb02d703a9fea1a98818c75c9e69df665abe3e6d89
data/raw/Training/meningioma/Tr-me_250.jpg,meningioma,1,Training,train,f15c64016033c5b6d9aa05efd5e467f0d597fed0dee931d59a752010b6c5d9e0
data/raw/Training/meningioma/Tr-me_251.jpg,meningioma,1,Training,train,39495bbab558a37209f0d3276fce37abffe594a4fd02b1772dcef2bb6bc5d93c
data/raw/Training/meningioma/Tr-me_253.jpg,meningioma,1,Training,train,9a32260247a06b17269925a7eeed4d45856502763f86e40a923ae4c4acc4b5c9
data/raw/Training/meningioma/Tr-me_254.jpg,meningioma,1,Training,train,8858910caf6c5f185915144476aa1afc0d12ec76d9a1ffc48246936de0bede5b
data/raw/Training/meningioma/Tr-me_255.jpg,meningioma,1,Training,train,7e9f1c4a550e795c239a3761e474a04009a7581e350d07b7237a89cf86378a5f
data/raw/Training/meningioma/Tr-me_256.jpg,meningioma,1,Training,train,e8494979800b90e7046ac8933b067e8e181f2719abe7efa667c61946534b8eb0
data/raw/Training/meningioma/Tr-me_257.jpg,meningioma,1,Training,train,6609b05fcb96d96be79fd4ac42e71b9b7f9dde51d75806ba5c738010bfe7a51c
data/raw/Training/meningioma/Tr-me_258.jpg,meningioma,1,Training,train,1434e15d6bb08099f3610f5a96f92ba8a0627576f6f683c4d7090b3b20ed3542
data/raw/Training/meningioma/Tr-me_259.jpg,meningioma,1,Training,train,2a4e4cb02b24f583eecd3ce4abd57653d4ac938e8a76e0d5422b574a5a39d103
data/raw/Training/meningioma/Tr-me_26.jpg,meningioma,1,Training,train,55538ca1bb6785372040a44a3e24bced61f4281ba5fc219caa4314fa17370e79
data/raw/Training/meningioma/Tr-me_260.jpg,meningioma,1,Training,train,592e6bac493629742729200e79098e971a4df440405a30e99810f82bf27b5427
data/raw/Training/meningioma/Tr-me_262.jpg,meningioma,1,Training,train,ebd98af7354606bc7111fb8bbc09543bdf27bc0e05bf938a549c008d2085d763
data/raw/Training/meningioma/Tr-me_264.jpg,meningioma,1,Training,train,133675ad6af181973e33b7fd101a0977356ffb5c45b589016a9a59f74c683f23
data/raw/Training/meningioma/Tr-me_265.jpg,meningioma,1,Training,train,e2baedfc735fbc7ffd8e04723e77585e3209c267b506d756908ddea0a615716b
data/raw/Training/meningioma/Tr-me_266.jpg,meningioma,1,Training,train,89762254892fa04abc2aeb12578313f4df2a6b7e5f448c2a36b017b4087bc50d
data/raw/Training/meningioma/Tr-me_27.jpg,meningioma,1,Training,train,f3198edbfd8be43eedb249fcc6511757ab426a0a16b01af362da2882de733c1a
data/raw/Training/meningioma/Tr-me_270.jpg,meningioma,1,Training,train,29a669056d1951becc040e7fbf475d0d0ad802cb80084f43f88da23e001da340
data/raw/Training/meningioma/Tr-me_271.jpg,meningioma,1,Training,train,83735858f1eab8d6c30043b9920133305bb4f6e2899c172f346f4cae98c878e7
data/raw/Training/meningioma/Tr-me_272.jpg,meningioma,1,Training,train,1d5709ad9190b07ffb337246963c18fdc355f6d4a964d51825aabf474cd7ec82
data/raw/Training/meningioma/Tr-me_273.jpg,meningioma,1,Training,train,8de027d4c23f85cacc810b319641ff90d7b67556a604f13d9a6121190f09b8aa
data/raw/Training/meningioma/Tr-me_274.jpg,meningioma,1,Training,train,1d6a6ced3db1997b2ab25ee8858868975ab022d9187a146ddb3f76329d32384b
data/raw/Training/meningioma/Tr-me_275.jpg,meningioma,1,Training,train,f6bdcfa3072c334eb9828a2401a380c508a14807687d0bdd792f7cf5416960c0
data/raw/Training/meningioma/Tr-me_276.jpg,meningioma,1,Training,train,cf901d4b213bdef170cb18c51bebf3b5222c248cae60363f41be3f57950a29d1
data/raw/Training/meningioma/Tr-me_277.jpg,meningioma,1,Training,train,5d5d7561b6baba19452eea4590699d3c1404f49b026cc9b0cfb12c21a6e52071
data/raw/Training/meningioma/Tr-me_278.jpg,meningioma,1,Training,train,5efa81291c0219d42b27d3998a46985dc4ad68e5f233f92ad92570b6ca89db4f
data/raw/Training/meningioma/Tr-me_279.jpg,meningioma,1,Training,train,93da26ce4aa406d21c4b6eb9231de815f716e6219b1aa2ed1785586531ea8472
data/raw/Training/meningioma/Tr-me_28.jpg,meningioma,1,Training,train,c8069e28f471d0c14ab470a7d7f121bb3b1ec3aa339288aac45710e8dc212476
data/raw/Training/meningioma/Tr-me_280.jpg,meningioma,1,Training,train,684ad518242c43bd2f91bec2977b41c8347855753945b5732363eb1cfe94d4a0
data/raw/Training/meningioma/Tr-me_281.jpg,meningioma,1,Training,train,4a81ab9771c9a66034c4a5c657354dde68d7bcfb7e166baf7e578c5619a6fa0f
data/raw/Training/meningioma/Tr-me_282.jpg,meningioma,1,Training,train,fb7d8f9503884bdca8eb62abf7ac48a2f56c6ac6d93cd930ab7535df0fe5b0dd
data/raw/Training/meningioma/Tr-me_285.jpg,meningioma,1,Training,train,1a9e6d9355f70b94ce68cf8f31245cb04f1a9e844634e0b5d59d5424e06b10ec
data/raw/Training/meningioma/Tr-me_286.jpg,meningioma,1,Training,train,283f4748b7d5aad763aa48f2d5339042436a1c8aa49193cad6d1a049844bf185
data/raw/Training/meningioma/Tr-me_287.jpg,meningioma,1,Training,train,dd40302378de8dd65bcf5238c31033ce00392ffce19e435beccec44062d7ed49
data/raw/Training/meningioma/Tr-me_288.jpg,meningioma,1,Training,train,35205a7f1142329aef7f4a4c44b07713ae1046b29957ed26ef84a0daf5ae058c
data/raw/Training/meningioma/Tr-me_289.jpg,meningioma,1,Training,train,456d7f86290c1e806e5c0fcdf4e5b6d605aa7c20a18ca8a83e1fb1f56d4b06e6
data/raw/Training/meningioma/Tr-me_29.jpg,meningioma,1,Training,train,c5d685209c7bcf9ae04c9aabe88c23c1c455f94682b48fdd24c61f72eb7eb10e
data/raw/Training/meningioma/Tr-me_291.jpg,meningioma,1,Training,train,e2f6410661952320de21ab8b143176c664e3de4d957b89c1f0a06b32b49a77de
data/raw/Training/meningioma/Tr-me_292.jpg,meningioma,1,Training,train,e9bf8b4a2ba692fb679624b620db7aeba28c04c30d22e049c00773985fb4b982
data/raw/Training/meningioma/Tr-me_293.jpg,meningioma,1,Training,train,6194e69ac58b6bce67b598060d45c1e2751a2c58cea9638aa805564665395973
data/raw/Training/meningioma/Tr-me_294.jpg,meningioma,1,Training,train,e2eb13ce6a481e672122c895f9418f0426d9016530674b50c67b097033a75ae9
data/raw/Training/meningioma/Tr-me_295.jpg,meningioma,1,Training,train,bd6c9850d7d8ec674924d509ea07f807cef964706e17191ca820fc4aba1c99e3
data/raw/Training/meningioma/Tr-me_297.jpg,meningioma,1,Training,train,64dc12742ba893fc68e17e5677566102d94d3bff0b609c123e744d7682799022
data/raw/Training/meningioma/Tr-me_298.jpg,meningioma,1,Training,train,e0d358db25462ed2907061e77a1215ab5ef2b9d490552173ab5fbd89a5fa6fcd
data/raw/Training/meningioma/Tr-me_299.jpg,meningioma,1,Training,train,dfb7c58eb434c4511336714cd720e252fe202fd53ccc89b06eabac2bfa9aff35
data/raw/Training/meningioma/Tr-me_3.jpg,meningioma,1,Training,train,2f8546e485b635df17caf0595ffc29c1db3d87aaddc2681b8d6b6caa85ffd515
data/raw/Training/meningioma/Tr-me_30.jpg,meningioma,1,Training,train,5dd4b7499ca468bf7d94ad9fee5bb43a42ec718e7192324322186cebbfca737e
data/raw/Training/meningioma/Tr-me_300.jpg,meningioma,1,Training,train,d3cee82b6173239b290bb1e795fdff042647af6dd6b42aacac62cd725a7305e2
data/raw/Training/meningioma/Tr-me_301.jpg,meningioma,1,Training,train,0c1b027704afd8e337caccb556eb95c2e79c3c2ca095b319e72185994ad511de
data/raw/Training/meningioma/Tr-me_303.jpg,meningioma,1,Training,train,152f252f8e7d20bd95470c602add6122debf721cb05d79a53eee429fbcfe297a
data/raw/Training/meningioma/Tr-me_304.jpg,meningioma,1,Training,train,c097159f1a2d9d268408dc9241a29417ea278322eb9bcd8b98d45775b489446e
data/raw/Training/meningioma/Tr-me_306.jpg,meningioma,1,Training,train,38f1e738622591c918227a96e4068ff71fe3cd192e7adad20fcbfcd55b032f81
data/raw/Training/meningioma/Tr-me_307.jpg,meningioma,1,Training,train,0ccd715ae7fa3daf1dc8580edf447b3124cf13f803cdceae6014daa188b20b0e
data/raw/Training/meningioma/Tr-me_309.jpg,meningioma,1,Training,train,ae56d608be7db53a8289c0e66f78fb978572c71d54255c266337d086a46204da
data/raw/Training/meningioma/Tr-me_31.jpg,meningioma,1,Training,train,53ba53d9c8bc97e8cd55a16c809479cd825f1bc9185d4c418eca2b1a8a2f8495
data/raw/Training/meningioma/Tr-me_310.jpg,meningioma,1,Training,train,a18f7a24947d75f5c4b3644ae2009bc0535bfd89f41959fa6bc44e130636dd31
data/raw/Training/meningioma/Tr-me_311.jpg,meningioma,1,Training,train,bbd500c5684baa9e0a77ec0a850adb4242d21433a034e27f0448a65b71b1da01
data/raw/Training/meningioma/Tr-me_312.jpg,meningioma,1,Training,train,94a828587922f6dc144e5afad56ea5976205805fb08b84cf66fc109180ca597b
data/raw/Training/meningioma/Tr-me_314.jpg,meningioma,1,Training,train,b34810d0804622c37395da5bdda94a935c636de31b45e267902bedbf8dbc2803
data/raw/Training/meningioma/Tr-me_315.jpg,meningioma,1,Training,train,1ceeb7b59a66174a2832dd0524c15f79bc136d7ef907b7762860016ef47b51c4
data/raw/Training/meningioma/Tr-me_316.jpg,meningioma,1,Training,train,c652cd9bd74119148f9e879903c653e0742a3f6c4bede5d97374b187679913dc
data/raw/Training/meningioma/Tr-me_317.jpg,meningioma,1,Training,train,f0f4ad1a954f8af9f7fd1f7dd1bdff5d16c352d191a50d320e10373b0f33a389
data/raw/Training/meningioma/Tr-me_318.jpg,meningioma,1,Training,train,2c8be230a33c267864fdce27d56db309cd612981d9bb68b2b3ce9b8f18e57c31
data/raw/Training/meningioma/Tr-me_319.jpg,meningioma,1,Training,train,20ed864b4c9620f044eb92e965bb44418cc0e34fc0514b6887407570fa32d3e8
data/raw/Training/meningioma/Tr-me_32.jpg,meningioma,1,Training,train,5b9f94aee09d352e3fefa8692df1ff2197918feb527789464f4cd20874d2e13b
data/raw/Training/meningioma/Tr-me_320.jpg,meningioma,1,Training,train,74e34982b2c42313f933c21c4644531610c227e6e5ffdc920a1e7a6cf3a7c295
data/raw/Training/meningioma/Tr-me_321.jpg,meningioma,1,Training,train,bb60c72dc452e84e16b8802a96b297790521463171f353dde1c9fec0d383a3c2
data/raw/Training/meningioma/Tr-me_322.jpg,meningioma,1,Training,train,9968ef63ad5b6d4f9eedf235d7add29bec13119d38246ddd7b6943c5c9dc19fe
data/raw/Training/meningioma/Tr-me_323.jpg,meningioma,1,Training,train,ddc2c278a2e132cbf159233a072920b89df7d85060571bc6168e9a50cdc20e93
data/raw/Training/meningioma/Tr-me_324.jpg,meningioma,1,Training,train,c3e223710a7e32dd986114952395facb7273f8ce054c48f5ffa5513a8a5fe240
data/raw/Training/meningioma/Tr-me_325.jpg,meningioma,1,Training,train,8ad5466463261f2e79c7b2d148eec32576fe869fbcd0b7e2b27bc329a1a2d963
data/raw/Training/meningioma/Tr-me_326.jpg,meningioma,1,Training,train,1ddc07b40dd80b396ce695e57eaf6c1fb2f77ada6b89cb41593ed172ce143386
data/raw/Training/meningioma/Tr-me_328.jpg,meningioma,1,Training,train,fce25282f9c298280721e6608db8dd49289984e7004b61c4dd142d442735ecce
data/raw/Training/meningioma/Tr-me_329.jpg,meningioma,1,Training,train,622644677145b5202656ca1d281cc6680c12f440a077e4af7f5e85493a1b890f
data/raw/Training/meningioma/Tr-me_330.jpg,meningioma,1,Training,train,3f485834e521c740f298d16190f0afa1209a0e2d01080015ca6a8b5f3febe1fe
data/raw/Training/meningioma/Tr-me_331.jpg,meningioma,1,Training,train,7cfaba22355b770b309b9e019fb8a86ad4e3f22f16c00b6c003940435bb8a913
data/raw/Training/meningioma/Tr-me_332.jpg,meningioma,1,Training,train,819a354f8c8538809e92efc2923dbb84f4a1ab821dae7d6855737fc3173de114
data/raw/Training/meningioma/Tr-me_333.jpg,meningioma,1,Training,train,83d3c0cf942cc37eed220dd62903487e5a27cf1757c864f5bde36c5c8d2a3c5d
data/raw/Training/meningioma/Tr-me_334.jpg,meningioma,1,Training,train,141d77f45f51c96c419ddbf0ddcbae97d0d8ccf23051026ee9fccb5669eddc68
data/raw/Training/meningioma/Tr-me_336.jpg,meningioma,1,Training,train,b71b6f94366c4488fd626abcd87e2786084157b4a99cffdc90aadf01b7e93414
data/raw/Training/meningioma/Tr-me_337.jpg,meningioma,1,Training,train,17fa7362e2aac6d61219bac2f1ad9c082f12f1e50de77f08a64cd8093920aa25
data/raw/Training/meningioma/Tr-me_338.jpg,meningioma,1,Training,train,b958022543b5d3a414f7576f0856f38dbb94e3df68e475104c034228260ea44e
data/raw/Training/meningioma/Tr-me_339.jpg,meningioma,1,Training,train,24f09f91af40e42f2798bbc29df353ce17e6a0c0b533fb923b2fa8f75df6b496
data/raw/Training/meningioma/Tr-me_34.jpg,meningioma,1,Training,train,5e6c5de3049d89a70d1d32820d809c2b0cd1fc55212937b3b538523fc3e675fc
data/raw/Training/meningioma/Tr-me_340.jpg,meningioma,1,Training,train,3a5f1c8669f7b37c71a8f932c36c4314ee4bbffdc5d46899b6afbb7c013f6a48
data/raw/Training/meningioma/Tr-me_341.jpg,meningioma,1,Training,train,0208fb1ef4e28eb7e80fa12fb16f0b5842c183bc23b9f28b4743cb47453f9199
data/raw/Training/meningioma/Tr-me_342.jpg,meningioma,1,Training,train,c674eb35607b0105546653d09514a639ac1c2b2b51fb246b1b536358c1ea5c72
data/raw/Training/meningioma/Tr-me_343.jpg,meningioma,1,Training,train,66e1e9385c5297082c51ed029e517e1e0f3d1654e8ce6697626a916fef7c49cf
data/raw/Training/meningioma/Tr-me_347.jpg,meningioma,1,Training,train,c282b470613a1af9407200431a6f36d0ab1685c047d3c5afdd6e97e448cd1d49
data/raw/Training/meningioma/Tr-me_348.jpg,meningioma,1,Training,train,055e3d6a3fc9cabbf9ae22b9f9fd2fc669dc22161962a22256bf41a37d35102d
data/raw/Training/meningioma/Tr-me_349.jpg,meningioma,1,Training,train,a07acc701cc6ec3c5e94e9eefa3f4cd9f362d85f2be2e1bf09dcadaedb5f8baf
data/raw/Training/meningioma/Tr-me_350.jpg,meningioma,1,Training,train,700b075f436278d304f5f83f542ae7ee28c0b3f7371ed5d765355a5f3e75a93b
data/raw/Training/meningioma/Tr-me_351.jpg,meningioma,1,Training,train,09c1396bd32bd4199756c3dbe63adee47c7ca836bb06ec0520e9d89c33f36d4b
data/raw/Training/meningioma/Tr-me_352.jpg,meningioma,1,Training,train,6ebc3f56bb9294781666c09a68801341951792429d2cc0ebd479bc371a6332ef
data/raw/Training/meningioma/Tr-me_356.jpg,meningioma,1,Training,train,0761381702aaf26daaadc8ea2e01d2bb8201369c19567d3010606eb905973c6c
data/raw/Training/meningioma/Tr-me_357.jpg,meningioma,1,Training,train,9205a3771d212c8d26b09159b4a8c976836e0d62ed215bdbeb8add67d070e3c7
data/raw/Training/meningioma/Tr-me_358.jpg,meningioma,1,Training,train,762cac805dcba3d0e9aeca30743a8b8cf4a423204eac58e19c5b9be02a699a03
data/raw/Training/meningioma/Tr-me_359.jpg,meningioma,1,Training,train,69345348a4a781f924b64f10ce4bb67810b9a57f40c9d43b8ef4127c7f06d14f
data/raw/Training/meningioma/Tr-me_36.jpg,meningioma,1,Training,train,e43e01934b68943651419d25cae4ccea04db2678db91b0e6a257c54732f920f8
data/raw/Training/meningioma/Tr-me_360.jpg,meningioma,1,Training,train,fdc40b15da68623b83aecc6f9d1d1f085e1c6fbdb80c0d3119d6482dd70b6df7
data/raw/Training/meningioma/Tr-me_361.jpg,meningioma,1,Training,train,e2da667ddee25bb3f2701b8a270b06a4c01c3398350e8d9133f1d7cb42712b27
data/raw/Training/meningioma/Tr-me_362.jpg,meningioma,1,Training,train,3f2e25e763d4bfa91cdeaed943912c4bebd420d9a370c22c6af26dc4182a79b7
data/raw/Training/meningioma/Tr-me_364.jpg,meningioma,1,Training,train,e432dbdddb99a2db75dc8afdf7c55798ff04da75278c51b92d35c179d75407fe
data/raw/Training/meningioma/Tr-me_365.jpg,meningioma,1,Training,train,1c3f42440631d3c607073bb42aee34fc49d2095af54f025d77711749fae6160f
data/raw/Training/meningioma/Tr-me_367.jpg,meningioma,1,Training,train,678fad2e057952769a28d244b79d80a4fb0c7304c0729f20119ac56977335eff
data/raw/Training/meningioma/Tr-me_369.jpg,meningioma,1,Training,train,171d1d4c3991c36885c576883d5ebf72f2782d9f5844ee35d2b97de84b285171
data/raw/Training/meningioma/Tr-me_37.jpg,meningioma,1,Training,train,1c357c970bb419335870b61b84363ecb155cd431444058ba4895674ed76866be
data/raw/Training/meningioma/Tr-me_370.jpg,meningioma,1,Training,train,001e83da30735f4854ad3e2d7f7e55e4f36c1549e907132a8d89252f929182e1
data/raw/Training/meningioma/Tr-me_371.jpg,meningioma,1,Training,train,5e8e2946e2749673cd561721a7a0cd978a1f1c9eb38ce755c082190250acd1ce
data/raw/Training/meningioma/Tr-me_372.jpg,meningioma,1,Training,train,82ec8758774083bbbd92e5bf66e88ca04187a48ecc91a5b9f826640648da6d5f
data/raw/Training/meningioma/Tr-me_373.jpg,meningioma,1,Training,train,0393684019b077c8ca1612bffafae672b08a84ed5e66d5290eb93d541a9face9
data/raw/Training/meningioma/Tr-me_375.jpg,meningioma,1,Training,train,c2e8df69466a2fc47d3b25c4d3edc67e3ddbc87fc932d5157af94bc92dc03fc0
data/raw/Training/meningioma/Tr-me_376.jpg,meningioma,1,Training,train,1e0ff4aa2c3002c35e9daa634f6c4dc6ad3f476ba1932646c8f1f760e289834b
data/raw/Training/meningioma/Tr-me_377.jpg,meningioma,1,Training,train,26c3f2d84d7fe79a5d0b207b17497b36e23d4141149fb52dbc254a53d2b9a303
data/raw/Training/meningioma/Tr-me_378.jpg,meningioma,1,Training,train,537c5f0119b516c3a6ed7ffe1b6c8a187c7b8eaebbc3bc5d4734c652bf87b8c6
data/raw/Training/meningioma/Tr-me_379.jpg,meningioma,1,Training,train,6b517de27a4e4a73ec7ab95b2d316151f8078e2d6d9cc1a2ddd22e4ffbe929ca
data/raw/Training/meningioma/Tr-me_38.jpg,meningioma,1,Training,train,7cfcb935523acb08279b5265eea273788fc0a8edb7e4ed314d3f6be723457680
data/raw/Training/meningioma/Tr-me_380.jpg,meningioma,1,Training,train,a8fea0dd3e90727628dcf6d71f08112fa682fbea0eace20a306cc470d2b8360f
data/raw/Training/meningioma/Tr-me_381.jpg,meningioma,1,Training,train,212186698aeab8d96bf07a07ba3475feec7488ac931dd71a89c58d72a2139fb8
data/raw/Training/meningioma/Tr-me_383.jpg,meningioma,1,Training,train,ab9908377c5e112e38624628e3989d9daa3a8a4b8134d6f8a760341ebf7d76cb
data/raw/Training/meningioma/Tr-me_385.jpg,meningioma,1,Training,train,2653a788fd589d6213381d5f93b253f38dbc8a25d0b52cb009342aebe7bc0f42
data/raw/Training/meningioma/Tr-me_388.jpg,meningioma,1,Training,train,4632235f0b739980b35b1afb70a946ce6be8aebe284add9cfd8048973baf152e
data/raw/Training/meningioma/Tr-me_389.jpg,meningioma,1,Training,train,ad7f8515f2c78c211f01dffcad25f50fcb5979c4e34d4d772e1b0656a67d61a3
data/raw/Training/meningioma/Tr-me_39.jpg,meningioma,1,Training,train,ecef4c52a3ee939d7eedf352dba45225cbcb989d76a85fbe2e1d756fef5ab107
data/raw/Training/meningioma/Tr-me_390.jpg,meningioma,1,Training,train,9c8fb7b3a545503a016816d5c0b97cdbde29a66eeecdfd5903138db72d7eb58f
data/raw/Training/meningioma/Tr-me_391.jpg,meningioma,1,Training,train,de72e62e60b906fad89cf8a790e35ba97ee180a6d1057b7c2a7709c961ac6bbc
data/raw/Training/meningioma/Tr-me_392.jpg,meningioma,1,Training,train,ad9ae435d093143165abe2a8566e4d76173cb996f724094de5c6c84e3838b9be
data/raw/Training/meningioma/Tr-me_394.jpg,meningioma,1,Training,train,37a0d9f923e4381cceac3eaddb34a6449090dc745f818ca1400e598f8659eb5f
data/raw/Training/meningioma/Tr-me_395.jpg,meningioma,1,Training,train,ce87b9ebfc318ca3d56c557ff4960b2cc8eb3d8af6b0f7bc5b41fcf75f7d3fe1
data/raw/Training/meningioma/Tr-me_396.jpg,meningioma,1,Training,train,8d2ea2baff3f9ffce0f4b774ab6b523c4833c06ced446485119aec4916a9652e
data/raw/Training/meningioma/Tr-me_397.jpg,meningioma,1,Training,train,30bceaeed6fdb54c3e7a6421d2abbe6778799107e75d85d017a07ac22d757270
data/raw/Training/meningioma/Tr-me_398.jpg,meningioma,1,Training,train,58ab18c04f773649f0f02ab7885cb80e9ec87b927c8381646394d68fe2a80edf
data/raw/Training/meningioma/Tr-me_4.jpg,meningioma,1,Training,train,43fb3666c2dcb6ffc2368c33ccc3641bd9b2d654e822fed5fd3520f51a7ca879
data/raw/Training/meningioma/Tr-me_400.jpg,meningioma,1,Training,train,dfe171570b54e9ed6268a8d8bd6878081e24b91b0c053b325e0083e72ddd5c82
data/raw/Training/meningioma/Tr-me_401.jpg,meningioma,1,Training,train,de50c28825365e33874a63c04d528dc0fd0eff3efa26da2f63477eb17373b5ab
data/raw/Training/meningioma/Tr-me_403.jpg,meningioma,1,Training,train,04519791dc2d4a84e7ea188f1fbe164a21f47b94b63fd9e6f8e398017bb0fd55
data/raw/Training/meningioma/Tr-me_404.jpg,meningioma,1,Training,train,6dd5943d1831c3b133d5e8cbe5a3f87087256db4ac6af3e8878df2a0255efc87
data/raw/Training/meningioma/Tr-me_405.jpg,meningioma,1,Training,train,0471a53479c15eb66eddcebf9bc3100c13334f532215415b6807c59fc53e4bf0
data/raw/Training/meningioma/Tr-me_406.jpg,meningioma,1,Training,train,960155b05ea8f0ddcbcd3a5e29905c2a4b55832f03e5b7d6491c73955960d278
data/raw/Training/meningioma/Tr-me_408.jpg,meningioma,1,Training,train,4d8e4173289837bd7a7b7604f8b928dad7aae11ec1e7570f404b1e80d83e62df
data/raw/Training/meningioma/Tr-me_409.jpg,meningioma,1,Training,train,745f56acaad021ac82211f9751b9e284f95256955f41332ab3a3f0d76ce7caef
data/raw/Training/meningioma/Tr-me_41.jpg,meningioma,1,Training,train,d61f1435ba07e53a2f1db1be64b0786482863da3730c2f8bb75545d9acf0304e
data/raw/Training/meningioma/Tr-me_410.jpg,meningioma,1,Training,train,56c15ecccd01ef1b028ee16f2ad81f66b7a300072266cb60c8d4ea2af4bb42c2
data/raw/Training/meningioma/Tr-me_411.jpg,meningioma,1,Training,train,bfade808de6204d0475ab81469e45ad6c7c18498d4a36d26ce22f4581c107a8c
data/raw/Training/meningioma/Tr-me_413.jpg,meningioma,1,Training,train,5c00399c100f7ae60e4b437bce9cf608a5a58f2dee6de26a88fb8ed0a0644269
data/raw/Training/meningioma/Tr-me_414.jpg,meningioma,1,Training,train,6d45a914999f92115d439dbd3072131845afe89c0bb23a302605053aab30bef8
data/raw/Training/meningioma/Tr-me_415.jpg,meningioma,1,Training,train,7e5e242af266f8307726c66e48fc50d6d2d5090963a3fd9901971fe44fd462de
data/raw/Training/meningioma/Tr-me_416.jpg,meningioma,1,Training,train,a941f05c3aae124fc6496ae095c76b8a1361579eda0f873cd9f10aa7b1e20939
data/raw/Training/meningioma/Tr-me_417.jpg,meningioma,1,Training,train,11873a8683abe28361c6bade8af7887b5b84ff0d3e73971b9ea38f8acfea9008
data/raw/Training/meningioma/Tr-me_418.jpg,meningioma,1,Training,train,c6f2d09f007c950bea3adc4298d5aedfe60187beafe26df9120fece18915d583
data/raw/Training/meningioma/Tr-me_419.jpg,meningioma,1,Training,train,35c0a701abb6578a77312b9d5a5bc84d438283f52f3fc435e3995753541171ce
data/raw/Training/meningioma/Tr-me_42.jpg,meningioma,1,Training,train,35e81a1b763295a5acecb1f54478b2ce1583ab334ad71f7e368043ab5ef176e8
data/raw/Training/meningioma/Tr-me_420.jpg,meningioma,1,Training,train,2aece17eaf2dfe73882e024fe2000ec2af20a69882e2edd78b88a56226133200
data/raw/Training/meningioma/Tr-me_421.jpg,meningioma,1,Training,train,f260fc621e5ae555a5eaaab2dcb29d491386a3849191b0ff9556bdf18a5ada76
data/raw/Training/meningioma/Tr-me_423.jpg,meningioma,1,Training,train,bc8b26c6d0fde2bf13efd69f6fda7ac1a104c4eea4925ebb171ae732e0cc5b41
data/raw/Training/meningioma/Tr-me_425.jpg,meningioma,1,Training,train,ffe12100f5ef29258c67e195c72176965cebdd7e6e08527931b45475f92bb5e5
data/raw/Training/meningioma/Tr-me_427.jpg,meningioma,1,Training,train,fb4a9d084631e9e82eb561ebf36a1b86b84cd87e63c2ecff0faaaa547e7fd8d8
data/raw/Training/meningioma/Tr-me_428.jpg,meningioma,1,Training,train,14a0228983e03a28bc77046c928ca0737794e39ded468a69154e08cbf1dc4007
data/raw/Training/meningioma/Tr-me_429.jpg,meningioma,1,Training,train,8c1a5737466330c20f01adaa7979d51c52634dba850e0e7bd5bae4b2a9eb4b7e
data/raw/Training/meningioma/Tr-me_43.jpg,meningioma,1,Training,train,c3362744c0994ebd0642a9355466c22916434e2c3924f282f4ae6068630b7ee7
data/raw/Training/meningioma/Tr-me_430.jpg,meningioma,1,Training,train,5485d81400e8424662b8dd3c597fd85450eb58103c1dab73b3af54690c8647a6
data/raw/Training/meningioma/Tr-me_432.jpg,meningioma,1,Training,train,e2c7bc9c2d735e5b584b329f5cda1aec1f2415b2972c4aa8efc8d0a61e61b280
data/raw/Training/meningioma/Tr-me_433.jpg,meningioma,1,Training,train,b7e4472793090b0b9e2e830561899bf0b1c1ce5f0b17a8473a9bfd0c87e429f6
data/raw/Training/meningioma/Tr-me_434.jpg,meningioma,1,Training,train,ff7dfd036e3e8661030f4d65736a070f79054404c07b0a2a90a7074f5f0dc20c
data/raw/Training/meningioma/Tr-me_435.jpg,meningioma,1,Training,train,49015205f06081a262490c8de5234054d9abdfa0457a479b74760f671a0b1550
data/raw/Training/meningioma/Tr-me_437.jpg,meningioma,1,Training,train,edaff90338db46c64d17412392dc68cd9493db0ebc3211c51a93021baa25ef09
data/raw/Training/meningioma/Tr-me_438.jpg,meningioma,1,Training,train,0f6dd05728f38f57d71fae48a5e1d1320c76a2ec3c813d75cd39e92c3d334767
data/raw/Training/meningioma/Tr-me_439.jpg,meningioma,1,Training,train,2303dbe801fd071eeb78fc7afb150bdc22b7a2e840d88ebf7fc7d73b76f5b995
data/raw/Training/meningioma/Tr-me_440.jpg,meningioma,1,Training,train,010bc80bb8c8dac8251662c1dd9c23d3a210aff06ed5405503c34f0516e47ce0
data/raw/Training/meningioma/Tr-me_442.jpg,meningioma,1,Training,train,7addc273f231f7513ae9891af275a162d32950e7df5b67ad5cff31bfabeaf8e3
data/raw/Training/meningioma/Tr-me_443.jpg,meningioma,1,Training,train,7314db25d807e38689394539f8cc5d79d01b0270b1ba7790399c809e3c7f5e16
data/raw/Training/meningioma/Tr-me_444.jpg,meningioma,1,Training,train,fca372e5646fd82756b1e6c1e75e0aa44a2b2243e6beabb2a445468e3c2575bb
data/raw/Training/meningioma/Tr-me_445.jpg,meningioma,1,Training,train,9b7fabd8ec0caed3c3849a29ab2925d22d1271dcdec3d6ed0917b481baeaf7b2
data/raw/Training/meningioma/Tr-me_446.jpg,meningioma,1,Training,train,790b260186b992681c567e18b8a73742e5fd657558bd2853122c435a5a473cc5
data/raw/Training/meningioma/Tr-me_447.jpg,meningioma,1,Training,train,4e6e9867b99160e8a0c65a241bb21a855dbaded140618a604d0fb3215951df9e
data/raw/Training/meningioma/Tr-me_448.jpg,meningioma,1,Training,train,9b1e619f8ec2ed7152edbe09c0f71a78710091a83ba948731ef10f0d88005ab1
data/raw/Training/meningioma/Tr-me_449.jpg,meningioma,1,Training,train,c3a689cd5810ef8bd9470030d0642c691c22afbcfbc7561d7ddba196d78c81a7
data/raw/Training/meningioma/Tr-me_450.jpg,meningioma,1,Training,train,df42fa96f4e750ec67b95889f912770e0408328899912b9497691c99e3fb63c3
data/raw/Training/meningioma/Tr-me_452.jpg,meningioma,1,Training,train,e1c2bbb9008babffc1d99c425275b208bf9e20aa7f23f5dba562a86bcf89514a
data/raw/Training/meningioma/Tr-me_453.jpg,meningioma,1,Training,train,80dc72314701e8e722242e0e012c4c67f3a6d38b61138a9a01e251ae779190a4
data/raw/Training/meningioma/Tr-me_454.jpg,meningioma,1,Training,train,e19cda4b51d4cc2c866adac2461cacb9b7af0e630b1cecc4adac2bc1af5dfb4c
data/raw/Training/meningioma/Tr-me_455.jpg,meningioma,1,Training,train,c81fadb2923830851b530cf8546df1fe2416e99a080c9d0f85791c00b90a55a1
data/raw/Training/meningioma/Tr-me_456.jpg,meningioma,1,Training,train,48320b830e359bb421b2e29d7293844eebdf618cc267fb36b3c6f6680fc28d72
data/raw/Training/meningioma/Tr-me_457.jpg,meningioma,1,Training,train,ccb0b7bd5a5d3fe1472752c5d8d0ce5b6375b96a270f01e05c473088acaa16e5
data/raw/Training/meningioma/Tr-me_458.jpg,meningioma,1,Training,train,ce8b974baddb2dc8bac4115b3f5c9c3006cd7a0134c3722906ef5c08d3294150
data/raw/Training/meningioma/Tr-me_459.jpg,meningioma,1,Training,train,41def159a45fc9d9e67a4e8c80e8c4c4462ca7767414be4ff982a9e3284f06f9
data/raw/Training/meningioma/Tr-me_46.jpg,meningioma,1,Training,train,2c126c408bfaddd7cbbc3e9ae05c7b39a30fefaf8c51b414a447d67cfec52d74
data/raw/Training/meningioma/Tr-me_460.jpg,meningioma,1,Training,train,224a16b1e63255ad013b3cab6b37de9585d257a329dc1a055f00e8118ba89cd7
data/raw/Training/meningioma/Tr-me_461.jpg,meningioma,1,Training,train,efeba53ac52dc6e29ea8d1fe3efece182516a433a168d61fe95fb780e452fac6
data/raw/Training/meningioma/Tr-me_462.jpg,meningioma,1,Training,train,5c706a6c586ce154bdc6fd3007107005b74469496982f7be068c71c6021cf08b
data/raw/Training/meningioma/Tr-me_463.jpg,meningioma,1,Training,train,ece5885a02c4d35c2e4034f57689e1c1086c080760f01d566efbf7fa6c2c2206
data/raw/Training/meningioma/Tr-me_464.jpg,meningioma,1,Training,train,eca47283498dca90a78adbac146a0c95a7352e944d7364f3d3f46adf4c60357d
data/raw/Training/meningioma/Tr-me_465.jpg,meningioma,1,Training,train,e465760e8b0ca460951cfa70174020194061c32793bc236212be4280a8b25a6e
data/raw/Training/meningioma/Tr-me_466.jpg,meningioma,1,Training,train,a6a747bb5f6af02f154c793f8a2955176e42ab692aa6c410648cb41204fcd371
data/raw/Training/meningioma/Tr-me_467.jpg,meningioma,1,Training,train,92d4f4663661fdee2af01b2fea32bdad27e7270d1470fb3327bbe189636bf232
data/raw/Training/meningioma/Tr-me_468.jpg,meningioma,1,Training,train,e6ca19cc14a4c5dfaee656165c5b8c93608ab5adb96c354b15fec32fd3249857
data/raw/Training/meningioma/Tr-me_469.jpg,meningioma,1,Training,train,b7dfa8de41871a3de811d28358f1845760b15f950e5a9b508bc3d27f5b4766d6
data/raw/Training/meningioma/Tr-me_47.jpg,meningioma,1,Training,train,30e70e0996b0d154f96e68e1d6c068563293916d9090a20b8a9c02b0a29b31e3
data/raw/Training/meningioma/Tr-me_470.jpg,meningioma,1,Training,train,767464369d23a22110a4361dcd56d7b465cf5e07ab6e1647ce597d5bba929f17
data/raw/Training/meningioma/Tr-me_471.jpg,meningioma,1,Training,train,5401afead1b5252ced6bac4a77abf186830b9d1029db6976b58ae133d65d8879
data/raw/Training/meningioma/Tr-me_472.jpg,meningioma,1,Training,train,bd694839a7b18d8a031c43a2e76ea7603925ba43ac1349cf094d88e8c76ded6a
data/raw/Training/meningioma/Tr-me_473.jpg,meningioma,1,Training,train,cc643ea393c2dbf4200f6fb2707b4613d1312073ac5c9f1d32a7ce55723c79bd
data/raw/Training/meningioma/Tr-me_475.jpg,meningioma,1,Training,train,1c213d91ecbba161aadd41538ea75e46a8c08724190fa9fc6c8ed1ff26220632
data/raw/Training/meningioma/Tr-me_476.jpg,meningioma,1,Training,train,c391670b8548cae15dd1e59be7f7ba416334f2e20aba39a21b60a9a3c625e42c
data/raw/Training/meningioma/Tr-me_477.jpg,meningioma,1,Training,train,4a9c32b6d8edc02bb12c97ad55f1dbc43307a8b7912bfd7e15e3e2bbeea19ce3
data/raw/Training/meningioma/Tr-me_479.jpg,meningioma,1,Training,train,b7e81c22bf6e933905cee1abef434f59f4f597b36e290ed1952c8adf3e23652b
data/raw/Training/meningioma/Tr-me_480.jpg,meningioma,1,Training,train,daaf5064b5895e16f4a8fe610127c8e21b9714fe5775bce38fe48012f7f433af
data/raw/Training/meningioma/Tr-me_481.jpg,meningioma,1,Training,train,316cd046e6ebd064b7d32ef81d163c961698840fa9cd4b92e290100a8a406264
data/raw/Training/meningioma/Tr-me_482.jpg,meningioma,1,Training,train,8a58fce28d57c212232783221157ebbb36039d6ddb8de607add5d52e990c2abc
data/raw/Training/meningioma/Tr-me_483.jpg,meningioma,1,Training,train,528cac23406624f50c8f4613b4227cdb47ce088956bd3363368b211b7b212a28
data/raw/Training/meningioma/Tr-me_484.jpg,meningioma,1,Training,train,8e289866f700c054bb794a8708e4caa31dabc692ddb4db419d6ea8048eae63b1
data/raw/Training/meningioma/Tr-me_485.jpg,meningioma,1,Training,train,3b39dbaabf7765cbb4ae847409ccfd104e4137d73cd0d4b78b5568f051888184
data/raw/Training/meningioma/Tr-me_486.jpg,meningioma,1,Training,train,f3fec5bf88028bff924a9866b3efc5711b6a4f4f1bce52692ddef89db1d2996b
data/raw/Training/meningioma/Tr-me_49.jpg,meningioma,1,Training,train,86658a2697f7e59033c49e8c87d0b8744759885a4adc60b91ddb556bdfb3bcc0
data/raw/Training/meningioma/Tr-me_490.jpg,meningioma,1,Training,train,064c669277ae472eeaf876ff56ebf668f29d61db9c8781550c8bdb6e7ae86cb7
data/raw/Training/meningioma/Tr-me_491.jpg,meningioma,1,Training,train,8b95b62c967a66ec64d06b1320c7766ddbd01011705ba9ee0674b990cc1cccae
data/raw/Training/meningioma/Tr-me_492.jpg,meningioma,1,Training,train,67d5ea06379513aa119368053fd81c336310361cc476eec56235e510a2bcc377
data/raw/Training/meningioma/Tr-me_494.jpg,meningioma,1,Training,train,1f95ac6affaf86af219e79383b279c8d66ce7c35e2951cf7ce3c19085710ee30
data/raw/Training/meningioma/Tr-me_495.jpg,meningioma,1,Training,train,4ef29b55631de2a2d58da244253bb5add45abacf8ca2481f886bb3e53185a0b9
data/raw/Training/meningioma/Tr-me_496.jpg,meningioma,1,Training,train,26adb6e4b5996a6aaa3465088a3c0ab86049841ca9d25d172b95a56ca98ccde7
data/raw/Training/meningioma/Tr-me_497.jpg,meningioma,1,Training,train,995eefcf311b352e0f1e8855db68f9c40e8aa033f422663b715860c76aa4b1db
data/raw/Training/meningioma/Tr-me_498.jpg,meningioma,1,Training,train,dfac12b378aa06e3b1c263312a6d0b4bd8ca0cef382a86a894d5edc158185952
data/raw/Training/meningioma/Tr-me_499.jpg,meningioma,1,Training,train,f0ee529e0d3a95364753bcad7055701b71317a84a7b81025f6bce96c0bfe1e24
data/raw/Training/meningioma/Tr-me_5.jpg,meningioma,1,Training,train,1d583a8aa36b04e77d40ce146668365e84d595f540dc53cbf3e203591d9f0351
data/raw/Training/meningioma/Tr-me_50.jpg,meningioma,1,Training,train,9caa6d599f0ac5f111c5d81e3ac9c67be237310a05cad476d63e111b31725152
data/raw/Training/meningioma/Tr-me_500.jpg,meningioma,1,Training,train,5e510a88f5471cea9be2e6ad5773e6d66784d0896a2b0fe40b550311fdb3202c
data/raw/Training/meningioma/Tr-me_501.jpg,meningioma,1,Training,train,312317fd7c7a57f56837abd4704e67bf1d0d724114f62586e63928937a165582
data/raw/Training/meningioma/Tr-me_502.jpg,meningioma,1,Training,train,0aec1b58cb864c8b0ce402cbaccbc4ab749ee36bd4f4316602eb049af903e784
data/raw/Training/meningioma/Tr-me_505.jpg,meningioma,1,Training,train,7d68c9ce77160beb707163625fc19fbad866b9f5b3b9dc92222ebfac3aa04eff
data/raw/Training/meningioma/Tr-me_506.jpg,meningioma,1,Training,train,52213db7fcad57b87d8e841fe5cd5c329bf56f746b35a79c05ed9b675887f76d
data/raw/Training/meningioma/Tr-me_507.jpg,meningioma,1,Training,train,dd959cd7ceb0fe232a0e9911d65e07b8f5076b4d7d5a4759842180460ee37d5a
data/raw/Training/meningioma/Tr-me_508.jpg,meningioma,1,Training,train,db9384e1a2ce28555ab52dc93fbef62aa9e30b0ef287a886cc7b6815e6ba1228
data/raw/Training/meningioma/Tr-me_509.jpg,meningioma,1,Training,train,40349e9541f6b95649e175df366fc44535746ddc91fce441f9c76bd97cde9cce
data/raw/Training/meningioma/Tr-me_51.jpg,meningioma,1,Training,train,8a93fa4100f47a1a8fb87927c91e5c2714066e0dce7227776a15cf293bc2cb38
data/raw/Training/meningioma/Tr-me_511.jpg,meningioma,1,Training,train,a51333fd02577a4381cf1d0fd80c3f32139f26bcae1cbbdb920a44ae1d5dd9cf
data/raw/Training/meningioma/Tr-me_512.jpg,meningioma,1,Training,train,895bff3e54d112ca6d1b3ae935367a834689b15b2e568ebe010330e34a94e1d0
data/raw/Training/meningioma/Tr-me_513.jpg,meningioma,1,Training,train,b9eb2b76be65ce2bafa21998fd8125ae6989adf59ea06d043afb3009b70b056b
data/raw/Training/meningioma/Tr-me_514.jpg,meningioma,1,Training,train,de229e5fb92211e2d5a2352fbe8239a4251c3f4ff5f3bf7bf3254ee0ff6b6046
data/raw/Training/meningioma/Tr-me_515.jpg,meningioma,1,Training,train,1e2ec766570fbe2ed7dfe6ed39d85e5df218f0b640513593551d2dc58a51528e
data/raw/Training/meningioma/Tr-me_516.jpg,meningioma,1,Training,train,7b65b5bf288471ceae7c38bf1394928bb8fafdc99d23c28fd2585e86611dbc36
data/raw/Training/meningioma/Tr-me_517.jpg,meningioma,1,Training,train,a3f973d9ab09a67d7ed41492106050720a09f241d676e23f2372237409e5c397
data/raw/Training/meningioma/Tr-me_518.jpg,meningioma,1,Training,train,6a5fbe7cc6c14dfb1eae5ed59ff12eb3d83bcb2f47f925d58c6ab4acb2103f89
data/raw/Training/meningioma/Tr-me_519.jpg,meningioma,1,Training,train,9b071fdb3e6c5d1ce0ef24d2f98540618d5a5e6d79d7901adbe9401d3b3e6f27
data/raw/Training/meningioma/Tr-me_52.jpg,meningioma,1,Training,train,ac3b5057b4ed5d49532b1a442243bdb6cc9e5ccf417421c0a0fbf7478a50c504
data/raw/Training/meningioma/Tr-me_520.jpg,meningioma,1,Training,train,7b8ece74a07af7b3c89e5fda0ca1d9ed6d6ded8bdee88d8489823058e4d2dc23
data/raw/Training/meningioma/Tr-me_521.jpg,meningioma,1,Training,train,aa8642ef51365dd122024aa54621be250a86d01b3ce82ac00caf4f492a381505
data/raw/Training/meningioma/Tr-me_523.jpg,meningioma,1,Training,train,649202f276b87a3439a6c95d8d019ec567a40d34a4397f9f5cacd8487aeab474
data/raw/Training/meningioma/Tr-me_524.jpg,meningioma,1,Training,train,8692754b32e7233d2a12f5a4c8ed53e197b3b317e8860e48f94a27ec8762028f
data/raw/Training/meningioma/Tr-me_525.jpg,meningioma,1,Training,train,7666c7b3227f7a8563cb8cb25d615e7dd495eb1dade1be5c31a9c5e7c1dc1865
data/raw/Training/meningioma/Tr-me_526.jpg,meningioma,1,Training,train,8e0875123f43eca1fe354256ce7b2715fd4f82c182c293446e04bbe30d0e96c6
data/raw/Training/meningioma/Tr-me_527.jpg,meningioma,1,Training,train,9a98cbd31643a3bcc1193ca2f79008f3c2b2e72df7d737857c1a399f90fe5316
data/raw/Training/meningioma/Tr-me_528.jpg,meningioma,1,Training,train,dcdc758c32afed43163adc0185a4274ea09caf1a7cc5606e7fe38f522bc07296
data/raw/Training/meningioma/Tr-me_529.jpg,meningioma,1,Training,train,083a956e37459fd225cec6467ba136502bfe79bad88eb7dd5b4f4e761074de03
data/raw/Training/meningioma/Tr-me_53.jpg,meningioma,1,Training,train,4e3ee1ddab8517c71a10117b9ebd99f0b9f894cba1120454b19283e6ec91454a
data/raw/Training/meningioma/Tr-me_530.jpg,meningioma,1,Training,train,c4eae93e7fb065a8f96e0c916bced76f23e218331d5c540451200114f1dc4084
data/raw/Training/meningioma/Tr-me_535.jpg,meningioma,1,Training,train,535a2baf2db7beb8640c031591f764e33e66f48ed86dedb8f75792ef297a49c0
data/raw/Training/meningioma/Tr-me_536.jpg,meningioma,1,Training,train,4f3fec6c53f4448ccf8a0e35089053fa98cb8c58079dea70fe67d1ca3e474cfe
data/raw/Training/meningioma/Tr-me_537.jpg,meningioma,1,Training,train,9835abdc51d5f420e47ed1c00c5f020224f1651446ea092c57f7fb67663a23f4
data/raw/Training/meningioma/Tr-me_538.jpg,meningioma,1,Training,train,6fd6103f52741a38cc0d1b00fd62ffeca449078cc870b5044f4221bf26f0738f
data/raw/Training/meningioma/Tr-me_539.jpg,meningioma,1,Training,train,a275f5f3088a7f7021db108bb59404593f36e42cfd2687fbb4a6a219057879dd
data/raw/Training/meningioma/Tr-me_54.jpg,meningioma,1,Training,train,eb146b9e04ca9c003c91ed73efcce09c2faada352cf6d25ef399609aff85eee4
data/raw/Training/meningioma/Tr-me_540.jpg,meningioma,1,Training,train,b28dea03969705adb64ad3bcdcd76f8b40532517c62608d48752cc9fe1e71ac6
data/raw/Training/meningioma/Tr-me_541.jpg,meningioma,1,Training,train,c62d5368feb0e9f07bcc479c9388d4ee19e37070ca636c6cf62e33699e18f409
data/raw/Training/meningioma/Tr-me_542.jpg,meningioma,1,Training,train,070abb32e9f7e45230a5b181bc4d7e731bfd8572c7bc0146f949fcde1549a0b6
data/raw/Training/meningioma/Tr-me_544.jpg,meningioma,1,Training,train,0188e2a9b5e00ec418360252f5f6680497e439c232904950710eacebc6c19a61
data/raw/Training/meningioma/Tr-me_545.jpg,meningioma,1,Training,train,632b2be4fb34f336291dd7603e43ab5cffb2bb53de702938fda180bc6a250601
data/raw/Training/meningioma/Tr-me_547.jpg,meningioma,1,Training,train,7a150a1c581ccef225181a00f0b01518438bbcb6aee85c925746f2af3d8d0f63
data/raw/Training/meningioma/Tr-me_548.jpg,meningioma,1,Training,train,be95431b29f7d5e660ee54156770624215a1d3c24bd8b1f7744ae430efb1a775
data/raw/Training/meningioma/Tr-me_549.jpg,meningioma,1,Training,train,835de73568b6bd9676643f57131473129643447ba3c7887044c522f27e9d9eee
data/raw/Training/meningioma/Tr-me_55.jpg,meningioma,1,Training,train,f8eb367086ba5ba904bf0a04326fe85047e0be3e834a343833d888c9c9f7efeb
data/raw/Training/meningioma/Tr-me_550.jpg,meningioma,1,Training,train,e6b9f660492f5cd2937fb04ca3aadb150aebdfac5331bb08aab31580b4500e23
data/raw/Training/meningioma/Tr-me_551.jpg,meningioma,1,Training,train,9f86713f1d57b1a3a94f480e53f5184f46f5891e0844ac804b1730b586508095
data/raw/Training/meningioma/Tr-me_552.jpg,meningioma,1,Training,train,feba4f8874b34ead81a57f2abbb212bf0498c726450b3b83199a18d049c5bd13
data/raw/Training/meningioma/Tr-me_553.jpg,meningioma,1,Training,train,e06cbd846ceb5fc12ef5b7407d421fe2ed2641de68cdfc6ba64ea4bfa85d8fcc
data/raw/Training/meningioma/Tr-me_554.jpg,meningioma,1,Training,train,7f9822e49ceddfd70c845cedeedcf12dce1f8241ada530640d6fab7ed07394c1
data/raw/Training/meningioma/Tr-me_555.jpg,meningioma,1,Training,train,eb94dccbfc0c49e461d880259411c5dc62cbf2b0b779d5636a607061d694eddf
data/raw/Training/meningioma/Tr-me_556.jpg,meningioma,1,Training,train,fd5ae8ca80af53eadf86a19a5e28e90710cc795a48df9d68052fdf771bbbd274
data/raw/Training/meningioma/Tr-me_557.jpg,meningioma,1,Training,train,c8f4e6c756ce13736de8efe827079034e0265bd4dc9379f194c819c90dee49e1
data/raw/Training/meningioma/Tr-me_558.jpg,meningioma,1,Training,train,a2cca123ea78706db2802de90980a32d97e84eeaf0a4b08b5af4e5d4f73519bd
data/raw/Training/meningioma/Tr-me_559.jpg,meningioma,1,Training,train,0aed87ab9e7da701cbe170e3aece1b8432c8b17b960e54d3a05176233551d954
data/raw/Training/meningioma/Tr-me_560.jpg,meningioma,1,Training,train,37bb33ffee18b9c5a44dea8da10ed91d5332644d46424d1101a21fe20f45af3d
data/raw/Training/meningioma/Tr-me_563.jpg,meningioma,1,Training,train,978490f47405eea017e059a603921b1bbea9f8f738808b51d3ea639fa9ecc780
data/raw/Training/meningioma/Tr-me_564.jpg,meningioma,1,Training,train,9d45456a3d961891376c61c6cab8cec85ad07b0f5b7e9d6ed295b05632f30163
data/raw/Training/meningioma/Tr-me_565.jpg,meningioma,1,Training,train,3165132dd63c814ba0adef2a8ec151544ef449caeca19eaf85ddfb0edcd717ae
data/raw/Training/meningioma/Tr-me_566.jpg,meningioma,1,Training,train,1f926b86a7758019153d254e10af471c5c70ae45e5a2a429cd23fef1bcf5156e
data/raw/Training/meningioma/Tr-me_567.jpg,meningioma,1,Training,train,457fb9e8f89362f5ac7a4e6a869d55ca53e1cf3a40ca9a37e830d6475ebac5b7
data/raw/Training/meningioma/Tr-me_569.jpg,meningioma,1,Training,train,3cc9e95ff309e1864d8ae698afff2c81a539022fedcd272dc0b46e98e1c368fc
data/raw/Training/meningioma/Tr-me_57.jpg,meningioma,1,Training,train,29758f64ba84a4f20147ad114f2376b1cc38b0891a06e508a9d402acf226c9b8
data/raw/Training/meningioma/Tr-me_572.jpg,meningioma,1,Training,train,78f72b844decbdbb6011503e649e074a185a2a6ec94d28fea628336b270f98ee
data/raw/Training/meningioma/Tr-me_573.jpg,meningioma,1,Training,train,598c80d8fe24a647a8ceb68519db40cd4ea30bba0043cd7613047f3f9900e8f9
data/raw/Training/meningioma/Tr-me_574.jpg,meningioma,1,Training,train,e74dddb4b95faba88f5fe9678d74ed4a2a5f52c126ddbc218f86c3bd1637bf0d
data/raw/Training/meningioma/Tr-me_575.jpg,meningioma,1,Training,train,b205809df611ae3f90666bdec215f9b1ff3e3afb64f751d990a851e7334c5ed2
data/raw/Training/meningioma/Tr-me_576.jpg,meningioma,1,Training,train,8f829ae54cfcf4273ed1a5f7c8d45fb7a915a10a3a29190c935619179a7d2d66
data/raw/Training/meningioma/Tr-me_577.jpg,meningioma,1,Training,train,cc2ad61b029bba91680bf86cd7f66da1e077236d98a79b281600c0e44beca5c1
data/raw/Training/meningioma/Tr-me_578.jpg,meningioma,1,Training,train,66dfc44c76701d065d01a779d054828c77712416e7a386932bdc318b3ac618b7
data/raw/Training/meningioma/Tr-me_579.jpg,meningioma,1,Training,train,f1ec2303f26d37ae9c9af8337a77e86e080dea5fdc698ea1491463521ae020fb
data/raw/Training/meningioma/Tr-me_58.jpg,meningioma,1,Training,train,548cae591bfd4e72dcf20bcdf0185c170459b7b5173d9585c3d694e5bdff8cef
data/raw/Training/meningioma/Tr-me_580.jpg,meningioma,1,Training,train,8f88573bb9b2e3db7f1b5afcb6a351cb7892ca6053c328f31b4d7c662102a6f6
data/raw/Training/meningioma/Tr-me_581.jpg,meningioma,1,Training,train,b50e248ad41a292ae530634f8b3316033e95e0051f0425e023ff6a4117ddc585
data/raw/Training/meningioma/Tr-me_582.jpg,meningioma,1,Training,train,08ac61e62d0ea0ec6cb23be1efab6abb0195d8e1690e5d43ba2fbaf6dacbad0b
data/raw/Training/meningioma/Tr-me_583.jpg,meningioma,1,Training,train,8a78218d3ea57c7e537c14609d48154a1cee9748243fff43f287db8c1957d11f
data/raw/Training/meningioma/Tr-me_586.jpg,meningioma,1,Training,train,ba26d02f1509302942f95c700fe0d657c70c029888020dd1aab74385a75087be
data/raw/Training/meningioma/Tr-me_587.jpg,meningioma,1,Training,train,2e74a6409460cdf442669ed18704346d3e53cffc3960131fe90c2594f7b785b8
data/raw/Training/meningioma/Tr-me_588.jpg,meningioma,1,Training,train,d886c9df6e7dd3205cd82ec24e3445daa63ee70f6509fd84cce21f1232776176
data/raw/Training/meningioma/Tr-me_589.jpg,meningioma,1,Training,train,37b1edb1ea5c53ff3ce43fa446c0f98002680ad48039675714f22bdd87f7dcef
data/raw/Training/meningioma/Tr-me_59.jpg,meningioma,1,Training,train,2a41ef3731d0a904611356c1d17113113d465d1eed82f1d9adb4ede743260146
data/raw/Training/meningioma/Tr-me_591.jpg,meningioma,1,Training,train,35831946752d264ec4adc1e97221d5ba2304236bedee9c966c8689216fadfd77
data/raw/Training/meningioma/Tr-me_592.jpg,meningioma,1,Training,train,94784f09bb7f5f69d93fe9e6b5015c5155ad699cd409de607bd059be636c7279
data/raw/Training/meningioma/Tr-me_593.jpg,meningioma,1,Training,train,319187cdcce4bab2a76e9ac211fb3d8405bc2e5ecf675a0efea1f7246f25a3ab
data/raw/Training/meningioma/Tr-me_594.jpg,meningioma,1,Training,train,5f5fe0c5da7692506609203787c3964b2a245664e09c3594f7e8be6a3fcf8d1d
data/raw/Training/meningioma/Tr-me_595.jpg,meningioma,1,Training,train,193a67c6940542684a72ac8d2353cf27d3702dd9cf5c16ae79f23bfcf24b4287
data/raw/Training/meningioma/Tr-me_596.jpg,meningioma,1,Training,train,9939205cb6581f00cd7bb1eb62c8646f55af90ffc209b98fc12a8cbd541d03be
data/raw/Training/meningioma/Tr-me_597.jpg,meningioma,1,Training,train,6340faba2fff3a8e99b8a8a08805383f95adf276c2468136af37199cdbd87f33
data/raw/Training/meningioma/Tr-me_598.jpg,meningioma,1,Training,train,8c52e46713c3f81674ca2dd61485e0e047945d14a5922d070affb14e1a7043af
data/raw/Training/meningioma/Tr-me_599.jpg,meningioma,1,Training,train,8050a4ae532a98b4c110008f706ed5d2136c6bd9ffb51cd6e0f3c255b54cc280
data/raw/Training/meningioma/Tr-me_6.jpg,meningioma,1,Training,train,a9da5b7949794d07fc2758241cf7953d492bc2107ac9e69b00e6b9b44faaf60d
data/raw/Training/meningioma/Tr-me_601.jpg,meningioma,1,Training,train,36235afcbf5fff787d5d68456b27e18a179b4165b75c59d8cc31f40579e96ab5
data/raw/Training/meningioma/Tr-me_603.jpg,meningioma,1,Training,train,e6ea24487fb4f7c12da673f4d2115e454937ed52b81e094d1271d2b797a56695
data/raw/Training/meningioma/Tr-me_605.jpg,meningioma,1,Training,train,7d39b4c082d70d2c1188015ee17b39ff21b4792c811a971cb08406c500fcc279
data/raw/Training/meningioma/Tr-me_607.jpg,meningioma,1,Training,train,d26f37de4f6139ac174fa680e0d2e60d3afa4b1cdd5fa5d6aeb569a191db5efa
data/raw/Training/meningioma/Tr-me_61.jpg,meningioma,1,Training,train,b05c97c5d1134ffbce1dccd01d66d1be3a79a722b101b8e5e1708c8fcd9faf67
data/raw/Training/meningioma/Tr-me_610.jpg,meningioma,1,Training,train,597d0c6711879663f4edf75b8594e3cc9c471b4e3aff2824cbbffc3ceb0b87e9
data/raw/Training/meningioma/Tr-me_611.jpg,meningioma,1,Training,train,929a26a491d40ed3c57ae9ace8a7c01c146ccc6c0a6ca54763315c5e02ddc800
data/raw/Training/meningioma/Tr-me_612.jpg,meningioma,1,Training,train,30be43a1ef5d2f52d9d9738deeac4e0eb05c7da0d63708cf30066c75f618e81e
data/raw/Training/meningioma/Tr-me_613.jpg,meningioma,1,Training,train,7221b29abe0cf90059797a25fcb7496a9ce77cdcbe097ded4ee1d7f9b5b2c0f0
data/raw/Training/meningioma/Tr-me_617.jpg,meningioma,1,Training,train,b891dc32f03a2b15eed07c6dbdcff17bfb0f63a0bca6329b0c0273f482c01412
data/raw/Training/meningioma/Tr-me_619.jpg,meningioma,1,Training,train,4eb262e7bf011e53e7eb13f391f37a28a564b5bbcb45537157621344e0f50d70
data/raw/Training/meningioma/Tr-me_62.jpg,meningioma,1,Training,train,0edd7205f86939ddf0c5714c562f8c293d486ff076a36f7e0b7c974319fd98ca
data/raw/Training/meningioma/Tr-me_620.jpg,meningioma,1,Training,train,a6cbb32cff5d1e2742038432bc9e446dd706f4ef6ab84af887e7490991e514e8
data/raw/Training/meningioma/Tr-me_621.jpg,meningioma,1,Training,train,c541cc4848e8d12a44bfc601d3f0dccf6c00b136df94c476a0046b0cd6a67c2f
data/raw/Training/meningioma/Tr-me_622.jpg,meningioma,1,Training,train,13d08e8ef10ff5a79c5b61032e2ddb77be86fe5c9e5c4466452c4b48a985f21d
data/raw/Training/meningioma/Tr-me_623.jpg,meningioma,1,Training,train,2b90411e201b75d0a160417c6ea967c149d21fbdf2a5cb5456d4f60a480decb9
data/raw/Training/meningioma/Tr-me_624.jpg,meningioma,1,Training,train,52488776ac119d52a7bae9df8a73d9e0ce5327faa148d917f512bab8f1ea1afb
data/raw/Training/meningioma/Tr-me_625.jpg,meningioma,1,Training,train,c60206d8862a39d700ef5b336f58259c92770e264870faae987c6e81826b8508
data/raw/Training/meningioma/Tr-me_626.jpg,meningioma,1,Training,train,77e7bffcd7905411751bf2f7e3fd8aa2d8eb915763793e2d08005ba0e46b9377
data/raw/Training/meningioma/Tr-me_627.jpg,meningioma,1,Training,train,933710b072f91429550e58495f34fd1f93c449c89adf8ac9ea82cff0e70551c3
data/raw/Training/meningioma/Tr-me_629.jpg,meningioma,1,Training,train,c3c6b4be48436c8f3a8eafed3da4b98db4e80c146d737df301d6af42fb4450be
data/raw/Training/meningioma/Tr-me_63.jpg,meningioma,1,Training,train,9d425dc88f5d2b5193ece042d9303d12c6ca9663cadd17b0d0c0749d7123e64c
data/raw/Training/meningioma/Tr-me_631.jpg,meningioma,1,Training,train,1a37e4a415c3d56fdf0106ede96962c86ae14e94aa3e51e65bd09c00d4e53c1c
data/raw/Training/meningioma/Tr-me_633.jpg,meningioma,1,Training,train,0b6cf98522461c8a2c490a7bcd3a3c07ef39c8d1aacc40160dafe5dc0c396864
data/raw/Training/meningioma/Tr-me_634.jpg,meningioma,1,Training,train,3b711fbe1525515719e66f3085843213cac0ec0ae954e8da1da2f022efc03e34
data/raw/Training/meningioma/Tr-me_635.jpg,meningioma,1,Training,train,11daf07bd3397eb098f97d3d97e7e56f0122a78d89c3d82780b69d99c5a63462
data/raw/Training/meningioma/Tr-me_636.jpg,meningioma,1,Training,train,7301405d8487faeb7b2de0d4fa3bfeb990868b71899bfcc298ac688c0e44f2c3
data/raw/Training/meningioma/Tr-me_637.jpg,meningioma,1,Training,train,7d39842353a737627f4d47ba9e14c3b18438eb271209597cb48ba493640243b5
data/raw/Training/meningioma/Tr-me_638.jpg,meningioma,1,Training,train,7175b47dfa055e75fdc07d1a044b3f05c3112581652d11f742901a7688f33d9d
data/raw/Training/meningioma/Tr-me_639.jpg,meningioma,1,Training,train,7145b21317f3aaaf1d5d68132cbaaca5b7cdf4042e1b7ecf3c4c95b405a06655
data/raw/Training/meningioma/Tr-me_64.jpg,meningioma,1,Training,train,a95bab2d0c518d9e5bfcda94d551da5708b54834b6ea508d9709fef332abbbb8
data/raw/Training/meningioma/Tr-me_640.jpg,meningioma,1,Training,train,82a9fe8cc14bea6a6c4984f557d6800c1727d5d074e0b22cd76315d08627623e
data/raw/Training/meningioma/Tr-me_641.jpg,meningioma,1,Training,train,036c770275ee99660fd4d157a86baa843e8ce71848e182e62608ea758cf20637
data/raw/Training/meningioma/Tr-me_642.jpg,meningioma,1,Training,train,fccafde850490fe103983f0f1fdb9dd1c1a2b14af837c1c6b4380b59db277d8a
data/raw/Training/meningioma/Tr-me_643.jpg,meningioma,1,Training,train,db01a452cd2bc8950a03e6ea270b6b20e439fde923c9a2cd30b212f3443b698b
data/raw/Training/meningioma/Tr-me_644.jpg,meningioma,1,Training,train,1a63bc6b031b8f9aea7decf821c5418de6120db0a945055d040656c1589eb8de
data/raw/Training/meningioma/Tr-me_645.jpg,meningioma,1,Training,train,98e43989ca09a7cb73af0e1aa710d63d4d8d8a31ab35dbfe50fbd88b1df71c56
data/raw/Training/meningioma/Tr-me_646.jpg,meningioma,1,Training,train,1c48914ff9e011781b26b6321e9d44ea8e0e742a5827687886e4c4a076cd33ac
data/raw/Training/meningioma/Tr-me_647.jpg,meningioma,1,Training,train,b98f6fc45f20c25ab8bebfe22c4ef59ed89a3d3cb67153e43b80b547ec10aa58
data/raw/Training/meningioma/Tr-me_649.jpg,meningioma,1,Training,train,225abe50809292c4375b10bb542c96011ed3a2539b685a679f133a84d1d1a05e
data/raw/Training/meningioma/Tr-me_65.jpg,meningioma,1,Training,train,f476fb7645b451016ebf3b60c92cbc48529c48beb0fe7a19b7c5ad577714c41f
data/raw/Training/meningioma/Tr-me_650.jpg,meningioma,1,Training,train,ec9e9138932388700a981364fd5b8f0a06f4765bae131f6fade48f715e9790df
data/raw/Training/meningioma/Tr-me_652.jpg,meningioma,1,Training,train,f294a08f918075a02200b81540a9e6c4ca83a7c0a37bc8ce0b48ffa4ea8435ad
data/raw/Training/meningioma/Tr-me_653.jpg,meningioma,1,Training,train,c3757397a21f7fc81b5bb0043b38614338413c0b53ebd3e8894d1ca52ffe64c0
data/raw/Training/meningioma/Tr-me_654.jpg,meningioma,1,Training,train,99e2b7f33871d7dc1cc7b5d0b58e1697d3384709d691c5dc47dce25495aba1e6
data/raw/Training/meningioma/Tr-me_655.jpg,meningioma,1,Training,train,77f72dbcb9c4fd392bc1c93806e3bd0f2611fc455909412c6a2804a6faeb0aa2
data/raw/Training/meningioma/Tr-me_656.jpg,meningioma,1,Training,train,6fb19dc4f283d82e1a19e860bc86f152135a84f4216bfee62fd9618695ed7ada
data/raw/Training/meningioma/Tr-me_657.jpg,meningioma,1,Training,train,9f08021e07ea5ac142fb7d2383531e1a50159835d24fa5077a10516eee0865c9
data/raw/Training/meningioma/Tr-me_658.jpg,meningioma,1,Training,train,afd2334a13bce212dd22ac3ab2bb662a2e334d470ecf02152b09b3862aa3c791
data/raw/Training/meningioma/Tr-me_660.jpg,meningioma,1,Training,train,614429ebc577e596bd9c70edfbf30670ffd407cb8522e9f7f1a974343f057ab2
data/raw/Training/meningioma/Tr-me_661.jpg,meningioma,1,Training,train,43d69187c66f53cf5bbfaad79bdeda18678b2bde8f1c144c051e4a8ae1f53fe5
data/raw/Training/meningioma/Tr-me_663.jpg,meningioma,1,Training,train,1c522f19cc6c58993b7ee2c8664dacedb1f6a5f8031f9342f0b8f4409b8f1b70
data/raw/Training/meningioma/Tr-me_664.jpg,meningioma,1,Training,train,715cde86dd846c59b35cc6ac8af2ba782e88c8c7c4819ea28ba30679f67d9cfa
data/raw/Training/meningioma/Tr-me_665.jpg,meningioma,1,Training,train,ad1b1c66b5a812fd00a091ff98966351824c49222910e91148fdee2ce35f8b1b
data/raw/Training/meningioma/Tr-me_666.jpg,meningioma,1,Training,train,5cb7df105e6f8ded5c798d540089ec9e5170b068992d8451881f872bcd46c41c
data/raw/Training/meningioma/Tr-me_669.jpg,meningioma,1,Training,train,5f3a684964a423e4d2456ef3311383bdf0ea4018609307ca3fe3be67d42a2156
data/raw/Training/meningioma/Tr-me_67.jpg,meningioma,1,Training,train,f247589c36e263d330d56cbe5492889fa99a91de52b0b1e669062bb34a6e7fc8
data/raw/Training/meningioma/Tr-me_670.jpg,meningioma,1,Training,train,f5220862294aeae8177d7fec3443eaad29649eae32044ca5216db2fdfb9f842e
data/raw/Training/meningioma/Tr-me_671.jpg,meningioma,1,Training,train,37efb9a90fe279e60693f01d1ee4fe94bf20177ba06aaa70eb751724e62de297
data/raw/Training/meningioma/Tr-me_672.jpg,meningioma,1,Training,train,f4a6393314cc326c2f266540389521884728c6cffbd1715d3210870e6750dbd5
data/raw/Training/meningioma/Tr-me_674.jpg,meningioma,1,Training,train,fb6548cf187cb2bf841bbbe15513148da44e811d6fa699d5725f237536db2080
data/raw/Training/meningioma/Tr-me_675.jpg,meningioma,1,Training,train,438e2d5a1afca3f938a5c8857c7a53a44fd947227e7e88c6be667a6f2396253f
data/raw/Training/meningioma/Tr-me_676.jpg,meningioma,1,Training,train,3c1468d8eb2ecd984f69261de8445de72e7a448ec2d095ec5a0865bd49d77019
data/raw/Training/meningioma/Tr-me_677.jpg,meningioma,1,Training,train,5c9c2d19a5a4b1944d8b4d357a8525b7b290fcd137f10a034fb7958038f8f000
data/raw/Training/meningioma/Tr-me_678.jpg,meningioma,1,Training,train,51354c7bdca6dd0d7a03ed215d768df8ab0db7f7831226e3b90af30e5863bc8d
data/raw/Training/meningioma/Tr-me_679.jpg,meningioma,1,Training,train,b27ac167c8160d312a57ec533957914bb1a29c2ebd1b6670449cd8ddbe987e2e
data/raw/Training/meningioma/Tr-me_681.jpg,meningioma,1,Training,train,49887bf4354c15ef45e4de4bf8f5ef5a3362e7e8468a253ffd4b1ddd9a43b892
data/raw/Training/meningioma/Tr-me_682.jpg,meningioma,1,Training,train,a8e3c760f844424e2e3c5b1937271dbc9433d03573636c59d1d73fce33b2bdd4
data/raw/Training/meningioma/Tr-me_684.jpg,meningioma,1,Training,train,7efcd87636c28a674f2abf3bc6255eb1e786c12f40e794e4a3292c7381be4f66
data/raw/Training/meningioma/Tr-me_686.jpg,meningioma,1,Training,train,860942cb6bea6be28aba017c0463c24ff304c8b77d30bb488421e6e1dca7ec67
data/raw/Training/meningioma/Tr-me_687.jpg,meningioma,1,Training,train,b32fc4a59c2d74862b979fa16c968dc58c80ad17c46b8eccdd5828a5f8c61845
data/raw/Training/meningioma/Tr-me_688.jpg,meningioma,1,Training,train,ae8aa3c5ee2590c27b3ce8b795ee1d76d399da54bb4682fe01ea50f8fd15aac7
data/raw/Training/meningioma/Tr-me_69.jpg,meningioma,1,Training,train,aa6942a9edaba84b70a661135622d5d3c2aa7c294222087c6437ce2bdb23c8a9
data/raw/Training/meningioma/Tr-me_690.jpg,meningioma,1,Training,train,ceed84105c284112a2cf2079fe7325d1b741251227cf119de7f9114e2b76b3f3
data/raw/Training/meningioma/Tr-me_691.jpg,meningioma,1,Training,train,80c7bc3cb769d96b6974160f1fff584b1dbf696f0f23e8e6ed57345f1b527719
data/raw/Training/meningioma/Tr-me_692.jpg,meningioma,1,Training,train,d8e3ae9df911f82e534f4dc310937b5fae4a05281737fcf3bca543939a750505
data/raw/Training/meningioma/Tr-me_693.jpg,meningioma,1,Training,train,f98b2f512ee1e016de757073a071d852d22d604bc6cdd003569e0f2b6cf378b5
data/raw/Training/meningioma/Tr-me_694.jpg,meningioma,1,Training,train,d91ae0e0d1f99015ce544e9428ed73985c5aaa9fa4a189039c114b41e83ae67b
data/raw/Training/meningioma/Tr-me_696.jpg,meningioma,1,Training,train,792e660cefd290766a5fb1fae8b58a6d088b489029bb241fb6c288350fc33f03
data/raw/Training/meningioma/Tr-me_697.jpg,meningioma,1,Training,train,8feb59bec50cc92d714f81222f6ab98f645ddf560e65e2fa74f9e998f2ea8572
data/raw/Training/meningioma/Tr-me_698.jpg,meningioma,1,Training,train,96ce5b2756df90d30963a0b3fe491274d477be2307253a4ac8c9cffb5f95c2f7
data/raw/Training/meningioma/Tr-me_699.jpg,meningioma,1,Training,train,f03d0465810e7d14ba92d1c44c91facbaa5bbfea6bbbcf7bd6ecd92e0adc0a53
data/raw/Training/meningioma/Tr-me_70.jpg,meningioma,1,Training,train,80c48ef38d94340400d076051ebef91bd5258b66bf9ed372703c3dbd69e44327
data/raw/Training/meningioma/Tr-me_700.jpg,meningioma,1,Training,train,a929675c622015e826cb0c266cffeb57444a714bb6a44389ba2259673a25fc9b
data/raw/Training/meningioma/Tr-me_701.jpg,meningioma,1,Training,train,901a6245ed8379ccea37a3a0ebd5c93d95b0555d790ed2ddf0c1c8d77e37d7f1
data/raw/Training/meningioma/Tr-me_703.jpg,meningioma,1,Training,train,96b7999d78feea97c724ef277bbfe2551f5c67ed1d1081f073ff7bf85a118b71
data/raw/Training/meningioma/Tr-me_704.jpg,meningioma,1,Training,train,23c5117dcdb5ffabb6815b588b0f51b833e623e1d1cdf8e55d24676a9d7425aa
data/raw/Training/meningioma/Tr-me_705.jpg,meningioma,1,Training,train,b75d3b17c45d310834ba37802dac2af44f72f92f033af6e5279ce998786abdc1
data/raw/Training/meningioma/Tr-me_707.jpg,meningioma,1,Training,train,d5a3a20bf04be963c87d0cf1be90dbf9f5fd80de13408793d6175fd18cbb09fa
data/raw/Training/meningioma/Tr-me_708.jpg,meningioma,1,Training,train,9f9902462c13c163e244589e1fe1b90191b13c88441cbc12d784be593042a58f
data/raw/Training/meningioma/Tr-me_71.jpg,meningioma,1,Training,train,a7e18b28461707d3e8d7682958fbb9b669ebd645e4b0702cdcc856677319c271
data/raw/Training/meningioma/Tr-me_711.jpg,meningioma,1,Training,train,54a3c180dc474ea94a7b55d9e0432b83d88a53fd96963545f4fbd621afbd39df
data/raw/Training/meningioma/Tr-me_712.jpg,meningioma,1,Training,train,82237a774a82bb7fcf76fe6ed153c8201c8ec9e0b995b42df6ff871d553bfb21
data/raw/Training/meningioma/Tr-me_713.jpg,meningioma,1,Training,train,8889ecfb71b4bdbbc96afdd20f3ecb3ee411f75f48fec93600e4928cecd0aef1
data/raw/Training/meningioma/Tr-me_714.jpg,meningioma,1,Training,train,1db9c81ca21c0ec3f145865ef84c439d9e3fd951b8478cef6a3a2d31a6e7c5d1
data/raw/Training/meningioma/Tr-me_715.jpg,meningioma,1,Training,train,7aed0c5305f66cb3c67a0d617ef6e73e3f965cff91bedcc3bc074fba768d152e
data/raw/Training/meningioma/Tr-me_716.jpg,meningioma,1,Training,train,745e3a766efa0d30969e4c2e317c26fbc335d325bfd5546d704ddf9ce1027148
data/raw/Training/meningioma/Tr-me_717.jpg,meningioma,1,Training,train,bdcb36433384ba17ee22c69a3e4f9149b20b69ecd85dd272a80dda704aff0aa8
data/raw/Training/meningioma/Tr-me_718.jpg,meningioma,1,Training,train,f8e9cf980bdac1de7740d880c4f9fe47efdb4668fdd804c1e795b8bf2632d066
data/raw/Training/meningioma/Tr-me_721.jpg,meningioma,1,Training,train,a1ed9509b447dd290e548448b6090a46376846d2a3344b30ce539bf13e9f2c42
data/raw/Training/meningioma/Tr-me_722.jpg,meningioma,1,Training,train,b902aebf11c7d30e67c763e1affed0314a7817b8524bbf4704cb64a89f8f7de8
data/raw/Training/meningioma/Tr-me_724.jpg,meningioma,1,Training,train,2ed31f3415e9cae859bf94ee0f6758eaa94d32a148e1353d6fae108527de61cf
data/raw/Training/meningioma/Tr-me_725.jpg,meningioma,1,Training,train,9ea44414ffff40ebd9ef6313a0faa443f015ed7d14a5aea3187a6cf708ae1524
data/raw/Training/meningioma/Tr-me_727.jpg,meningioma,1,Training,train,2ac5ec24d5501be6c5b23d23ee86df06cb86a95fc52920eb8e657581edc45e0a
data/raw/Training/meningioma/Tr-me_728.jpg,meningioma,1,Training,train,6416747c972d1fd717c8f71d6c9a9aea927d7c9dccf0d9e3812e103bf635d8ee
data/raw/Training/meningioma/Tr-me_729.jpg,meningioma,1,Training,train,88b67024fdefbff05467055188402a9036dede7e9443da9dc8474df35e4016f7
data/raw/Training/meningioma/Tr-me_73.jpg,meningioma,1,Training,train,8f6527cb3fcade0ab52b3630bd918b0ee9096888321c1565d4334090055ab46f
data/raw/Training/meningioma/Tr-me_730.jpg,meningioma,1,Training,train,c04485ecf1009bdc1c677177a872d25837897e945a2f103067f037ca2e1c41a4
data/raw/Training/meningioma/Tr-me_731.jpg,meningioma,1,Training,train,05302f1769113dcaf7e079654c98cdb81ae628ee6980073cfdf6d15324d9a0ea
data/raw/Training/meningioma/Tr-me_732.jpg,meningioma,1,Training,train,7cee86ffcf1e56da073e79ce6c19e8bb90137ff5500960c646ada09c1c602a07
data/raw/Training/meningioma/Tr-me_733.jpg,meningioma,1,Training,train,fd18a06dcb2bca0a13d5ffe0378cc989a0584fa6a7c5cad5aa1643504548eaa8
data/raw/Training/meningioma/Tr-me_734.jpg,meningioma,1,Training,train,d9df03fdb37b43dc16f333d5fd1cdb6ca302d299b5071118d037d59791057126
data/raw/Training/meningioma/Tr-me_735.jpg,meningioma,1,Training,train,53a9c295c5089d539a4de4b26d0b52da431dbe6c6b040e63a905bdfb1f5f2a58
data/raw/Training/meningioma/Tr-me_737.jpg,meningioma,1,Training,train,9baac7589f86296c10c7ba8cc026cd6f975fea93d53a82991baff3fee28af182
data/raw/Training/meningioma/Tr-me_738.jpg,meningioma,1,Training,train,9d8ea2574de2641627c50bed19ff5f80e655b4fa2fd5fbec5978dba791a23886
data/raw/Training/meningioma/Tr-me_739.jpg,meningioma,1,Training,train,38c514be442f2fc52742f8e0a73b307bf193bba171bcb033860cc133394ff409
data/raw/Training/meningioma/Tr-me_74.jpg,meningioma,1,Training,train,a094ba4385c8afbe93e77543abdb9505e3e4db8aaa1b923a2eb436b52471dfae
data/raw/Training/meningioma/Tr-me_740.jpg,meningioma,1,Training,train,18f69cb88362d858b70ef6e119ad2676bb82a0e5e4103352949fc6ee8a2d9b8d
data/raw/Training/meningioma/Tr-me_741.jpg,meningioma,1,Training,train,3820fdb94631702a3f846e31a5b86a438890e5c5673143668cf26e1ffb7abd67
data/raw/Training/meningioma/Tr-me_742.jpg,meningioma,1,Training,train,f25836117e0385ef606b4ae31894bc79bce1297894aff203c369c07bd8b79eb2
data/raw/Training/meningioma/Tr-me_743.jpg,meningioma,1,Training,train,a73b92b2a5899b0d8ae739c4c6f26131aafa432aaa88f5949524ad0e4c893461
data/raw/Training/meningioma/Tr-me_744.jpg,meningioma,1,Training,train,255a8722a287e7aa70bb0765415e21cb94470e096777c65ae23678a27bfadf21
data/raw/Training/meningioma/Tr-me_745.jpg,meningioma,1,Training,train,df312253cccf8f666f2135d5d468a7391531eb089677459990d63d8a9082d939
data/raw/Training/meningioma/Tr-me_746.jpg,meningioma,1,Training,train,abcc14e8036ddacc88c09e967431135c0fc36e0ff1f9a77c2b31f4c088756b24
data/raw/Training/meningioma/Tr-me_747.jpg,meningioma,1,Training,train,488a8888e86721f95b384ba911d76fd92a2afec9e59510110e55b6c8dccf3169
data/raw/Training/meningioma/Tr-me_749.jpg,meningioma,1,Training,train,7a43c34278b4e1e3c323f60ae784707e0bea986ff6ec9b935600feb3cc0e9c17
data/raw/Training/meningioma/Tr-me_750.jpg,meningioma,1,Training,train,4754cf8f401bf1e66b1c814206a925a59b4952896bd701ced7600851e543a967
data/raw/Training/meningioma/Tr-me_752.jpg,meningioma,1,Training,train,3104de6278687b4c24078c66fe36cdb8081944a6d16e07500047549dd8df3173
data/raw/Training/meningioma/Tr-me_753.jpg,meningioma,1,Training,train,99f6632afb9629ee8b0f9994a819e797ff7f1513c471da4fda70e81420eb6f51
data/raw/Training/meningioma/Tr-me_754.jpg,meningioma,1,Training,train,de8592a85364773572a57567375e3e8e73e38913c60c51d1bbb5306354c61322
data/raw/Training/meningioma/Tr-me_755.jpg,meningioma,1,Training,train,c111af08bdddc6df35f7c6b7dbea559eff19da34d39be12dc9d352d32dd26943
data/raw/Training/meningioma/Tr-me_757.jpg,meningioma,1,Training,train,1e6c11d040306da38659d6402bd59fafc690325fe5114fd65ddfefdc2e03eb17
data/raw/Training/meningioma/Tr-me_758.jpg,meningioma,1,Training,train,301c9f4242d3f7208d7099e307f6de9865b31d6b9d6d71a76e52344e9b84e90e
data/raw/Training/meningioma/Tr-me_759.jpg,meningioma,1,Training,train,aaa9753989c9551c51184124cc3bbce4ed6b6b2a095779e1a2c3b1e6c2b67845
data/raw/Training/meningioma/Tr-me_76.jpg,meningioma,1,Training,train,1bc3bfd538c294c77249266cd81c2d02f496dc0926762d8857d5229719962f7a
data/raw/Training/meningioma/Tr-me_760.jpg,meningioma,1,Training,train,df3b60233bc68318448f9d2cc3ca4cfffe663807569eae0dc839e3a97d262117
data/raw/Training/meningioma/Tr-me_762.jpg,meningioma,1,Training,train,5776354c82f75ed25b033499e4eced0b77beca5ac9f775eb27a86440a03dc050
data/raw/Training/meningioma/Tr-me_764.jpg,meningioma,1,Training,train,a8a5c8da2047ed2cdd0c97963311752e131124417ab3ae5b2ffe1f00a361febe
data/raw/Training/meningioma/Tr-me_766.jpg,meningioma,1,Training,train,513370f24ddf6bec2ce1bc19ae407bbefdece66d39a07a6ceb14e40da09b53a5
data/raw/Training/meningioma/Tr-me_767.jpg,meningioma,1,Training,train,dfc15adf26f7679e8642f03d8b7174c7c5a1e82df957dda45d1856ef53e0001e
data/raw/Training/meningioma/Tr-me_769.jpg,meningioma,1,Training,train,4dbfe46d26ece25aca46d4e29ae20acffd3c7741a6d8dc4c3a51d539c25cc9b0
data/raw/Training/meningioma/Tr-me_770.jpg,meningioma,1,Training,train,7b0924608fe5ab085684f506cb90a86658fe18ccf542fb96f973df175956c0f6
data/raw/Training/meningioma/Tr-me_771.jpg,meningioma,1,Training,train,62de21ad35edc274140c0f364d02f6e9117af8dc98e56e344bce8b219657197b
data/raw/Training/meningioma/Tr-me_772.jpg,meningioma,1,Training,train,b7a0134500ea51bf896dbfa0c0aec0181e3051eb549a48117082d816ba7e0d0f
data/raw/Training/meningioma/Tr-me_773.jpg,meningioma,1,Training,train,4e59dbda748f414bf4ea2045702210d9392b569c42ca39091ed2b0e0bbd1f253
data/raw/Training/meningioma/Tr-me_774.jpg,meningioma,1,Training,train,6fbb477712c85964f6f10d62b4b0e3c1aa75d4207f89dfbe7bc17ba271f3971f
data/raw/Training/meningioma/Tr-me_775.jpg,meningioma,1,Training,train,880e240e5625961a1ad9aaf92b625df6038c6a67a9a09827aa8a7e8a5a4d1ea1
data/raw/Training/meningioma/Tr-me_777.jpg,meningioma,1,Training,train,92ec70d0238cc0615ce2ba79fce534c44022e5f1ecc5ea5708628b25e0a22fab
data/raw/Training/meningioma/Tr-me_778.jpg,meningioma,1,Training,train,a73af8f30b53a89992b95e2e20273202d9934a04266f5484097169d23455edb4
data/raw/Training/meningioma/Tr-me_779.jpg,meningioma,1,Training,train,264dfa63119669509c7764feec8234b7067c042c0e41cf0978e4977216efa99b
data/raw/Training/meningioma/Tr-me_78.jpg,meningioma,1,Training,train,0ccbcadd9fd11d4def972314225423ba9fa16d216dc6e0c1194f0e4361cd60eb
data/raw/Training/meningioma/Tr-me_780.jpg,meningioma,1,Training,train,9c783c14c3998ae8158dab59cc37a4ed4fb6994958fea4503f836c01ab48c74b
data/raw/Training/meningioma/Tr-me_781.jpg,meningioma,1,Training,train,81e70405aa5733f422e9136c67b594e59dba34063eb47744186f498b70247c77
data/raw/Training/meningioma/Tr-me_782.jpg,meningioma,1,Training,train,5f2e5157244d403351232fcfaeef874e7a065576b768a28c42b6bee1dab03301
data/raw/Training/meningioma/Tr-me_783.jpg,meningioma,1,Training,train,1201151a49c26ab3829c823345d241be167d6de6a9db2f1a0ca0a04493992b98
data/raw/Training/meningioma/Tr-me_784.jpg,meningioma,1,Training,train,88ca952a0c59571a91cf0cc798269c3015493cc9405d5088c86a8699e89a3609
data/raw/Training/meningioma/Tr-me_785.jpg,meningioma,1,Training,train,004a43ea02804dc17a75caefa0ff36b7161849acd8f9d3dbdde54d75c1455639
data/raw/Training/meningioma/Tr-me_786.jpg,meningioma,1,Training,train,a9e482d311de23a0814b7028107da7fde870d14fe90f94dadd3931adc0f36a8c
data/raw/Training/meningioma/Tr-me_787.jpg,meningioma,1,Training,train,f0f2859129eee460a64e66b3a41b3b4dcd582ea6584404e929a63715e28e997b
data/raw/Training/meningioma/Tr-me_788.jpg,meningioma,1,Training,train,f26cb4f15d3f8718191cd21494b8898003fd73085ed56950e5d333c5f94f0593
data/raw/Training/meningioma/Tr-me_789.jpg,meningioma,1,Training,train,a91ef87051dbad51b8f2cc2d9070744c2eafbea113a21dd7c959333614856b93
data/raw/Training/meningioma/Tr-me_791.jpg,meningioma,1,Training,train,052302e135d5193b0dc257615d4159155366c7691911cf494d881dde0b377bcf
data/raw/Training/meningioma/Tr-me_793.jpg,meningioma,1,Training,train,31fe2fd6835e25ef2b1700187001432ce685c684b5233619be97866742b777cd
data/raw/Training/meningioma/Tr-me_794.jpg,meningioma,1,Training,train,040a415afd40cde551ea35ff4fad705011f381f0700de2479ed124c6392dc505
data/raw/Training/meningioma/Tr-me_796.jpg,meningioma,1,Training,train,4ed8a3836b0f4f7f8b8064bd63f5d53759a758b8b9092886bcdf42047ff50470
data/raw/Training/meningioma/Tr-me_797.jpg,meningioma,1,Training,train,abaad42f4606006a3e7b16692713430aba3540a3c0a1062bea657182e6b4b300
data/raw/Training/meningioma/Tr-me_798.jpg,meningioma,1,Training,train,a2a1b400dfb968099b0635d36cbf5ad9b434fd1116287829cda4871501d0fe2b
data/raw/Training/meningioma/Tr-me_799.jpg,meningioma,1,Training,train,f9d94f5dbe03a80e7725fbfd4927ef965bf852983da2497e40addfab16c94a3e
data/raw/Training/meningioma/Tr-me_80.jpg,meningioma,1,Training,train,58839b53a3514524275c3bbdfde895bc1d5737944a06e37461f9dab8b07ca035
data/raw/Training/meningioma/Tr-me_800.jpg,meningioma,1,Training,train,baad3c6a0718717b2a1e710ce02b3a3d42b3d893de0e456a4ab7564d6bc14ed8
data/raw/Training/meningioma/Tr-me_801.jpg,meningioma,1,Training,train,efb15edf54e6376ffcf52d48d2c18fd1ff307371c995e6d685edeb48af9e71f3
data/raw/Training/meningioma/Tr-me_802.jpg,meningioma,1,Training,train,69328c57ae068628af63643557d386f2318ee123b924c151a595299c56682b3c
data/raw/Training/meningioma/Tr-me_804.jpg,meningioma,1,Training,train,51133c845662b60de42eea0e0d5aafbc4f70a8c645755f8400eb4df3773591a4
data/raw/Training/meningioma/Tr-me_805.jpg,meningioma,1,Training,train,bb2e338bcd6ec971cd1bbb8596caee31a066c6a26cd0707a283c6a5564addd39
data/raw/Training/meningioma/Tr-me_806.jpg,meningioma,1,Training,train,6bd98378ee56157c5dc62c5686588b33ed5c311779e37126a7f79b4afed37f83
data/raw/Training/meningioma/Tr-me_808.jpg,meningioma,1,Training,train,e7da6788587df82c314c573c00743f9839f2698825612b2f4156e57cbdbe6102
data/raw/Training/meningioma/Tr-me_809.jpg,meningioma,1,Training,train,618449a75bed18b7ebdd593ebfece6faa4cb38080fc679da358bd87ee807187d
data/raw/Training/meningioma/Tr-me_81.jpg,meningioma,1,Training,train,852380cbf796b368639a416071390697d13b77007816825cc750ad5f3218256a
data/raw/Training/meningioma/Tr-me_810.jpg,meningioma,1,Training,train,afd3f09fbc49f3cef7c7647498d43c5ebcd993fade62be7ffd90f182d5ae95b8
data/raw/Training/meningioma/Tr-me_812.jpg,meningioma,1,Training,train,e0cbb5042d7129e49b00d5edb084084d8eda978b9c366ff10417f702016b5312
data/raw/Training/meningioma/Tr-me_814.jpg,meningioma,1,Training,train,c05fcc3657c8950f588e6e56d34a278b3e03e283225f08217c21ec4f12063a64
data/raw/Training/meningioma/Tr-me_815.jpg,meningioma,1,Training,train,23bbc9ca539f5111123740b742e485c6970ac47b8b5742e222a9d55b9402d5ef
data/raw/Training/meningioma/Tr-me_816.jpg,meningioma,1,Training,train,ab3ff5117ba55f255f9dac3795e42eafe2c1101d1f142fd8e052bbf3ba85ed0a
data/raw/Training/meningioma/Tr-me_817.jpg,meningioma,1,Training,train,b9b139edb6459fd39a0735bfa358d9692e2de66cadce79ce9c81676410b0b1ee
data/raw/Training/meningioma/Tr-me_818.jpg,meningioma,1,Training,train,11defc1c97aa665e3e2983e34b2a2902a20f83c622c20a01b1a4096dc23dc28d
data/raw/Training/meningioma/Tr-me_82.jpg,meningioma,1,Training,train,f4a9139e93bf925cfde66d30a5da4b6e709e95c97fe3938080f2bf0942b2aec2
data/raw/Training/meningioma/Tr-me_820.jpg,meningioma,1,Training,train,076fafe5a730191beaf7897b099de3e6376e315582c542a9b598ce8741e9c757
data/raw/Training/meningioma/Tr-me_821.jpg,meningioma,1,Training,train,b6d7ef78e9ce636f4450f873fa24f23433683309f152b90c54f9380a64c46a6b
data/raw/Training/meningioma/Tr-me_823.jpg,meningioma,1,Training,train,02bcfe2db34e22a055a6a8f81b40b2ba1f96870b34afa91799e76ad7fee33d07
data/raw/Training/meningioma/Tr-me_826.jpg,meningioma,1,Training,train,fe9a521194f1dc36568a0a448069a0b8f37e6ed6a1fd29d06bbbed8b38c5e68a
data/raw/Training/meningioma/Tr-me_827.jpg,meningioma,1,Training,train,16bd8d367b1784c7adeddcd309d48f8cd537f56803d7a9dca57fe1cff0a50d00
data/raw/Training/meningioma/Tr-me_828.jpg,meningioma,1,Training,train,606cd0e234ca77dd6be78308a218e484f1530c3d879eff0b88aa806a654782ca
data/raw/Training/meningioma/Tr-me_83.jpg,meningioma,1,Training,train,5214cdfa47cec95c858bf2baf4c778e43bf0c182bf614cd821da282b5ff55e9a
data/raw/Training/meningioma/Tr-me_830.jpg,meningioma,1,Training,train,de33127accb6c32fea21d9f3c9d440dd58e6a0ce2da277d38f19c52772165b81
data/raw/Training/meningioma/Tr-me_831.jpg,meningioma,1,Training,train,45319c139d7fa32c671f5b1338a08ed00e541efd0a5d331d4010b8b46acb00db
data/raw/Training/meningioma/Tr-me_833.jpg,meningioma,1,Training,train,1c511b4ca76617fbc415cc5bb57f341473e16f2042ac2aaa5db8bfb44f20d2d0
data/raw/Training/meningioma/Tr-me_835.jpg,meningioma,1,Training,train,1afff851654da771049e9fb10212bc3b4c5f10c9df31182d8f8268d849f3153d
data/raw/Training/meningioma/Tr-me_837.jpg,meningioma,1,Training,train,7452b36e76df158f377c4ba25e0ae8ac0921c16ce2480fbeab398512097eddf2
data/raw/Training/meningioma/Tr-me_838.jpg,meningioma,1,Training,train,32324abd581102ec05f9ad699c5a4fc38e664d82ab6dd3e2fc93ddce75918a36
data/raw/Training/meningioma/Tr-me_839.jpg,meningioma,1,Training,train,a97e2b6ada84e226d7546ddf8706c52e8fb18c504446c0a8329aec8274aa5210
data/raw/Training/meningioma/Tr-me_84.jpg,meningioma,1,Training,train,212c2e0e5246ceb53293b9500627afb59214995371dcfacf82d5b99219bfb347
data/raw/Training/meningioma/Tr-me_841.jpg,meningioma,1,Training,train,6b81ce896eb33f6415ce178bc07b255864777970461f852268ad768027c13e53
data/raw/Training/meningioma/Tr-me_842.jpg,meningioma,1,Training,train,63855e82e86b8acc3f0e1991dff271102482d646bb846c94ae440d492990782e
data/raw/Training/meningioma/Tr-me_843.jpg,meningioma,1,Training,train,61bc0f978136de7a00fff77526de59149a3303ecd26b134752891486d279218f
data/raw/Training/meningioma/Tr-me_844.jpg,meningioma,1,Training,train,e09b1b0dd0f2add6376ad6d1e660cf8f906dc26b80f02f2cc77e025afb08600d
data/raw/Training/meningioma/Tr-me_845.jpg,meningioma,1,Training,train,699fa8d35abf23b9730f03bf92107d3414ce08bd874546a16825a3d5c4724f0c
data/raw/Training/meningioma/Tr-me_846.jpg,meningioma,1,Training,train,f1871bee9eb8abe560678ed1f1242f4b1e92dc78b99b183e9ac69ad7f147f8f4
data/raw/Training/meningioma/Tr-me_847.jpg,meningioma,1,Training,train,a44c710ac3964568ff991581687b11b0c1390e4f2a1319c6f61509717bd78567
data/raw/Training/meningioma/Tr-me_848.jpg,meningioma,1,Training,train,4d8b01d5004b9e06d4c792c728d120714bf9f128da3134facbf49726cdb0f75d
data/raw/Training/meningioma/Tr-me_849.jpg,meningioma,1,Training,train,d3be7076c0faeb393c3bc918541bca770a63eb537c2d161081753c8c4b280f11
data/raw/Training/meningioma/Tr-me_85.jpg,meningioma,1,Training,train,828c41dd54e834a9afb13c81cd20b95151f275362e604dab49046dffdfa71c7a
data/raw/Training/meningioma/Tr-me_850.jpg,meningioma,1,Training,train,fdba6080bfdf2cc6f417d755d985bb99664856426a4b310cb88daa0ed74bf39f
data/raw/Training/meningioma/Tr-me_852.jpg,meningioma,1,Training,train,c4d1a0e83bf603a05a1da0495845384496bc05b59b8c71bcfc4e32260ec20443
data/raw/Training/meningioma/Tr-me_853.jpg,meningioma,1,Training,train,ab61ad992671b800d2dac37311bc1ececdc237a5d90b15665b6e010add9e490e
data/raw/Training/meningioma/Tr-me_854.jpg,meningioma,1,Training,train,821154e7d280628d35330ae33f035370d0c7bfe2548f746c4afd3b1ee0aa5069
data/raw/Training/meningioma/Tr-me_855.jpg,meningioma,1,Training,train,bfc2226aabd1831af607caa558cf7655a1d6662e84a555050084ab795caa2475
data/raw/Training/meningioma/Tr-me_856.jpg,meningioma,1,Training,train,319c59a58f3c9996345e6f04300fa4b73d13dcb9646b09955652b7cb3de88add
data/raw/Training/meningioma/Tr-me_857.jpg,meningioma,1,Training,train,1105b29d6d5b9c2a3c59314b8fc63c661df43e488beb0d996a1bea7079643b42
data/raw/Training/meningioma/Tr-me_858.jpg,meningioma,1,Training,train,23f28ae3e7fa2f1560f4d1a399198490c4516ca9e5c9e8e54cc54494adc26b22
data/raw/Training/meningioma/Tr-me_859.jpg,meningioma,1,Training,train,259b7a3c20b39434168eab2302fb29504c6c5cc52e51ac394620e73bbf132d24
data/raw/Training/meningioma/Tr-me_860.jpg,meningioma,1,Training,train,f9340a7bfc5d7bc50a5798eaf2c84528d6b6d86f05260de40e8693e7c05d481c
data/raw/Training/meningioma/Tr-me_862.jpg,meningioma,1,Training,train,d43433c6b5f1ea7da7d97f80b79d6f39b86bd3683f6b5febfd8f92fd18276cab
data/raw/Training/meningioma/Tr-me_863.jpg,meningioma,1,Training,train,c98611a4cf0ff3ad32f3faab010234809c98ff486a47fe703e0350b623d5104d
data/raw/Training/meningioma/Tr-me_864.jpg,meningioma,1,Training,train,0be7085b104fb22b95d95780cc5ba4de0c443f6ca86b9e4263843c6ffdbfc61f
data/raw/Training/meningioma/Tr-me_865.jpg,meningioma,1,Training,train,eb9fb089c64c264e1b69fa99df94d15eaeea7fe1e1abf02067a54bb2c7831900
data/raw/Training/meningioma/Tr-me_866.jpg,meningioma,1,Training,train,a3f15b8e1409136cdeac9400868f52d6d9dbc35d6d666cdfcf2c565f9f671382
data/raw/Training/meningioma/Tr-me_867.jpg,meningioma,1,Training,train,8460b8c0db628a2aea18362b9bd4a70f8c9bab290d0ee4fbe832619133596970
data/raw/Training/meningioma/Tr-me_868.jpg,meningioma,1,Training,train,7474dd944ede572c2025577fbf35232710809423f70125834623fe0ccbeaff96
data/raw/Training/meningioma/Tr-me_869.jpg,meningioma,1,Training,train,408f622c227c58a3b4ad15a52a556db57b5f170b0e533cd64bc56304f8dbe2eb
data/raw/Training/meningioma/Tr-me_87.jpg,meningioma,1,Training,train,badbd142f39f6923505921f413eba2bca52cdc1361ad14fa3020774229382cc3
data/raw/Training/meningioma/Tr-me_870.jpg,meningioma,1,Training,train,0c8158d4aadcd98178a6ae263609f2b17e6527ad635a387af4e185bcbe4ad64c
data/raw/Training/meningioma/Tr-me_871.jpg,meningioma,1,Training,train,e0a8bcae6fd316882e5ef3545fa8445cb9c60c6c038668b0821e9e50d3de307a
data/raw/Training/meningioma/Tr-me_872.jpg,meningioma,1,Training,train,0b8b30d15647d2a438402e302f3d661d39ec71d0909405ad00aa45069675e511
data/raw/Training/meningioma/Tr-me_873.jpg,meningioma,1,Training,train,032b9042ce369d8f4a72e6c7fef1b96253338b526d368b2bc2d88932c127eff1
data/raw/Training/meningioma/Tr-me_874.jpg,meningioma,1,Training,train,d6c47ff738a05138ae7b1aef78199c6c54983570fb2ba2301ae7b555f92ed531
data/raw/Training/meningioma/Tr-me_875.jpg,meningioma,1,Training,train,67cb146f80fd8ab54e0908b99e96033a20a8453ce4bea530f6c101a0c5ea66dc
data/raw/Training/meningioma/Tr-me_876.jpg,meningioma,1,Training,train,a60799afb014eb9b4aede4e355e166f35f629e5c93b0012698f6019b39b7d9c8
data/raw/Training/meningioma/Tr-me_877.jpg,meningioma,1,Training,train,4dee52eb749d6ef80648eb84b951b084a60543ad6e60e878bfb8c5d5dcfab4bd
data/raw/Training/meningioma/Tr-me_878.jpg,meningioma,1,Training,train,d14e0f4558f8912c9388dfae455e2e86a2a804cfc50013d9e170761150fb00d4
data/raw/Training/meningioma/Tr-me_881.jpg,meningioma,1,Training,train,67c4cb3fa5ff9572eab9c8275043ff331f5d1ed7b9cfd7343ca37ebf8b690823
data/raw/Training/meningioma/Tr-me_882.jpg,meningioma,1,Training,train,ffde8c9d95515daa525cce3d7076fb9394b986feaeebe13dbef961194b276eab
data/raw/Training/meningioma/Tr-me_883.jpg,meningioma,1,Training,train,8a63165f2681be6c837cc43f5034799104a9d2c92edd95129d989041bb222715
data/raw/Training/meningioma/Tr-me_884.jpg,meningioma,1,Training,train,e05304e7fc9b0507f82cea735f7bc8cbbd507daabc73221bd9f8ba0850963571
data/raw/Training/meningioma/Tr-me_885.jpg,meningioma,1,Training,train,37b2cf4198aa4ae31c6404fd8d668fd6f6d5dc5b04d533cf9ef946af15ab0a55
data/raw/Training/meningioma/Tr-me_886.jpg,meningioma,1,Training,train,73ddd68815f337375491f6305cc44f6c579f4083e0e061dad7b3b4002416a478
data/raw/Training/meningioma/Tr-me_888.jpg,meningioma,1,Training,train,f527582fe31380759ab8132500846efa0522ab416ae854796f8d726d261e98aa
data/raw/Training/meningioma/Tr-me_89.jpg,meningioma,1,Training,train,9aa06e1c64c3ed227742f8af8e462e1e37e584efe5b2aaffe937ffbf9d30fb10
data/raw/Training/meningioma/Tr-me_890.jpg,meningioma,1,Training,train,17803c66d07a3487624a820bcc31c25b006940a29edb423aa271fcdce5fa395c
data/raw/Training/meningioma/Tr-me_891.jpg,meningioma,1,Training,train,9c29b5b481465aa7bd177d6580d12788ae76266880f230e966d8461eb8acf1e7
data/raw/Training/meningioma/Tr-me_894.jpg,meningioma,1,Training,train,41076a12054d0fadc265da977a34bf1e31b0dad4f2dd926237edebf0352b878d
data/raw/Training/meningioma/Tr-me_895.jpg,meningioma,1,Training,train,5bc1e62f0fa5e5a017b9911749c779b37a635c244bc7ca1dff80494e01ff77dd
data/raw/Training/meningioma/Tr-me_896.jpg,meningioma,1,Training,train,855ae8d829cd4d8f9de087dd3e9b0e923b5e44d350006dd43ba10bd174f796ea
data/raw/Training/meningioma/Tr-me_897.jpg,meningioma,1,Training,train,102ec1a84a997171c48cea71d746215bea0fc31cbf51d3a6ba13bea5194b0bf3
data/raw/Training/meningioma/Tr-me_898.jpg,meningioma,1,Training,train,0c3c91fe2c4031765c4362e3e352c52f0c764d9b13c0bfd875178fbe80595d12
data/raw/Training/meningioma/Tr-me_90.jpg,meningioma,1,Training,train,47ab266e76d46a540e160b1f44dbcfe1ce7ec9f6b573c2a678b13e07f9b1f4e2
data/raw/Training/meningioma/Tr-me_900.jpg,meningioma,1,Training,train,45e2003ab5fc0d91415e7c67300e1a5da63da257283ba0237f11679b478cc9f7
data/raw/Training/meningioma/Tr-me_901.jpg,meningioma,1,Training,train,1b5cc7e3ff4c1dd8d2478d96f3a56554b315bd6a812fd04d98b193de1e537ae5
data/raw/Training/meningioma/Tr-me_902.jpg,meningioma,1,Training,train,d4e5ae5861d2a1ce6b5c9c8c5fe36cf68586da10e6762a966b02af8870478075
data/raw/Training/meningioma/Tr-me_903.jpg,meningioma,1,Training,train,75b7c6ce2a03d0c07e7a293fd31ec6c67682f0029b2f74431f23e7bc7b087473
data/raw/Training/meningioma/Tr-me_904.jpg,meningioma,1,Training,train,f51e71cc28b0c000a4e2e25fe03a4aa2eec7b47e52be5bbcf2557b50c0119a73
data/raw/Training/meningioma/Tr-me_905.jpg,meningioma,1,Training,train,d3dc17e9beb57b30ad2dee3323cb2a7a7e893bcc0666b7938600f71decf5fb39
data/raw/Training/meningioma/Tr-me_906.jpg,meningioma,1,Training,train,d4761998c2e59cf7d9ecd58ff44b67a0944235ddaa4de3f7d5f256d13f6df9e1
data/raw/Training/meningioma/Tr-me_907.jpg,meningioma,1,Training,train,a233dc29ae4b3f9b03465e94104d737d077bdc7a80cf49160800ab7d31be9cd2
data/raw/Training/meningioma/Tr-me_908.jpg,meningioma,1,Training,train,e699cb88059cd2e3c72e665b5faf9d1f1840ebe7c72eab2ff57fbf18c2a30e25
data/raw/Training/meningioma/Tr-me_909.jpg,meningioma,1,Training,train,22b05c094c082d02167f90b9e0a822baf64897ea6e892deec265261251ba747b
data/raw/Training/meningioma/Tr-me_91.jpg,meningioma,1,Training,train,a9c70f38c43054c6d103449690310eacfc41dfe7ed7d1409528066a6655e797f
data/raw/Training/meningioma/Tr-me_910.jpg,meningioma,1,Training,train,cd62167cc5552ccb1b2cd0666e17c25ac11921ff8bbf0dc619c6c80308c568f6
data/raw/Training/meningioma/Tr-me_911.jpg,meningioma,1,Training,train,1f8de2ac3bde04fbeeafe1d774b248297d76d5e9721408c96e9892d5a3acc218
data/raw/Training/meningioma/Tr-me_912.jpg,meningioma,1,Training,train,ac8d47111e545425c7424f626fad83cec94e7b505aacddd0f481ef4057c5b8e9
data/raw/Training/meningioma/Tr-me_913.jpg,meningioma,1,Training,train,fd168fc8156c563ec1d83516c40f12c9d207cd0b669b6bc4f708e31f8eafbd24
data/raw/Training/meningioma/Tr-me_914.jpg,meningioma,1,Training,train,2a77306307ddc68c8d3cea672cd431d19d669a449427b511e01fbe14771f7252
data/raw/Training/meningioma/Tr-me_915.jpg,meningioma,1,Training,train,1215ae4bf13e1f3f817fe1d4665c3ed7fcb0d530bd882a752b40a850171bdc0e
data/raw/Training/meningioma/Tr-me_916.jpg,meningioma,1,Training,train,132d840b097ef5972c277f427df55ec7f0f7cbc607c299db525869c624946269
data/raw/Training/meningioma/Tr-me_917.jpg,meningioma,1,Training,train,3fa88fd951892f2e7571ac384e7171b4ead274e1f368ca9d65a48548aca490f8
data/raw/Training/meningioma/Tr-me_918.jpg,meningioma,1,Training,train,27f255bfaf0d368a4150beaee637ad4c70a68d8b6eaf9f7cf704129aff6ab28d
data/raw/Training/meningioma/Tr-me_919.jpg,meningioma,1,Training,train,bf46976e18b7fa8f64366de8a72bd0ad7e27588fa94db2fddcab1179f1998aa8
data/raw/Training/meningioma/Tr-me_92.jpg,meningioma,1,Training,train,4e4c88a11b026e6d417be242df7936dde4c09991e980c89f7f68adc5ef26209e
data/raw/Training/meningioma/Tr-me_921.jpg,meningioma,1,Training,train,077d4b7844c3c4c529b6acf529e3ddda9faa7bc3e294b703e52b14843688de77
data/raw/Training/meningioma/Tr-me_922.jpg,meningioma,1,Training,train,522e9b78f6e0d4ef7b261fe71da95981111f3f1be0ad5a0b19c7f9adba27dc4d
data/raw/Training/meningioma/Tr-me_923.jpg,meningioma,1,Training,train,45cc9bb8843908d6463a9748c95932ff7992bb66e946100e9f94d15cc1ae5d7d
data/raw/Training/meningioma/Tr-me_924.jpg,meningioma,1,Training,train,bdfef5ffb30d007a969ee40f022f789aebdd89a3fd390ebf6a4607b01b4daea3
data/raw/Training/meningioma/Tr-me_925.jpg,meningioma,1,Training,train,a24f1fd6d2a4118b8e3f292fa3938ed2e433250511258938559788568dc0292c
data/raw/Training/meningioma/Tr-me_926.jpg,meningioma,1,Training,train,8e477b22a432230513900b6c20e47ece13faada26bd13988e20cfd405a523e7d
data/raw/Training/meningioma/Tr-me_927.jpg,meningioma,1,Training,train,81259399edc2d912c398117c731d3a35f2ceecdf42d6f8ba8f1044638286d8d9
data/raw/Training/meningioma/Tr-me_928.jpg,meningioma,1,Training,train,a372d8c6924c24613af73093d77cd978330f6eac3efc17af86aa9442f941c2d0
data/raw/Training/meningioma/Tr-me_929.jpg,meningioma,1,Training,train,d806575176db8c002268459749564914b08cc3a81876a56cd2d6ddd6adbee0af
data/raw/Training/meningioma/Tr-me_93.jpg,meningioma,1,Training,train,e91f612c6450445b41762d00c6a5089b944f51e0a64871d6505ec95d3745ec80
data/raw/Training/meningioma/Tr-me_930.jpg,meningioma,1,Training,train,cb8684939f89f31e88e071115567018ab57a5f0451ef95569a6d34ed22e7c576
data/raw/Training/meningioma/Tr-me_931.jpg,meningioma,1,Training,train,f0321a6700ed7a9e6595a2d235465a312f4de5bbac07b2d0b13b6d2721bd403c
data/raw/Training/meningioma/Tr-me_933.jpg,meningioma,1,Training,train,f3d9a4b8a5e1f5cba8b79aa21ec1a6d4ec5a6ad100bdf3206e7fb90a6a9f4cc6
data/raw/Training/meningioma/Tr-me_934.jpg,meningioma,1,Training,train,0a2dc8260132599fdd077d98f17639b5c2c3cc009052fd96a5aaa7dd141ee049
data/raw/Training/meningioma/Tr-me_935.jpg,meningioma,1,Training,train,ef1523785fc28ae76340f831e45b824916ba0b8697360dff051937802ee718f0
data/raw/Training/meningioma/Tr-me_936.jpg,meningioma,1,Training,train,ad57597d0f3bc65e1fded17bfb078bce687e28339b5d779105645145816908c0
data/raw/Training/meningioma/Tr-me_937.jpg,meningioma,1,Training,train,73a0e5d8b81640305ec22876b3f18a60ff60332fd2d9099c516307a834835ad1
data/raw/Training/meningioma/Tr-me_938.jpg,meningioma,1,Training,train,e2d9c7006c022f577c59c7fd6232783449b98f8c72aee8e51c7a622538a95ecb
data/raw/Training/meningioma/Tr-me_939.jpg,meningioma,1,Training,train,59bfe068eea8a2f68d8aeb779f2fea76df9c0ae03fd4d3991312aa4d0f69d7f3
data/raw/Training/meningioma/Tr-me_94.jpg,meningioma,1,Training,train,c19d7ae842ed32fd3e2057fe11651cb2e68810b830a8be97f420997bbe329263
data/raw/Training/meningioma/Tr-me_941.jpg,meningioma,1,Training,train,94c9fe8d5cf4af4c596b9f4798220592799effa44bfc19bc348232532a086381
data/raw/Training/meningioma/Tr-me_942.jpg,meningioma,1,Training,train,d2e22fc6c997bbd6cc6317118f8fed20ef3597936e027c2974d14d77701a062e
data/raw/Training/meningioma/Tr-me_943.jpg,meningioma,1,Training,train,874f642dc295c0129a28e0e22f96fa27b26aca727276660feb998d75a343c6b4
data/raw/Training/meningioma/Tr-me_944.jpg,meningioma,1,Training,train,ed8066f5cf4eb2eec87f30ba65c8ccebfed6b84c123ecfccf679332bcbc92762
data/raw/Training/meningioma/Tr-me_946.jpg,meningioma,1,Training,train,20b8d58afcccf5666c37e7daed3ebbbcd71665ee7f87b4d3ca502705beb7e1e4
data/raw/Training/meningioma/Tr-me_947.jpg,meningioma,1,Training,train,7f96b45e9a1f02f10945ff381f69e82c6dfa004bb1c15babd6e32d3c592626ae
data/raw/Training/meningioma/Tr-me_95.jpg,meningioma,1,Training,train,0718d8733a1d4a280c22be534e741fdf9bff698368d019366bfa64dc75ed3b99
data/raw/Training/meningioma/Tr-me_950.jpg,meningioma,1,Training,train,fad3ae6793fbd0b26f2e00169c2715a5deb16cd35ff27967e3046e9c4ab33c9b
data/raw/Training/meningioma/Tr-me_951.jpg,meningioma,1,Training,train,c7f57878770e6ab440483e0757c523aa5c2130e9fe741bfcf7414b168178e17f
data/raw/Training/meningioma/Tr-me_952.jpg,meningioma,1,Training,train,680ef75a2d3f76c310b70ee9e10dadc3b1dbfad061489f3eff6994bbadadf864
data/raw/Training/meningioma/Tr-me_953.jpg,meningioma,1,Training,train,408ededbfb50ff89ca6e84e01d3a7f600981c3b7fedfff28711f05ad77e8cff8
data/raw/Training/meningioma/Tr-me_954.jpg,meningioma,1,Training,train,589c2d7cc54da48a6870686143589d963f0c4d9da3d44c884ae61969f4239780
data/raw/Training/meningioma/Tr-me_956.jpg,meningioma,1,Training,train,32df625f3b8d8d090426fdfdcfa6449a38208df2a032672b92470a0501e30d09
data/raw/Training/meningioma/Tr-me_957.jpg,meningioma,1,Training,train,e4fcd381c28ede0f3199c3968f487571669726be146fe0ff4daa2a6716858a8a
data/raw/Training/meningioma/Tr-me_959.jpg,meningioma,1,Training,train,afb11d657c31cd964d904585a6b1d00e4a5a6c24f60c762b16f5f0ef3448bf74
data/raw/Training/meningioma/Tr-me_96.jpg,meningioma,1,Training,train,5389b72dc6fc0a43d7d2d607621cdfc4a24b1f776918bd7f98c9043fa1646d96
data/raw/Training/meningioma/Tr-me_960.jpg,meningioma,1,Training,train,3e4fe94fcd8a70b5c029f7ea855604275ce818be383392b41ed37fb578678598
data/raw/Training/meningioma/Tr-me_962.jpg,meningioma,1,Training,train,560ac96dc3f7ab9c6b84af2cb3f6a4a7f510b75e865bafeaa95f705992846861
data/raw/Training/meningioma/Tr-me_963.jpg,meningioma,1,Training,train,39b8a59903e645f2983db74d338a0b113309778ccdf53e0d8060a8e766bb1a3a
data/raw/Training/meningioma/Tr-me_966.jpg,meningioma,1,Training,train,5fb24ebc0ed9a78d6bf8896882d09e3031c43478b533607d5b0212ca11244043
data/raw/Training/meningioma/Tr-me_967.jpg,meningioma,1,Training,train,5ce9eedd4f9f70c4195c70783f3e23ae03c6481e7e7e6fe6ba9a15d2c4c0d2f9
data/raw/Training/meningioma/Tr-me_968.jpg,meningioma,1,Training,train,5e1e4798d4516b8b85323f1cb098f0f5f08349eb4f15b9415a4d6436e2282d7d
data/raw/Training/meningioma/Tr-me_969.jpg,meningioma,1,Training,train,86f3b8603fdb63339bfd2df603a7758017247f4c1e4855d353e8fe8632b86057
data/raw/Training/meningioma/Tr-me_97.jpg,meningioma,1,Training,train,d77d5e9ee1e8d3aa0dea888c462347f0a0c0eca51a26f21c284b78d30ff6edb3
data/raw/Training/meningioma/Tr-me_970.jpg,meningioma,1,Training,train,e75720626eb32746c07a41520f13d60ecdf0c487634e2dc20ad64b4853a49238
data/raw/Training/meningioma/Tr-me_971.jpg,meningioma,1,Training,train,d0d72e428a13c8a186e4712b143be02c57063dd985e02475d4028ded83fed025
data/raw/Training/meningioma/Tr-me_972.jpg,meningioma,1,Training,train,78732e60ecb0309d30e9f404926ad9f6fc7351f003a8bcc40780463d43f9bb5c
data/raw/Training/meningioma/Tr-me_973.jpg,meningioma,1,Training,train,d12d7e3fb08258debce15cdb75ae0c964dbfebf86ce7e7756709d1130a317932
data/raw/Training/meningioma/Tr-me_976.jpg,meningioma,1,Training,train,1158db9f1479a89bdcfc60e5e3ca6854ca9849c9ccd5ca16198910ecbe5dc508
data/raw/Training/meningioma/Tr-me_977.jpg,meningioma,1,Training,train,afdc92194ce5223cd1cf538436398d3855730d885a63599df0b6a2605a45d0a7
data/raw/Training/meningioma/Tr-me_978.jpg,meningioma,1,Training,train,4392621e100ef2a98711920785c0304663317ff6d964a14c3a41b2b5f2d3318b
data/raw/Training/meningioma/Tr-me_979.jpg,meningioma,1,Training,train,ee178e77ea867dee3137a510570052e531281e8aa0b30cc5b40e4943c914a467
data/raw/Training/meningioma/Tr-me_980.jpg,meningioma,1,Training,train,5cf790ecbaf61047d2be14e69a561ed21192a69336555ddd0180096f75feb074
data/raw/Training/meningioma/Tr-me_982.jpg,meningioma,1,Training,train,95ce3ff4f8aa2904399f9a289455987541f7a02082565a807db04494fde56ab5
data/raw/Training/meningioma/Tr-me_983.jpg,meningioma,1,Training,train,50624e206dc8dd2f8b5f9b883ed4814a470e41e2ab940df06b1b222181703b6a
data/raw/Training/meningioma/Tr-me_984.jpg,meningioma,1,Training,train,ba5d4ce75335ff903a177e8a651422ce137dec4db910edddcdc8cc4b7c90e782
data/raw/Training/meningioma/Tr-me_986.jpg,meningioma,1,Training,train,5cbe0fabc9bfbab0317874156fa57bd6797c49871f6fd601be5abef1899b4377
data/raw/Training/meningioma/Tr-me_988.jpg,meningioma,1,Training,train,edc53dceee3977c2baf32fe6de980f9b266ad7d92b0f39d30b9641acb975dd94
data/raw/Training/meningioma/Tr-me_989.jpg,meningioma,1,Training,train,c611a4518e080d798bcff459388bf9dbd2b554996d9cb2bcae4d08f7d433c6be
data/raw/Training/meningioma/Tr-me_990.jpg,meningioma,1,Training,train,36e7d220064252459908969663d63fc3d98b298d73b9ed521b8e8081fbd57671
data/raw/Training/meningioma/Tr-me_991.jpg,meningioma,1,Training,train,486947f22d45173876988e52bb4ea86e6b1dfbc541d9a4b6267403bc78a3b56d
data/raw/Training/meningioma/Tr-me_992.jpg,meningioma,1,Training,train,1827fb09ceb7313e036fd2f12d490253f81da2d0bfed3f52d4a8f4a667c9bf24
data/raw/Training/meningioma/Tr-me_993.jpg,meningioma,1,Training,train,acf04902f404e9847282f79bb57f0a6685307fa94ae0d88973faddee9c702ebb
data/raw/Training/meningioma/Tr-me_994.jpg,meningioma,1,Training,train,bfff10e50c1d25274305abb1881ab249ffcd3958650ddba67ea2047a20cae978
data/raw/Training/meningioma/Tr-me_995.jpg,meningioma,1,Training,train,e060cc6d2598883149005708851865495ae39de6ba2140724a03e36da6d12573
data/raw/Training/meningioma/Tr-me_996.jpg,meningioma,1,Training,train,dee85e5dfd7054c5ddfc6f1128456d43043f6ddf422324f115819401a8ae92cd
data/raw/Training/meningioma/Tr-me_998.jpg,meningioma,1,Training,train,8bc7333cac19eae9e29c7b5ba6a8aa21e1cb565ba8b2f621d4f1164a716342ab
data/raw/Training/meningioma/Tr-me_999.jpg,meningioma,1,Training,train,1f5706359e9a144c54827de844450d69b9505b638e61c85275161475306fab04
data/raw/Training/notumor/Tr-no_1.jpg,notumor,2,Training,train,6ce57e5943e2753a1642f6520d7b0b783af337fec0623e2cd4a8c604c17550c6
data/raw/Training/notumor/Tr-no_10.jpg,notumor,2,Training,train,c69f02452d498465d7c2da27b4e04a64ddacd7f51bbb4e1cba181e4befa0913d
data/raw/Training/notumor/Tr-no_100.jpg,notumor,2,Training,train,247420d663a2af95266ddfb5c9cd2ee741d2474f300ca0d25809d37f61e9c4df
data/raw/Training/notumor/Tr-no_1000.jpg,notumor,2,Training,train,aa66d8e967787f1f68a537f5300e72131b53cc4706620d41e67f74b1eb53d931
data/raw/Training/notumor/Tr-no_1001.jpg,notumor,2,Training,train,121f276186123104940c0e2aaa776dad03241d480faf51f422e6adf555d97797
data/raw/Training/notumor/Tr-no_1002.jpg,notumor,2,Training,train,7ddbef2556e368dd15908ede6107c308faeb8088d987fe05c4b1b09577f361c7
data/raw/Training/notumor/Tr-no_1003.jpg,notumor,2,Training,train,6d94cb16b0e532e10913e0f7e82bc9f0e2ddc3ff08601f8f7b118b88a137e111
data/raw/Training/notumor/Tr-no_1004.jpg,notumor,2,Training,train,5974b1c4f3ed366ad867c794efc2ff3e2d7d47df283d5b25818f7b20d02f1081
data/raw/Training/notumor/Tr-no_1005.jpg,notumor,2,Training,train,125242e04e2478a6f51603858a639ef269f8027588686d002da096eddebdb371
data/raw/Training/notumor/Tr-no_1006.jpg,notumor,2,Training,train,6f94742aa97b416c86a75709d1ec3af8f697cbdd9e9366bd22af4e3a3eb38ec7
data/raw/Training/notumor/Tr-no_1007.jpg,notumor,2,Training,train,90aa370bdde976ddb057adcadcda567e886f8e47f66f624b65d60c84092624cc
data/raw/Training/notumor/Tr-no_1009.jpg,notumor,2,Training,train,7885b62a460199a352cb9df4117bae2b9cd9b2354614805f1b17bcf2cbcbe5e2
data/raw/Training/notumor/Tr-no_101.jpg,notumor,2,Training,train,0e54ec08409065096e291e346de78227b99ea5f0daca1f6fc968ea87d444eff6
data/raw/Training/notumor/Tr-no_1011.jpg,notumor,2,Training,train,0fadab68bfdbea3a058334b19a656a26343e74598a908067b99f087857744200
data/raw/Training/notumor/Tr-no_1012.jpg,notumor,2,Training,train,781dec82f6af164b82ede227379741cc4cc898b14d0af1380c246d374caf3a95
data/raw/Training/notumor/Tr-no_1014.jpg,notumor,2,Training,train,c850a227b64a6c11c0642843de07d325ad88beac905d627409afb6a7863e2bbb
data/raw/Training/notumor/Tr-no_1015.jpg,notumor,2,Training,train,de08225737a2a8a8ddda2e0684baa925356b9c0fe77585f2992a0980398c2d07
data/raw/Training/notumor/Tr-no_1016.jpg,notumor,2,Training,train,9a1a7d12c935c0029511710dba377c2d37ecf4924ec19c1644b6116b48c33610
data/raw/Training/notumor/Tr-no_1018.jpg,notumor,2,Training,train,0c7d7e3362db30d84b34cfcc2a6eee4c6246d6150c52bf4fea0d900d24bfbeeb
data/raw/Training/notumor/Tr-no_1019.jpg,notumor,2,Training,train,34d31c7dfbb142895581bf14a93b3875e4e6b08325bbe3cb0915a31d0df04ff7
data/raw/Training/notumor/Tr-no_102.jpg,notumor,2,Training,train,6b2b365eff7c670b90a03b2d243f191dccf506d9c37ae055aa35d303aba17847
data/raw/Training/notumor/Tr-no_1020.jpg,notumor,2,Training,train,d168f347a54feb783afa919862c42f7a703df0a1607bda2bce52f6996d106dfe
data/raw/Training/notumor/Tr-no_1021.jpg,notumor,2,Training,train,14963471b7c2744df51c1da54f4e519cecc34aa12944f1968620da1d36d2c5c2
data/raw/Training/notumor/Tr-no_1022.jpg,notumor,2,Training,train,5bdfd59e12a3a107c6999a12a7ed907b68f6bf8ad1e8b80fb61879590eb5e2b6
data/raw/Training/notumor/Tr-no_1023.jpg,notumor,2,Training,train,5a66211168e2f92209f3aee80fe618a1555144bada16fdc2035d1780321c02cf
data/raw/Training/notumor/Tr-no_1024.jpg,notumor,2,Training,train,9bbcdc073ffd1abc1870ea9f9b1d5c203bdc03edd2f8f1638651b1d99ba1a798
data/raw/Training/notumor/Tr-no_1025.jpg,notumor,2,Training,train,b54132324f4c4684a54d7a0aeaa195e73ca027c410417ddc6bc3c303fa38aae0
data/raw/Training/notumor/Tr-no_1026.jpg,notumor,2,Training,train,adfe2f170cee6cd033f609c3ee032f1a254a2f5fca4c08898893b2f406c9331c
data/raw/Training/notumor/Tr-no_1027.jpg,notumor,2,Training,train,153620cd50478c8e2cf60eb8b853c5e02e3f1bd1a34a596d119ab65779eca867
data/raw/Training/notumor/Tr-no_1028.jpg,notumor,2,Training,train,896aeba4c38ae004a7cd7c127a70931dd19d33cc7f42f10c7f2b75b463e9e791
data/raw/Training/notumor/Tr-no_1029.jpg,notumor,2,Training,train,55cad599c8f082abc58fad6aa16a2bdcdd846d93fdbbebcf753df3ab76e2d748
data/raw/Training/notumor/Tr-no_103.jpg,notumor,2,Training,train,285992cc5e5213f0d50887d757cb919a365129bff9038cec83e8df54f97fb155
data/raw/Training/notumor/Tr-no_1030.jpg,notumor,2,Training,train,b0f15c0c73b699b73f8c939796523ddd76dc8bf6414712c0af34147aa863868b
data/raw/Training/notumor/Tr-no_1031.jpg,notumor,2,Training,train,59e620753dd9860c69a4a2cfbfb360ec3bb22a7ca27a0989fafdde31e9712551
data/raw/Training/notumor/Tr-no_1032.jpg,notumor,2,Training,train,425c40074835a12e058bcc81694b824021ecc04363fb21cc3c91fe04163bd64b
data/raw/Training/notumor/Tr-no_1033.jpg,notumor,2,Training,train,2c8e82b96387e394dba211c41b64525df23c392e0a0906a338a2583ca05d29b1
data/raw/Training/notumor/Tr-no_1034.jpg,notumor,2,Training,train,2786732b776f8095831829db29086ccebbb48a9652e4d711ff2a8b5d529caec7
data/raw/Training/notumor/Tr-no_1036.jpg,notumor,2,Training,train,cb5a323618d843a9c3b2bd73a6b7762f1e36a2f905a93cdf3c1b5454d2fcbea1
data/raw/Training/notumor/Tr-no_1037.jpg,notumor,2,Training,train,3e1fe5eb8190fba74e150bd2e96beb304d2d7199cb23db50eda5785192f8095f
data/raw/Training/notumor/Tr-no_1038.jpg,notumor,2,Training,train,03c103deb384241129d3ff041a75183af771fa1591da3ab60bd23e292928ec6c
data/raw/Training/notumor/Tr-no_1039.jpg,notumor,2,Training,train,dc811fda9f7bc3506f21d4094da84c5e3a81d3878b28967b830536fda342a33e
data/raw/Training/notumor/Tr-no_1040.jpg,notumor,2,Training,train,3a28d8b3e8326826fc551923379d3c249bc39fd2fd8c0def3ee0fb044633c7b3
data/raw/Training/notumor/Tr-no_1041.jpg,notumor,2,Training,train,7c9d6460de08492cb945d38d884e54a035d58f89ff65a87831d9bfa2cd9b3ec9
data/raw/Training/notumor/Tr-no_1042.jpg,notumor,2,Training,train,20b1c6ac9c63836a2145b71cb080790a76200ebf0c83383486cd8e2713862528
data/raw/Training/notumor/Tr-no_1045.jpg,notumor,2,Training,train,80c1e26515b602303a00bdcf8ace68439b07bf2cf68fde044ece9bd66661e3d3
data/raw/Training/notumor/Tr-no_1046.jpg,notumor,2,Training,train,05ec18666c6b751b8845a93824ea25c9bb251606b71f76c0c3875d69e973f72d
data/raw/Training/notumor/Tr-no_1047.jpg,notumor,2,Training,train,30c2bcdec018ea1c33e5ce79110a2f981011b735e2ff770eb95b9e42e5ba27c7
data/raw/Training/notumor/Tr-no_1048.jpg,notumor,2,Training,train,957befb0c21fb7516256b50dc0bc5547436412fcd3d2288d4b776d4977a9f970
data/raw/Training/notumor/Tr-no_1050.jpg,notumor,2,Training,train,414705b05592d4ac130c7e518f8ed6372819e8be0b7d6e6d7a706fb96503047b
data/raw/Training/notumor/Tr-no_1052.jpg,notumor,2,Training,train,fc8d2e8c53d6064d35e157f89339c8dd167757cc667c0cbe31e1d4402ac18e1e
data/raw/Training/notumor/Tr-no_1053.jpg,notumor,2,Training,train,6ced304ed3adbe48aeba4e5d4731d7702b9afd5ec8564588335ef0db4e37ee4d
data/raw/Training/notumor/Tr-no_1054.jpg,notumor,2,Training,train,83d7a49f701e50fe38666dd108d3af0b6ef2128c0d6fde14473f39f07ff10197
data/raw/Training/notumor/Tr-no_1057.jpg,notumor,2,Training,train,64491133e54022954317a012d8ab85e0932dd06b361d39b2f3a46dd7d808032c
data/raw/Training/notumor/Tr-no_1059.jpg,notumor,2,Training,train,8e69d582e948d4bdf753ad925311df27bab28db64ba2ee766d5e595cf95cd329
data/raw/Training/notumor/Tr-no_106.jpg,notumor,2,Training,train,c9d574a467241cb359d2359735e7e00ab4b44579d46454b73c6373ca6f5f1777
data/raw/Training/notumor/Tr-no_1060.jpg,notumor,2,Training,train,03e248ffc72dc76fa9bec9e742867f1ed95fac71faf30b2e6249eee1b1e2a766
data/raw/Training/notumor/Tr-no_1061.jpg,notumor,2,Training,train,a3d86920c0bc02e0c062091ab21078a4387ed519b881c89568ab969d3dc37d33
data/raw/Training/notumor/Tr-no_1062.jpg,notumor,2,Training,train,c1bf41ddb56396fd0e74b2eb7212c96a6a915ee86737c060c9db8e1439ff0390
data/raw/Training/notumor/Tr-no_1064.jpg,notumor,2,Training,train,7a110c7f3eefb9003a5af9f67f43d03366451a9844525637f806143b08ddfb7f
data/raw/Training/notumor/Tr-no_1067.jpg,notumor,2,Training,train,cae1e3ac8a29d55a9f7c0638c1d26be1d91a18c26715459dfcfa56a26317c11b
data/raw/Training/notumor/Tr-no_1068.jpg,notumor,2,Training,train,2d304e407ec526c967006fb16fb1c48c14e2971c54737bbc850d4b62ba3cbe85
data/raw/Training/notumor/Tr-no_1069.jpg,notumor,2,Training,train,dd8464bb81f9b983e6606da57006afc90d138b0d0d36a53bf92d39c2ad873413
data/raw/Training/notumor/Tr-no_107.jpg,notumor,2,Training,train,3708152413a96cc64a31fd18c72a28f91656d49ae51c1fa4b7e216135c4e73cc
data/raw/Training/notumor/Tr-no_1070.jpg,notumor,2,Training,train,f3ce33b26a3784299fc2bc72215752b531bb1ff11e9b65dc39376039f8809f64
data/raw/Training/notumor/Tr-no_1071.jpg,notumor,2,Training,train,2b79ef9856ccc1d8c850634eed1304cd937563662d35fa77f8e26c3991d4bc1a
data/raw/Training/notumor/Tr-no_1074.jpg,notumor,2,Training,train,4de73fbc94cb122829e9387d79a8260ac35bbf5f63e835c61764fb14cdbe2dfe
data/raw/Training/notumor/Tr-no_1075.jpg,notumor,2,Training,train,bd8280d85bf403a6647487a1911e3045e1b4a094a01de18aa0c3ef67c6fd0f3d
data/raw/Training/notumor/Tr-no_1076.jpg,notumor,2,Training,train,fb431dc337cae81d48acf600434614115bb4e972a550395b396ff317f8e8523d
data/raw/Training/notumor/Tr-no_1077.jpg,notumor,2,Training,train,2cd1096a6415c70403948e7aaac0694451619850a4ce545b4f9134b06401248b
data/raw/Training/notumor/Tr-no_1078.jpg,notumor,2,Training,train,b401d726da1dbef46d36d0034e3db46968b28ce7e6898c955b7608851420845a
data/raw/Training/notumor/Tr-no_1079.jpg,notumor,2,Training,train,43c7fb765b0d878dca03cd26cb414b56a2e3280ce2510f3a84dac11003bbd0a0
data/raw/Training/notumor/Tr-no_108.jpg,notumor,2,Training,train,7b931c3dc87c0650bbde75c91cbca6c235d6192b2e7a350492f82f798f055415
data/raw/Training/notumor/Tr-no_1081.jpg,notumor,2,Training,train,4580b59f02f21e9873f8183f2237a3e489d37061cfd2c4442c3748312af6a8b0
data/raw/Training/notumor/Tr-no_1083.jpg,notumor,2,Training,train,ae511b11b26309a2e60432852cb26d6b019057fc2aab35867badf8af04daa3b6
data/raw/Training/notumor/Tr-no_1085.jpg,notumor,2,Training,train,2ad6ffff97ce8cbfd5d4785955ea16a6ccf7090eb67a8015e47cd8902571b827
data/raw/Training/notumor/Tr-no_1087.jpg,notumor,2,Training,train,54e5ce4998356731dc854e82110bf8480f60323fcf900f4195f06081050f1802
data/raw/Training/notumor/Tr-no_1089.jpg,notumor,2,Training,train,3e4acf168153919e06b9075528d70279a868f01cc27966930daf6645e9be7697
data/raw/Training/notumor/Tr-no_109.jpg,notumor,2,Training,train,72f5f6723c7b92f641fb5d44513b6111c348e43005f8c1f4829f28eebd1117b2
data/raw/Training/notumor/Tr-no_1090.jpg,notumor,2,Training,train,b3d48eaa67fc8a46bf8ef134ffa3b797c6d118804369ad6d981b800529787bc1
data/raw/Training/notumor/Tr-no_1091.jpg,notumor,2,Training,train,075121ef05dad5a6adeae9ddc9c6d02e099e9890e100ca8f66cea83b0f4045a5
data/raw/Training/notumor/Tr-no_1092.jpg,notumor,2,Training,train,8757fa3737d286d19c215eb10ba770a1e838c16343482d699ce4cc1a4aec21c1
data/raw/Training/notumor/Tr-no_1093.jpg,notumor,2,Training,train,0de1aa4921ef73ef900b2b4301be1dc5aede22367540cdace4cff50a478f10b5
data/raw/Training/notumor/Tr-no_1094.jpg,notumor,2,Training,train,3d8986475bbd0ec0b9219ebf916831272f408a194edd9696d992d1f1617bceec
data/raw/Training/notumor/Tr-no_1096.jpg,notumor,2,Training,train,d4977d06d30eeefc174fa2defb6dba7047e11204f10513fe8e5f7a106e880a77
data/raw/Training/notumor/Tr-no_1097.jpg,notumor,2,Training,train,e44e359eed2a16c1262d6b43d709bc29abd1d8d435afa03a8f975629a07676e6
data/raw/Training/notumor/Tr-no_1098.jpg,notumor,2,Training,train,eedbd031170773347d9faca9626b34b82c3f989aa8a0890f76e95248e12608fc
data/raw/Training/notumor/Tr-no_1099.jpg,notumor,2,Training,train,5d4fb7cb9017ab47d1a97226b878c4bc1b68d90423e98073dbd82764386f0b69
data/raw/Training/notumor/Tr-no_11.jpg,notumor,2,Training,train,f3805b7f17523c0c05f1ef5abea8e8995e853ab9e8bda289bcfe81a48034b743
data/raw/Training/notumor/Tr-no_1101.jpg,notumor,2,Training,train,ea5e64006d6755c910e81ff08f1bbad4aed5964999da6ba5521036cd18b4c305
data/raw/Training/notumor/Tr-no_1102.jpg,notumor,2,Training,train,46b3792a79c61057a09aff260024f7919e41e13308a1417dae4d74785cb5da35
data/raw/Training/notumor/Tr-no_1103.jpg,notumor,2,Training,train,da05e4b5b22623aa68cc760f36103e65eaabbae42674fa5c9f0ff676fa5e253c
data/raw/Training/notumor/Tr-no_1104.jpg,notumor,2,Training,train,d73317ea7aca0dbb0e1d175362b9313e345d37e1174e787cad8b19425db38a80
data/raw/Training/notumor/Tr-no_1105.jpg,notumor,2,Training,train,d56567916b5975d9f260f61a4cad99040696bd105293112af3d703c4bec42feb
data/raw/Training/notumor/Tr-no_1106.jpg,notumor,2,Training,train,6f06decb4deb6150556a337874a5af1c880ba41bd7f8d544505d396b452a4f08
data/raw/Training/notumor/Tr-no_1107.jpg,notumor,2,Training,train,4eccc20320ba58dff7472b35b154f1bafcf941e78a7ae1063843a7db356a41f0
data/raw/Training/notumor/Tr-no_1108.jpg,notumor,2,Training,train,f6b9367846473d64daf63aac8580e1c9ba73d2000d8aaa1d715a118a3a8f0ca9
data/raw/Training/notumor/Tr-no_1109.jpg,notumor,2,Training,train,537e7ad0a496f23042626741b362e936fc711da2aa25d4c5ce628d03bf4109cb
data/raw/Training/notumor/Tr-no_111.jpg,notumor,2,Training,train,fd6702ed37c23010dffb84bf90ba1d524825736ed1359430632dbda493c0ab84
data/raw/Training/notumor/Tr-no_1110.jpg,notumor,2,Training,train,01ec12ef228dc2b9a9aa14a7c2b4e17169a43f8439890f94841672ea106a33e5
data/raw/Training/notumor/Tr-no_1111.jpg,notumor,2,Training,train,b509413a0acc8c116cabf3ba89af7be6e0b1ce1edcc9c73e24791d32204f5432
data/raw/Training/notumor/Tr-no_1112.jpg,notumor,2,Training,train,cf67016627aedb51ffebc80d18bd21cba9dd61030788044907229b758e75d004
data/raw/Training/notumor/Tr-no_1113.jpg,notumor,2,Training,train,0d6d6f95c76758e01fc927fc0656f84b38fbdab1ac34efdbfe4b88c3100d68d6
data/raw/Training/notumor/Tr-no_1115.jpg,notumor,2,Training,train,aeced8cae9cfb3094365a90e9e2fd958dd8de6adb91a633edee3c15f5c453e35
data/raw/Training/notumor/Tr-no_1116.jpg,notumor,2,Training,train,f6b0c61bfa2a0607ee37ff9b1fc7c3dd37e5bfd3ea501e37a443bac568293de0
data/raw/Training/notumor/Tr-no_1118.jpg,notumor,2,Training,train,1e44c67ea903803998454afc6c962b949f58d86eb4d07d66676fe3da4ccb27e6
data/raw/Training/notumor/Tr-no_1119.jpg,notumor,2,Training,train,5b888a14a1cf61e384b5b5e8621ce6eeb3fa21d7f79f35883dace9181b576fa6
data/raw/Training/notumor/Tr-no_112.jpg,notumor,2,Training,train,2ed15a662d8dcdf6077f3bf8bb4d21722e2a3b90ff2cf194db18b75933a4d322
data/raw/Training/notumor/Tr-no_1120.jpg,notumor,2,Training,train,2cbcad258c5d791aa285b1fcaee532ca53b7b3c1b5aa98e29058655b56157c2c
data/raw/Training/notumor/Tr-no_1121.jpg,notumor,2,Training,train,1a56af5171af33f4df909b7732dbe59ca8f6b3eadf0a9ef48e2383b005946e61
data/raw/Training/notumor/Tr-no_1122.jpg,notumor,2,Training,train,d0b2c7cb1685a4b89a7200e4a40ee87daa31a0e512b2084867706f68c9469126
data/raw/Training/notumor/Tr-no_1123.jpg,notumor,2,Training,train,f71a379e1d54e9eea8f531389fabc0915f6bdd6dba69659bc21b2ee2de9b6b32
data/raw/Training/notumor/Tr-no_1124.jpg,notumor,2,Training,train,bb7c3d6df2afe69ac893860e9177883a5a6cd60ebc70de8c3ae996ddb185ce2f
data/raw/Training/notumor/Tr-no_1125.jpg,notumor,2,Training,train,1b7214f86e5142ba4e52fbf7c0aa24b059e0896cf664df6b6236dc8960ac75dd
data/raw/Training/notumor/Tr-no_1126.jpg,notumor,2,Training,train,3a34904d65c8cc7579373460050623901047e49eec67a5d635390374c5b48634
data/raw/Training/notumor/Tr-no_1127.jpg,notumor,2,Training,train,a3fbebe743b82a3cfdfc22ba77aecec7867a8e773cb7b4a6ef05896a2b0bde8e
data/raw/Training/notumor/Tr-no_1128.jpg,notumor,2,Training,train,208c35463539c6d8b138d2644234d1e0f790df935eb5214dd3849c7b35967f86
data/raw/Training/notumor/Tr-no_1129.jpg,notumor,2,Training,train,c7aa5e9c98960d18f83a7ab785422ab2de8429200f83dd733962225b42a86672
data/raw/Training/notumor/Tr-no_113.jpg,notumor,2,Training,train,b28a6673a8f92619cd725a3b8bf948c49044c33168a2b81f92bf96bdf6a7d90b
data/raw/Training/notumor/Tr-no_1130.jpg,notumor,2,Training,train,e6b33fecf8045e0bc7abc70fc15eed83fa7e20cfd8af95ea96b02b46224f97c8
data/raw/Training/notumor/Tr-no_1133.jpg,notumor,2,Training,train,111aeacdd05f0a5d85933516c514f1f9626b4ac9a81438c0609847a2efddfa99
data/raw/Training/notumor/Tr-no_1135.jpg,notumor,2,Training,train,ab7ed17fc5809e5514fa69d16991a6327891f7755e7289f5c5ab99eaa64ec4cd
data/raw/Training/notumor/Tr-no_1136.jpg,notumor,2,Training,train,98b975e302443759272d6d112532913d72094fa5f9fe318b2384243c1fd39bfe
data/raw/Training/notumor/Tr-no_1137.jpg,notumor,2,Training,train,f1a7d06cc95ab62c362b48875dea1c4f35e99dd9bc23d667ad35efc213ea3742
data/raw/Training/notumor/Tr-no_1139.jpg,notumor,2,Training,train,c47f146249b8b6e4be77ba798bffd7791a9920d6147614309c4dde2aea1f45d9
data/raw/Training/notumor/Tr-no_114.jpg,notumor,2,Training,train,f015cab76c9b8378ef66902ba7829a46925e85719d87f78b3be4dfd897e4ba70
data/raw/Training/notumor/Tr-no_1141.jpg,notumor,2,Training,train,79fe7fdc4259ed31881bd31a2d5132a026d570e5d2dd91111dbefcae08b08c51
data/raw/Training/notumor/Tr-no_1142.jpg,notumor,2,Training,train,96152c5bfbd1d53c62398db5e62854e91456ab467fa5c504cce204ee4b6b0646
data/raw/Training/notumor/Tr-no_1143.jpg,notumor,2,Training,train,696741154e452a20115cc6ccf501cf8f0002f8d5d3d3eb26118c6d6f28446fc4
data/raw/Training/notumor/Tr-no_1144.jpg,notumor,2,Training,train,84524f431db761466c684c75f26cd438b9ec9c2cc926ae9c87692f2ddb095248
data/raw/Training/notumor/Tr-no_1145.jpg,notumor,2,Training,train,e9a63334af63a2ec8cab2149ec091466c60df5fe115cf36cc30c9304dacbb376
data/raw/Training/notumor/Tr-no_1146.jpg,notumor,2,Training,train,6bbd598920e7e8473cd34f3543be8a4d46b4f593ed26935de5daea9fbcbca628
data/raw/Training/notumor/Tr-no_1147.jpg,notumor,2,Training,train,975fd5ea57048f695381b21075ad371f387c86eedbcb2bc57b7793ea483e949f
data/raw/Training/notumor/Tr-no_1148.jpg,notumor,2,Training,train,9d338079dd3288665657816ebeec6ada298761e0ff9f4c22a59f05c46768db14
data/raw/Training/notumor/Tr-no_1149.jpg,notumor,2,Training,train,18cfaf6cee35ef130675d36429a4d0d9d944cef9942c203b01975b7130ff6df5
data/raw/Training/notumor/Tr-no_1150.jpg,notumor,2,Training,train,3cbf4e24aff52873c213e089a22ed6a66125c6d1155675741948a3f27583de5e
data/raw/Training/notumor/Tr-no_1151.jpg,notumor,2,Training,train,5efe78bafe3aa63b1c6950c4997a01df4bc4c8bf4dbee57305bb44f7a3606715
data/raw/Training/notumor/Tr-no_1152.jpg,notumor,2,Training,train,21b8b91e5ebe1f8ae79eb437f6ec83e8bfffbf71d50a7799aeacfa39d9327c18
data/raw/Training/notumor/Tr-no_1153.jpg,notumor,2,Training,train,7062b5cacb6694c4b54fd799a8744d8a1f3f7a89110cc75a9fec2375f7fbb92b
data/raw/Training/notumor/Tr-no_1154.jpg,notumor,2,Training,train,25dbc9664f03a7af82b74aec6c5497cd94dc5f6f639907656725d0ac88cfd111
data/raw/Training/notumor/Tr-no_1155.jpg,notumor,2,Training,train,9c8edb64bca8f43dd9b46acebf522300161150324c4071fa9545208d9e60301a
data/raw/Training/notumor/Tr-no_1156.jpg,notumor,2,Training,train,4d6d8345c31adf3d7df67e8cc18941af505c24d39c1dd1f3e7ad37b3fee2801a
data/raw/Training/notumor/Tr-no_1159.jpg,notumor,2,Training,train,42f57c5489cadea13c23631c5a65b58d44b265478abf924373b577c11e682fab
data/raw/Training/notumor/Tr-no_116.jpg,notumor,2,Training,train,cc336bb30a64c66a0897e048331ca9818b553b8d0c313ed4980971c5b8ea1b46
data/raw/Training/notumor/Tr-no_1160.jpg,notumor,2,Training,train,85c8594ea52ea7c8d812d2c4565ef0aa079ab021f4936b623f64bd7878ec0c6a
data/raw/Training/notumor/Tr-no_1161.jpg,notumor,2,Training,train,f5544e8c132575583b8ae8825062f1344f718a051d4c41f06e07a5a6cf983faa
data/raw/Training/notumor/Tr-no_1164.jpg,notumor,2,Training,train,309d4f241a4264a088af432645bbe8913dfc84e6cdd6b94fcf999beeb9a03c49
data/raw/Training/notumor/Tr-no_1166.jpg,notumor,2,Training,train,6a4b29fe5a2a1f98fc7e9f7c0a0f4af0b2f44ba0937e81a87d18a666d167ae91
data/raw/Training/notumor/Tr-no_1167.jpg,notumor,2,Training,train,aa5165096afb739d38e983db067fd1269d3efab00ccd94d3a7b25ac1b01b64d6
data/raw/Training/notumor/Tr-no_1169.jpg,notumor,2,Training,train,0ff6650a53df2b89b4e569a7490843229227db14f5fc46fe99afdc789d058796
data/raw/Training/notumor/Tr-no_117.jpg,notumor,2,Training,train,b494332cd5c534f3c093f5f26b9dacabad2119be1d8a0e955843adf647c9315d
data/raw/Training/notumor/Tr-no_1170.jpg,notumor,2,Training,train,6b8f5ec5f96e63fb543ffb0fef90857004942af0c44839abf5b9ad297b161da1
data/raw/Training/notumor/Tr-no_1172.jpg,notumor,2,Training,train,ad38bcdb687b3b9ac046cb2aeada829c277d6ca59997efe5493d0b48322d1a0c
data/raw/Training/notumor/Tr-no_1173.jpg,notumor,2,Training,train,39b8c88b93b1b64f6b83da51843937c211ae28c489edabeedf694959f7d80b1b
data/raw/Training/notumor/Tr-no_1174.jpg,notumor,2,Training,train,88637fd4d0216cdb054acc0fa39a0725a0b4a1a6e195ed24a5c956bf665b8f33
data/raw/Training/notumor/Tr-no_1175.jpg,notumor,2,Training,train,fb08cc7a7c75eb72d1965fbac1b47a0fc8a97cf9aa40944a14e4f7feca7fb5bd
data/raw/Training/notumor/Tr-no_1177.jpg,notumor,2,Training,train,e2a4a45b8d73d7155d20b5d1d27b4e13fe18b58c9b281c82bd3ba15df97117d6
data/raw/Training/notumor/Tr-no_1179.jpg,notumor,2,Training,train,7a7fcfb55378e4367cb3f163dc510df7e4b5f95d8fee5e4407b6ef397d56e243
data/raw/Training/notumor/Tr-no_118.jpg,notumor,2,Training,train,76ef713871312b96b12f38b2748551637b3eb35ecf2ecffb5501cb0e02afeba3
data/raw/Training/notumor/Tr-no_1180.jpg,notumor,2,Training,train,70dcee96fcf70d803e3203f15fc691bffc6c0a6ca38780c530bc7d45a9b4bf32
data/raw/Training/notumor/Tr-no_1181.jpg,notumor,2,Training,train,95642624477def636281ab4dcf9f113da90aa0158007e0f0a65e41aa4bd7365c
data/raw/Training/notumor/Tr-no_1182.jpg,notumor,2,Training,train,27ae033b50d7841f4418ed2ad22cd57dfac9b8518673e4d21509a2051c0ca342
data/raw/Training/notumor/Tr-no_1184.jpg,notumor,2,Training,train,38ad22a77c6fd49336ffe1311bd64c7eb5cfaf116eed95f44126ff72fd467552
data/raw/Training/notumor/Tr-no_1185.jpg,notumor,2,Training,train,0278e9fafedb70f3338d0813b1dc4b2793bddfbef955e6a9af860d43d2ecee36
data/raw/Training/notumor/Tr-no_1186.jpg,notumor,2,Training,train,0e94bed6ab99b6868c666ddefd0b4af8ac7a4ca0f7d70913eab82ef3c51911e0
data/raw/Training/notumor/Tr-no_1187.jpg,notumor,2,Training,train,88aba8f5a882187bc3df678f2b3a88c6c59cec1c01fb732e5671a5ffb6a494d7
data/raw/Training/notumor/Tr-no_1189.jpg,notumor,2,Training,train,734b5ba695008974e9d1dffa5a2f3b10b3a7d0fcdc753370ef21649118977303
data/raw/Training/notumor/Tr-no_1190.jpg,notumor,2,Training,train,fe20d08e5475898e9b66661cddbe32d6d006438e57c36cd87be27b8dd9c0676d
data/raw/Training/notumor/Tr-no_1192.jpg,notumor,2,Training,train,22172f933e947add6f66a689d6924fc7dbfbe7824d31779d5755e4c5a2faf349
data/raw/Training/notumor/Tr-no_1193.jpg,notumor,2,Training,train,c86091470f7c55b51ff0c4ce4e85f477709f9858e3108cec5e2d4cec47aedda2
data/raw/Training/notumor/Tr-no_1194.jpg,notumor,2,Training,train,3fe17b3fd3ce3aa90a87f7fec9e5ceb19fd057ad5f5e716ace23115a24ef66b6
data/raw/Training/notumor/Tr-no_1195.jpg,notumor,2,Training,train,751d2b331faaa59454c4ee8b5e012ad1c495c1be7813057bec6f9cdfb77f71b7
data/raw/Training/notumor/Tr-no_1196.jpg,notumor,2,Training,train,fc36ad246bb583e2f4abd45c8fb215dab8f2c9bdd7e0cfce1b787b6bad777d20
data/raw/Training/notumor/Tr-no_1197.jpg,notumor,2,Training,train,12778e04e10e5dc40ea8cbf15f4559888e71de3e9aa530037a5520f279fec262
data/raw/Training/notumor/Tr-no_1198.jpg,notumor,2,Training,train,fc9c7306a9e37fe355611025df9ece34a0671b2854323ec6b95c91f9dc0c308f
data/raw/Training/notumor/Tr-no_1199.jpg,notumor,2,Training,train,e20e0cca5af11c4f3b33f20cfe2de85a04c747bda579d8d0cb16d05e523deb06
data/raw/Training/notumor/Tr-no_120.jpg,notumor,2,Training,train,2f94091c3dd7e715d186ffecfb3d327e64c133866158ff392179f9edf0a31e32
data/raw/Training/notumor/Tr-no_1200.jpg,notumor,2,Training,train,9c54a8ba366d8a9881e28dea8f4cc3f8e92fc74b2add2e6b7d7dfcacdee09bb0
data/raw/Training/notumor/Tr-no_1203.jpg,notumor,2,Training,train,840e12a9d0fc509d61fab11db74d1716234312bd96939b632e19b8f102ace3cf
data/raw/Training/notumor/Tr-no_1204.jpg,notumor,2,Training,train,d5e2a3c0f54875c7f3291a7c651b091db54d4aa1a6a7bc39a00b97cf3b3e3494
data/raw/Training/notumor/Tr-no_1206.jpg,notumor,2,Training,train,c6f75a9e39f9f81945a1077e20d530972f8c2915d0fd2af7e1d4e2923f6c75ee
data/raw/Training/notumor/Tr-no_1207.jpg,notumor,2,Training,train,59129e8a5fc88835ba3706191fb392754e132c7a39d1efc655fd1cd4a52873de
data/raw/Training/notumor/Tr-no_1208.jpg,notumor,2,Training,train,7d5fb3078f6ed56884ebf8c14928f4e8e05ffd2065cf1b5f4b23cd6dfa3f49ef
data/raw/Training/notumor/Tr-no_1211.jpg,notumor,2,Training,train,048e254ee4d567c52d8e12aa00739ad6f8fe7b93a54dc838e5bd812df71dfddb
data/raw/Training/notumor/Tr-no_1212.jpg,notumor,2,Training,train,c8fb9c6460ef410858fa717c1ab5f5d4828e51d3af2d59cc2982b1d5e14b840b
data/raw/Training/notumor/Tr-no_1213.jpg,notumor,2,Training,train,c46017f0fe39ce4146480f5c7b1cb6beca04b6ca042594726f12416fd2fdcab9
data/raw/Training/notumor/Tr-no_1214.jpg,notumor,2,Training,train,bfcce139b2b992882ed67161669f89684eb87db34f22faf7ef5cd54f7f45b38f
data/raw/Training/notumor/Tr-no_1215.jpg,notumor,2,Training,train,095f490add721bac4d19a102bd1ca17506a98c75ef5a73eed77b9c9dc9b8ae6b
data/raw/Training/notumor/Tr-no_1218.jpg,notumor,2,Training,train,35152f4387b20cf97412b154dc31133f1dab1f9c8b046a49f72e44cf63bf2234
data/raw/Training/notumor/Tr-no_1219.jpg,notumor,2,Training,train,720f1bff2d496a51c01921464574894d3c0d05e899eb6ed9c19d1db52531f942
data/raw/Training/notumor/Tr-no_122.jpg,notumor,2,Training,train,ab52edaeddcac991282973ad17b95a0d2afabbad4d9ddfe8258cfdb558016637
data/raw/Training/notumor/Tr-no_1220.jpg,notumor,2,Training,train,e3e6a073b081f5d7fc2fad33e3c2337ebfc8cd327a7b44ad9e6bf0313a32e600
data/raw/Training/notumor/Tr-no_1221.jpg,notumor,2,Training,train,629ff81d7fd1803afc6c8f1b8cdbec4f6e77b153a955a18e71c173134e522588
data/raw/Training/notumor/Tr-no_1222.jpg,notumor,2,Training,train,a965bc16995def531b0b94dcf46eb46ebcb15e1c485efebcaed5081aea06b23d
data/raw/Training/notumor/Tr-no_1224.jpg,notumor,2,Training,train,f99dd2123cf3911d172622afe0541ad5048b98bcd1ac78a4acc55732a3167c8f
data/raw/Training/notumor/Tr-no_1227.jpg,notumor,2,Training,train,eae386f0d473f0eafa88901fb52af30c5652b1f1fb4652fb7b5650ddcc390e4b
data/raw/Training/notumor/Tr-no_1228.jpg,notumor,2,Training,train,2a3fd7800902a88a98a1483735768f957018af11673a34de4b1c7732a03f851c
data/raw/Training/notumor/Tr-no_1229.jpg,notumor,2,Training,train,d8aa0c290788373a5806b52c23736910308ca19e0164bd1984ec30eb67a7ab22
data/raw/Training/notumor/Tr-no_1230.jpg,notumor,2,Training,train,79f84d67e7bc8f7984c795f3e882430f9ebc2dabdce712a24e183dba92431215
data/raw/Training/notumor/Tr-no_1231.jpg,notumor,2,Training,train,29dcd488818a1514200cd3bf27074d3ce9f54aab05e04e736e5493f97f2d841c
data/raw/Training/notumor/Tr-no_1232.jpg,notumor,2,Training,train,08e096f199049b3f1b99f6531e49b09898220f7aa37b7f8f45a55e34c8aed6e0
data/raw/Training/notumor/Tr-no_1233.jpg,notumor,2,Training,train,e12273b5c76a05a2a14ca1147c3bb48f3bb66413b956eb9a5d27d672a87854c9
data/raw/Training/notumor/Tr-no_1236.jpg,notumor,2,Training,train,b3194148761c0169717896116725e38e430812e6d5a6b6c62c9cf06e7cf00916
data/raw/Training/notumor/Tr-no_1237.jpg,notumor,2,Training,train,7c1f5e97fd36bfcca3666d791fdf13e64df99d97b21f3ebd53d9d1d8c1def042
data/raw/Training/notumor/Tr-no_1238.jpg,notumor,2,Training,train,93e842f97481631adee41bcde9b493d6ce88795a7561a77cfd06d67f5aadcab1
data/raw/Training/notumor/Tr-no_1239.jpg,notumor,2,Training,train,97b98afb01833015fe92bdb99c1b3c3b4837b5d11337b53471fa691d0e0fc0b8
data/raw/Training/notumor/Tr-no_124.jpg,notumor,2,Training,train,944929c7b08e3c51e615e6c37b9f6fe5cd534c647c7428906caf9213a7730d73
data/raw/Training/notumor/Tr-no_1240.jpg,notumor,2,Training,train,49db0659a53802695ac4af817cff544f8034e7c9883a6751e0e321c86337f86a
data/raw/Training/notumor/Tr-no_1241.jpg,notumor,2,Training,train,238498fbbf7fa7715a69ca463c2696a27043f88c213975b232c10e938ce0ef21
data/raw/Training/notumor/Tr-no_1244.jpg,notumor,2,Training,train,17bd1588f84aafbccb846c974ae1f24cef5ce6f0fc0f32a4417af50bfe9f52cd
data/raw/Training/notumor/Tr-no_1246.jpg,notumor,2,Training,train,5668800a67d13c63586c08dfb5b7728ca279819f6112076bee641871d20063a1
data/raw/Training/notumor/Tr-no_1247.jpg,notumor,2,Training,train,dfcdd1f41c110b6a2854c5db3512734c82e77bad2d11df796803f5f816bcb736
data/raw/Training/notumor/Tr-no_1248.jpg,notumor,2,Training,train,666b50d0474c4ff31d28ac1c6a8cd9e0d7c91f378d34f6f8eb8932dc986a635b
data/raw/Training/notumor/Tr-no_1249.jpg,notumor,2,Training,train,c74e4880a72b8e540582bbbfa648f10a129b661651e61b23c7a0c8534e0229a5
data/raw/Training/notumor/Tr-no_125.jpg,notumor,2,Training,train,0ff08a1e38749c259d1cb4a8cdeb1bd4d435ca9ccd7e1256d7f711f2f0d10160
data/raw/Training/notumor/Tr-no_1250.jpg,notumor,2,Training,train,23ad945a2fba6972b2eaa9c6983f7b4cae45bb6573c7ba34d8372a06657e8c4b
data/raw/Training/notumor/Tr-no_1252.jpg,notumor,2,Training,train,7fc77a030dc7e2098bc82150d298940040ab470f13fc7eeeb0e5bb876e767b84
data/raw/Training/notumor/Tr-no_1253.jpg,notumor,2,Training,train,9cb0bd6ba354991ae933b55af58ca040f3b8db01add876aba09159d7badd3599
data/raw/Training/notumor/Tr-no_1254.jpg,notumor,2,Training,train,7e717f1cca7d05e22d1ad8d7b5ae40ab68bc9e36e3c5dcf35e6b5f5157e555d8
data/raw/Training/notumor/Tr-no_1256.jpg,notumor,2,Training,train,fe24daa88baf76924782a693df2e59e39ffceaa4ff75212ffbc8d3a5d25aaef0
data/raw/Training/notumor/Tr-no_1258.jpg,notumor,2,Training,train,bca46d27cc9a486f55a197c8c55e98a205f977151fa337b08646d6c393f1e6ec
data/raw/Training/notumor/Tr-no_1259.jpg,notumor,2,Training,train,4e2da5e2fcdf333fce0bc4b5c7f641178b6325c40c4d1119e609cf7dee719873
data/raw/Training/notumor/Tr-no_126.jpg,notumor,2,Training,train,fb73dcde320b4d1323be8ff5952744006156ee952d260bba2f747d54b0bdf18c
data/raw/Training/notumor/Tr-no_1261.jpg,notumor,2,Training,train,856779c9208bce47defb64d82d26002ecf3c89161a4eafdceb1dc6082f06eefb
data/raw/Training/notumor/Tr-no_1262.jpg,notumor,2,Training,train,c30681f8b28b6cc26f12177aeefe29d3e45a1ba0275a3e0bba0d55ce61321490
data/raw/Training/notumor/Tr-no_1263.jpg,notumor,2,Training,train,e5996ba69ce3955174a4ac90bb72484b6260914348c59e3c5dec7aa53a7ba973
data/raw/Training/notumor/Tr-no_1264.jpg,notumor,2,Training,train,f2d9f0979df98ce2e4aab669d3c141ca02ebce9eb15775267bfd6d4eae2a7d7f
data/raw/Training/notumor/Tr-no_1266.jpg,notumor,2,Training,train,55e2609d0f46ed12daeb4fa9874649865486ce45d688d7c218d9b50394772767
data/raw/Training/notumor/Tr-no_1267.jpg,notumor,2,Training,train,1e1a27e88f2812b4b950fca09bf5f4b8fe20514826756ac69b37b43c0c73214b
data/raw/Training/notumor/Tr-no_1269.jpg,notumor,2,Training,train,ab7d57cd630ecec65a8fa8700d52cf87702947ecfc7e855456fae192270570d9
data/raw/Training/notumor/Tr-no_127.jpg,notumor,2,Training,train,442fe13dc6571735614894ecc8eef641357445b2276c4bf58a2324307c5df6fb
data/raw/Training/notumor/Tr-no_1270.jpg,notumor,2,Training,train,f4a1d4c3d0a9c1b373be1c073d86138dd2c4fbda191a030000a9eee81fbcd3b0
data/raw/Training/notumor/Tr-no_1271.jpg,notumor,2,Training,train,60d4458ae9b5588d5a4bdd78908e388d839ac6247fe559c3e2ab9169c62b9d23
data/raw/Training/notumor/Tr-no_1273.jpg,notumor,2,Training,train,f9db6c451eb3bd3fa309844106e461aea682cbb08395fa8cae70e49e19feffaf
data/raw/Training/notumor/Tr-no_1274.jpg,notumor,2,Training,train,71b3de7ee123124b0cf239be46cde689f527b1b56127ff7668cabca4c6384513
data/raw/Training/notumor/Tr-no_1276.jpg,notumor,2,Training,train,672390a6f25f986ea8d9f6469ca9cad06e0be86a5712e99fce2139e0a909805c
data/raw/Training/notumor/Tr-no_1277.jpg,notumor,2,Training,train,0bbe8a2a1bfa6dd268852dee167c8e309391550370ef8dc656c360f260669abf
data/raw/Training/notumor/Tr-no_1278.jpg,notumor,2,Training,train,03c8ba33e9897774838b68c219dacfbcb795d01b6643f309edce8c86fd992751
data/raw/Training/notumor/Tr-no_128.jpg,notumor,2,Training,train,470cf49146ca3bb3c89ae1d085833bf3da87ca5e09d33669c35dc8b87e7a9332
data/raw/Training/notumor/Tr-no_1281.jpg,notumor,2,Training,train,1760da4ac516c8564bf06bc349176a1463dbb49f4de7b6d0b986ff015b96bd62
data/raw/Training/notumor/Tr-no_1283.jpg,notumor,2,Training,train,b0e0960d2e4272a386e30df5c6be4f226cd4401b5e5bfe4ad71035ab652b5c4a
data/raw/Training/notumor/Tr-no_1284.jpg,notumor,2,Training,train,2a85269a7484f04608c93c57c46bfd8f28a0c411189cd5cb2d1eb4e13be1a42a
data/raw/Training/notumor/Tr-no_1285.jpg,notumor,2,Training,train,19d1e5fece32f25cffe40d78ee005f41ff3c2598c7765ed122ffb29518274326
data/raw/Training/notumor/Tr-no_1286.jpg,notumor,2,Training,train,220e62fca790bcec10dd87a812af63ee18019ee2a711dd3101602743e556b07b
data/raw/Training/notumor/Tr-no_1287.jpg,notumor,2,Training,train,b5c108d489d9ef13f1046b6f5ba3fe5720d3dc4b77ced0726f56cb587555a3dc
data/raw/Training/notumor/Tr-no_1288.jpg,notumor,2,Training,train,2779f5d9e97ff8a2283e34ab88a7e6de22c561367944758e2796f427fd2dddd9
data/raw/Training/notumor/Tr-no_1289.jpg,notumor,2,Training,train,84acb850a9c5348cd00623122246c83dffd727e007aedc1d484e39d06e784c6f
data/raw/Training/notumor/Tr-no_1290.jpg,notumor,2,Training,train,ef5addab9afd41d9a24d73711092b35f1610683975b03f80bff9d48d144970ef
data/raw/Training/notumor/Tr-no_1292.jpg,notumor,2,Training,train,a23838b6281d2fe4496c1122ae4c2284ece545a009577438ed49577df3b1a5c5
data/raw/Training/notumor/Tr-no_1294.jpg,notumor,2,Training,train,1e8c600c9e7421f1308e2d10a8854ba8b86e52d312dbce15358948bcc9c901fd
data/raw/Training/notumor/Tr-no_1296.jpg,notumor,2,Training,train,2377035d0d8766afc086440b729c815b7db06001abdcf6a6ecc0149326f41851
data/raw/Training/notumor/Tr-no_1297.jpg,notumor,2,Training,train,dd5e0845bfd97f6b294f6b2788067c35b034dd9331e6cf1f441cabe753eb8c78
data/raw/Training/notumor/Tr-no_1298.jpg,notumor,2,Training,train,990f8529b0518b15798a799b2d19fd8e5905711d6e4af3232f89e605550bca10
data/raw/Training/notumor/Tr-no_1299.jpg,notumor,2,Training,train,580738fcbb7a6e65340fbdaea4ee0132ec6bacde94a82139d80c5cd4d9291524
data/raw/Training/notumor/Tr-no_130.jpg,notumor,2,Training,train,8927ebe063a6ae13a712b63337c07ee2ed17c1f68e4644f1acdd2f9189c27e43
data/raw/Training/notumor/Tr-no_1301.jpg,notumor,2,Training,train,6647a2404d60ef431ca20e7e204d085de00c6c2eb12e7594d681ba045b640aee
data/raw/Training/notumor/Tr-no_1302.jpg,notumor,2,Training,train,e22f980ae6f8f79a1fd96c0e2711d06767493d2d7c19d885fd89f6207702c3f3
data/raw/Training/notumor/Tr-no_1303.jpg,notumor,2,Training,train,eac0ad5caf700b9de7bc5501b14e04467775a3cc7de2ed01d60edf3a6deedac2
data/raw/Training/notumor/Tr-no_1304.jpg,notumor,2,Training,train,8d05b166ca62499ea2da6f109fcf0d38e4eb8f8505964add2078cb4fd246fcdf
data/raw/Training/notumor/Tr-no_1305.jpg,notumor,2,Training,train,ab198f545810b5a1455ffd1a56e82d1acbf5a22230bc2dea24c92d5ec73af1eb
data/raw/Training/notumor/Tr-no_1306.jpg,notumor,2,Training,train,b15170faec1cda7cf01d47b472700acd098d7ea8702b6b33592d7f3a4bae7c9c
data/raw/Training/notumor/Tr-no_1307.jpg,notumor,2,Training,train,e34e448b7509d16d43c6a6505995cdbb7bf6b2ad29ee09a37ec740c8494f74e3
data/raw/Training/notumor/Tr-no_1308.jpg,notumor,2,Training,train,7ab0b7d284bfb14d725dfaa77f95f937e3e30da801971e80434021fc308d2c3b
data/raw/Training/notumor/Tr-no_131.jpg,notumor,2,Training,train,fb4f36cec8b0123a1579e9e02160a16a20e2c63b10241c496059f3b31148f359
data/raw/Training/notumor/Tr-no_1310.jpg,notumor,2,Training,train,e7356b3c77c3b948e213b0d6c975294a448f46671ada0378127fdd90bb27c995
data/raw/Training/notumor/Tr-no_1311.jpg,notumor,2,Training,train,f8ec72ee4bd09880120f0839bd74bb2e88efd5576720d53e012ef945e0a56d3e
data/raw/Training/notumor/Tr-no_1312.jpg,notumor,2,Training,train,8f092899e26f64ca7de588afe0208aaff2c1da6ea13d34c3b18393c5d36a69d2
data/raw/Training/notumor/Tr-no_1313.jpg,notumor,2,Training,train,b8952666dd8feebb54954be18277298c7861c098e64d0063abfc5ec4a8eca2b6
data/raw/Training/notumor/Tr-no_1314.jpg,notumor,2,Training,train,6ee6a66bde9c2bdff02b49daeceec936aa338c75df519148b7255a391d4a7c2b
data/raw/Training/notumor/Tr-no_1315.jpg,notumor,2,Training,train,f8a4175365b64fbd9d2af3c2629748d5a9758df85555c1e254d89d57783413bc
data/raw/Training/notumor/Tr-no_1316.jpg,notumor,2,Training,train,b7c27d5f1a82137601cc7630779fe2aa120bd9cfd9ddf3a2607c86255de7c9f0
data/raw/Training/notumor/Tr-no_1318.jpg,notumor,2,Training,train,66e52289dbb20ebe544be658dbc1345e18f031967fe6f972bfb91dd8a39d48cb
data/raw/Training/notumor/Tr-no_1319.jpg,notumor,2,Training,train,e2624788382fce1d1c00840375cdd541241d61de6137e9c1c6d69f83d7c99307
data/raw/Training/notumor/Tr-no_132.jpg,notumor,2,Training,train,67d1c8c2f09a78feafebbc20c3753b2b557f6f31ca32279b3d85117137ee2760
data/raw/Training/notumor/Tr-no_1321.jpg,notumor,2,Training,train,32a0eb4e3a870bbec5b8667ca563152d29a0fbe042b223d40879c42bd6621e68
data/raw/Training/notumor/Tr-no_1322.jpg,notumor,2,Training,train,f5ff3a81392cd65dc311b94a0051b87013f1c65ad847889afd29dd4d92d91414
data/raw/Training/notumor/Tr-no_1323.jpg,notumor,2,Training,train,998e1573bff074902cce6e790ebdf6e115477a3d574f05cac0006db26ddc795d
data/raw/Training/notumor/Tr-no_1324.jpg,notumor,2,Training,train,63aa7a3bcfd52ad4e04e25c867d5e0c6345062c54fa5b2e312a0d868a08c8b97
data/raw/Training/notumor/Tr-no_1325.jpg,notumor,2,Training,train,f7f5a375b5aeaea2aa0d8acfa4d171684f5fa49e810006317b271ebafc7b0824
data/raw/Training/notumor/Tr-no_1327.jpg,notumor,2,Training,train,90303780224f24f31368418234e9de10c2ad701f7d8fc64afb718b8f24f7350c
data/raw/Training/notumor/Tr-no_1329.jpg,notumor,2,Training,train,6442819447edcf898f4cb2dc4b4a67c44b647a93ab981d43380457be8e7d1344
data/raw/Training/notumor/Tr-no_1330.jpg,notumor,2,Training,train,1180fefcd5ba2a8f43c541c3158c3d6b3edb8309eab8dc9c61f109d10d5b5050
data/raw/Training/notumor/Tr-no_1331.jpg,notumor,2,Training,train,d3e965a356f6f569b2cdc45e70fbb9aadcf98d4b82b6b3060e4cdfc584bf6d3a
data/raw/Training/notumor/Tr-no_1332.jpg,notumor,2,Training,train,be6ad251baa43cf4e22fe2382ba975783c01feb86b3cd27d34ebeb1875b5ac91
data/raw/Training/notumor/Tr-no_1333.jpg,notumor,2,Training,train,682871b3c7250e0c56b28688840ac15101ec847a891e0b2d2cb72f0436ff8073
data/raw/Training/notumor/Tr-no_1334.jpg,notumor,2,Training,train,95ffabd6cfd94e094cd1af64396bfa75f578a012f52b23cbf8e5fa828ffa4863
data/raw/Training/notumor/Tr-no_1336.jpg,notumor,2,Training,train,23794834130a37699051efa29c29b9af12ae94b6a65d3957d7f9ad667f9bdf0f
data/raw/Training/notumor/Tr-no_1337.jpg,notumor,2,Training,train,384faba98e97f13d58c91f82db66f2c6588b9fc1639d6498feec62604f45ec5e
data/raw/Training/notumor/Tr-no_1338.jpg,notumor,2,Training,train,5e74a27d2103751a8dc39c59bc9a8effacb82c3914a6fc78c2d55e3c77703f84
data/raw/Training/notumor/Tr-no_1340.jpg,notumor,2,Training,train,e17c38523771602ada2f98dde9b77992d63bc04a1bf02aa0463e4ba13329826c
data/raw/Training/notumor/Tr-no_1341.jpg,notumor,2,Training,train,edbe8c19cf555eef1c295aa167bca4cef36d6504b9119116da0f9c145b2bb8b7
data/raw/Training/notumor/Tr-no_1342.jpg,notumor,2,Training,train,e0fac499997e78af73b54bc6f9ffe412d70e42988e06ea8bd8a5bd6e4858e6fe
data/raw/Training/notumor/Tr-no_1343.jpg,notumor,2,Training,train,f9b574830e8bd289b44901ea99397d73d1d146b7c25d7e024966795180a49642
data/raw/Training/notumor/Tr-no_1347.jpg,notumor,2,Training,train,8a7eb14a7e419d4a71874ff2da3bf8a0e56b44d237f558720f9ad516f27b151c
data/raw/Training/notumor/Tr-no_1348.jpg,notumor,2,Training,train,2f4b61c1399bbaa181cdf8e7fd191654a6e56f2b0616f2659773b81fe7110ea5
data/raw/Training/notumor/Tr-no_1349.jpg,notumor,2,Training,train,ed9b6842a0d0369d3525a8b78e8d7a54b64eb39efd68df8646e0c39c33454c75
data/raw/Training/notumor/Tr-no_135.jpg,notumor,2,Training,train,0e26eb1cc143b940fe223f1023625355992ee21e77e3ff1ee4cfd5764198989f
data/raw/Training/notumor/Tr-no_1350.jpg,notumor,2,Training,train,46896e51c880f82814f80ba9176c246e64c25ea3f2c8a001e6198a70f9a2418f
data/raw/Training/notumor/Tr-no_1352.jpg,notumor,2,Training,train,2d199bb9ce07fd48853b7514e64c237ab44cdbd2cf38b3973e001ae6d5852519
data/raw/Training/notumor/Tr-no_1353.jpg,notumor,2,Training,train,1a60ff2f428d0de648525db7f45f6b816b3713d47aec29f854a81487511e9bf8
data/raw/Training/notumor/Tr-no_1355.jpg,notumor,2,Training,train,68e4a6e2fa36af0cda6ca472fd6f94eb84b7fbc4d808032b0ebf9952727c164d
data/raw/Training/notumor/Tr-no_1356.jpg,notumor,2,Training,train,1244107d98c9a8b438a226dbed6e776517b9e2a38e1704c7dea6283f9d493758
data/raw/Training/notumor/Tr-no_1357.jpg,notumor,2,Training,train,aa321a4b9a3d2e127b8382a023679ea14cef3224e6540b49b126eb37cd44fa2c
data/raw/Training/notumor/Tr-no_1358.jpg,notumor,2,Training,train,1a5136c4d73f9bb927df2aa8107db8987077758e0e91bac72633fa767cac785d
data/raw/Training/notumor/Tr-no_1359.jpg,notumor,2,Training,train,08f619571de6da9c1c6f14ee658eeaac3085687e6ec61183f18f579e5faa6145
data/raw/Training/notumor/Tr-no_1362.jpg,notumor,2,Training,train,efbf14514572ed899be487bedbc3a9ea627f89639a10c7f706a7a8a402732c14
data/raw/Training/notumor/Tr-no_1363.jpg,notumor,2,Training,train,61c63bf48f3af36c30ecd78f09f038ae86717b0ec2d435209bc830c1cce69ab9
data/raw/Training/notumor/Tr-no_1364.jpg,notumor,2,Training,train,01f6e4a3aafdaac39be8f0b8f9602f7686a5fbc9c321e65bf8b5df081fb18528
data/raw/Training/notumor/Tr-no_1365.jpg,notumor,2,Training,train,c4ef1121f664289e8787ab63a3ff7c4fd5cf6c7ad7e7ca827c9a828285792bd7
data/raw/Training/notumor/Tr-no_1366.jpg,notumor,2,Training,train,dd4ddc577d69ed2b40ac77e48195ea19bedf7fd3e7c65a37c806e2d0e29f86f5
data/raw/Training/notumor/Tr-no_1367.jpg,notumor,2,Training,train,77c03bf0bdbf7d7f70c89b85855d4d3a299bb0bcc74f931641d9620b274e9e0b
data/raw/Training/notumor/Tr-no_137.jpg,notumor,2,Training,train,662f93904d8ba56d840fc2898552e8adc95a635d368d0b1d0f6bd41a28738722
data/raw/Training/notumor/Tr-no_1370.jpg,notumor,2,Training,train,59050685601147d937789be7d96a7077bd2262f66146d0b1c72910d6fc14a53d
data/raw/Training/notumor/Tr-no_1371.jpg,notumor,2,Training,train,14c87d2077e57a62532215c91e53e34ed51f6a784f5750a917ef91852d2ce9dc
data/raw/Training/notumor/Tr-no_1372.jpg,notumor,2,Training,train,febd779e6b385675f942d72995a0fb8be6ab15a13e2df1d90585a062f2428aa1
data/raw/Training/notumor/Tr-no_1373.jpg,notumor,2,Training,train,65c81149e99d99a9824ab86687788b641c72e7f426c5c6f805b05c6f5643b71d
data/raw/Training/notumor/Tr-no_1374.jpg,notumor,2,Training,train,f9ab73351fe5dd8b0cac9d28282c9faff3f83bb3aad1a4fb2769c6e94cb25eb4
data/raw/Training/notumor/Tr-no_1376.jpg,notumor,2,Training,train,9d7027d104a627826433f73f6697d5f4c6a18d5f9a07f87c221798f544f81e81
data/raw/Training/notumor/Tr-no_1377.jpg,notumor,2,Training,train,1e044e724e7a39067eb86dd8df724afc45fa6a7eb1a8254f9faf4056d73a14fd
data/raw/Training/notumor/Tr-no_1378.jpg,notumor,2,Training,train,a3162569f0104e89e3950050d1d2f605cfe6bcf7c646f4bd596cb709d8b372c8
data/raw/Training/notumor/Tr-no_1379.jpg,notumor,2,Training,train,84b2155377f2b5ec87d3988642b885d5b6249e7907486184ac311e15a8a599a9
data/raw/Training/notumor/Tr-no_1381.jpg,notumor,2,Training,train,92798602663bb77a4849b098abede41c448e235b74d9c34f14424d3046619748
data/raw/Training/notumor/Tr-no_1382.jpg,notumor,2,Training,train,ced1f6dc23395c225b054892148e05199b79c670894f000606f1a6ffe32f5a8b
data/raw/Training/notumor/Tr-no_1384.jpg,notumor,2,Training,train,e1996c35c340753d05bebd5392154a6fc8b8198ca3add27a9b30cf0428629b99
data/raw/Training/notumor/Tr-no_1386.jpg,notumor,2,Training,train,51dd3cfab8c5fd3f9222390f595f9559d5d7ba2c8469a01e7c4e74bc3e6691f5
data/raw/Training/notumor/Tr-no_1387.jpg,notumor,2,Training,train,c87ac0be7cb4716bca03b19476d0c76211a89091694922d833682205e2871ebc
data/raw/Training/notumor/Tr-no_1388.jpg,notumor,2,Training,train,faf2482250fb25cdbf4134be6a724aa4cd46f7035d58ed540c81a1b0fef916f8
data/raw/Training/notumor/Tr-no_1389.jpg,notumor,2,Training,train,c3c288a174cbc69b5bba653fddc67c3f16cb1915be24442611d36929e695cd5b
data/raw/Training/notumor/Tr-no_139.jpg,notumor,2,Training,train,c84a66636fe92271311d54bef432765ec45aadb216ede8770c5f4688d9bd4c17
data/raw/Training/notumor/Tr-no_1391.jpg,notumor,2,Training,train,481a8abcdddba35731594569b7f93c30823b807bc1b09ce1b0acf1c2d499de16
data/raw/Training/notumor/Tr-no_1393.jpg,notumor,2,Training,train,8a05324c1e59d079c88ad71e484739999eab506d3e7eb1bca857264329113b94
data/raw/Training/notumor/Tr-no_1394.jpg,notumor,2,Training,train,fa212e03ec1757d375fc594d6f8884ff22b43b091d37dd1b7589a236289a6421
data/raw/Training/notumor/Tr-no_1395.jpg,notumor,2,Training,train,bd5b12c433485230720aa33032e1f6bd089702090481d7e56dccfa43435d6950
data/raw/Training/notumor/Tr-no_1398.jpg,notumor,2,Training,train,6f3bdbdba45d1f985b33e51c93c318e0f04f2c3186dfae874050a99a11b1af02
data/raw/Training/notumor/Tr-no_1399.jpg,notumor,2,Training,train,06b29e3d2fae28dad1e139950a7cbe2a5a688568d89ca92c82d9fada127a9df3
data/raw/Training/notumor/Tr-no_140.jpg,notumor,2,Training,train,78272b533cd2cd32360f342e22676958d73e3f7f1b70a3ee4c004b0977c85e2f
data/raw/Training/notumor/Tr-no_141.jpg,notumor,2,Training,train,158d04e6d973c091b89089703626b1eb39b0ebc73d43356b6cb1524f89b28a4b
data/raw/Training/notumor/Tr-no_142.jpg,notumor,2,Training,train,ee497f653c46ea86b561d7c82aa3de3ceb9bf58613463cc41d8862e3b8500be1
data/raw/Training/notumor/Tr-no_143.jpg,notumor,2,Training,train,88283a8a739658a94aee30a2b076a7562724d5bb90dc4969f613072adb761655
data/raw/Training/notumor/Tr-no_145.jpg,notumor,2,Training,train,ae6286c9c96c4ffdf341ea4225bad64f222fdce3992bcf82de500dda991273b9
data/raw/Training/notumor/Tr-no_146.jpg,notumor,2,Training,train,7779387d140bce1db722f1c938c6597dd716c7730fd5f904b7723ee7bdaee886
data/raw/Training/notumor/Tr-no_147.jpg,notumor,2,Training,train,bb9c025c5eb356f3320db5c35e8d2b0ce4489ca23cb78b5c9735d33db6ed6d61
data/raw/Training/notumor/Tr-no_148.jpg,notumor,2,Training,train,f297f071b7275e5035418295810dae6cf2eda6a984e6354fff74b6041ea7cebb
data/raw/Training/notumor/Tr-no_149.jpg,notumor,2,Training,train,13b6227c7aa1df2940de091d9b5a0287feb6236d775ae3a1d38737f759aab821
data/raw/Training/notumor/Tr-no_15.jpg,notumor,2,Training,train,72c6acac6e7547ab9b9fa58f8e6f4f9fc26b1b8e09f9a5cbc2d4902415f85e20
data/raw/Training/notumor/Tr-no_150.jpg,notumor,2,Training,train,3dcd8366363463939aad20fb3421a4aff7b2539b9ecd7fb3ba6471915caa0b81
data/raw/Training/notumor/Tr-no_151.jpg,notumor,2,Training,train,16d05c87bffe4fdd3313816728a6bcd3dbf3fa69a337a261937bffff184828dc
data/raw/Training/notumor/Tr-no_152.jpg,notumor,2,Training,train,4453e2325932d861c16712a4d73303de901666016822b57ac92067674b39b931
data/raw/Training/notumor/Tr-no_155.jpg,notumor,2,Training,train,2aac1c7e5ebac9dcfab248f7b6a784162e76f9ca17ed823908773efdb8d6a3cc
data/raw/Training/notumor/Tr-no_158.jpg,notumor,2,Training,train,1e9a68698f333ad8cf041620d3b9ecdfccc60154aa5adf215dc047b1ce16a8ef
data/raw/Training/notumor/Tr-no_160.jpg,notumor,2,Training,train,6ba1c1f8fd72214b603ab1b654d8a01b36c4e903226b58190da2f614eb348077
data/raw/Training/notumor/Tr-no_161.jpg,notumor,2,Training,train,e0469797181b80d7dbc8d52ad3bd187ed938065ff6d85a25c73eb8c0d0bae700
data/raw/Training/notumor/Tr-no_162.jpg,notumor,2,Training,train,76fed85a9d67e5a53edc77a0e9bf18c9a7aaf09998e3bebaabdb91797b94eb4a
data/raw/Training/notumor/Tr-no_163.jpg,notumor,2,Training,train,0b879d1073173ba37b4de21ad82442aab2d764115b5400946424d7c645cf37e0
data/raw/Training/notumor/Tr-no_164.jpg,notumor,2,Training,train,c41a3a80c2b79e5aa8ab08f5773bcf1df8e4d75511a50676895cd77f4965a7d7
data/raw/Training/notumor/Tr-no_166.jpg,notumor,2,Training,train,4211925dc3a4fbb8585306ea6e18c7bde166dc4b7da97a8c638a885b48758f97
data/raw/Training/notumor/Tr-no_167.jpg,notumor,2,Training,train,b611e99a6e3bfc6412d3e023e81cc8bf3f987162a8cb602cb718e8dab11da24e
data/raw/Training/notumor/Tr-no_168.jpg,notumor,2,Training,train,8c7a08207a2f8e5bf03ed590b3a482491a6abeb9b233a40604f3422065424112
data/raw/Training/notumor/Tr-no_169.jpg,notumor,2,Training,train,ac995ed4a41ff23f2c8646d83ea024d4e95e14e61fa38ea4edcbc21bea9c3eae
data/raw/Training/notumor/Tr-no_170.jpg,notumor,2,Training,train,01b417ffb3ab8cb28cc4901e22ef7c2c412086743e17550c7a5b0ee0fc4480a7
data/raw/Training/notumor/Tr-no_173.jpg,notumor,2,Training,train,4c6238dc9771a99b1623932047fd64d5eb26d25cc294916c516b85e261c8ab46
data/raw/Training/notumor/Tr-no_174.jpg,notumor,2,Training,train,d9f0d5ef8784abb3ac7cadb3e31a9b1ef4879de8edb20a637d66c49f6c8eb60f
data/raw/Training/notumor/Tr-no_175.jpg,notumor,2,Training,train,da403175d7fad140cfc7f2026fdc171a6a23a10c19cea69b522d3eeb757be19a
data/raw/Training/notumor/Tr-no_176.jpg,notumor,2,Training,train,35eedef6d88044cc5e8e4fcd5cc17cd082618c64f04b98de57f85b85381d2bb6
data/raw/Training/notumor/Tr-no_177.jpg,notumor,2,Training,train,0790454183ebd29490578919e0dc9d91909bd39679b70cd1aba0ba3e5f61e160
data/raw/Training/notumor/Tr-no_179.jpg,notumor,2,Training,train,8b6670d9bdda88176944dd291811f53484fad0f8dbebf7bc0b3b223ded24f56b
data/raw/Training/notumor/Tr-no_18.jpg,notumor,2,Training,train,3780abe010fcbb94ea719d0b01278f42e93c9f838644b4463cc0f57bdebb152b
data/raw/Training/notumor/Tr-no_180.jpg,notumor,2,Training,train,79dfcbe9f00000f326252ce4af92f3d9f1ac0f33bb9a15b07a8b0a72dc65a304
data/raw/Training/notumor/Tr-no_181.jpg,notumor,2,Training,train,cf1bb3ce9b1bce42b22abb07e05990252e6676b210a8e759a728ba0f890c8449
data/raw/Training/notumor/Tr-no_182.jpg,notumor,2,Training,train,19fc54500270852f25cfdded6c115994af103593746b527ab354680697fa31bf
data/raw/Training/notumor/Tr-no_183.jpg,notumor,2,Training,train,114cf48b072d2e1983f7354e1a8505c56cfa64e9a4134ba4775aabe16a061e86
data/raw/Training/notumor/Tr-no_184.jpg,notumor,2,Training,train,549b72eb02e5a44e4d70d73a6bd92f676109522053877267cde4701b8590ea85
data/raw/Training/notumor/Tr-no_185.jpg,notumor,2,Training,train,62f86ef728de770286697faf9abd5572edad39eefd34681d2de24c479182bf42
data/raw/Training/notumor/Tr-no_186.jpg,notumor,2,Training,train,ae40741151cb9f24a6eeec243d07b02dac299ecc33b9232adfb7d6a27589639a
data/raw/Training/notumor/Tr-no_187.jpg,notumor,2,Training,train,c147c084cf14afcea5ea73fb631b934a52626df039f6c43f08f9c17c94c683fa
data/raw/Training/notumor/Tr-no_188.jpg,notumor,2,Training,train,e89b26e1115b48189869aaf3a7d3272fc90268ac400a2b36728cb106d9867858
data/raw/Training/notumor/Tr-no_189.jpg,notumor,2,Training,train,d7b43e8560c0be4667477174fa078bf811a9bda6d92b2cf62f334c783f6e59fe
data/raw/Training/notumor/Tr-no_190.jpg,notumor,2,Training,train,039d0eb6b8493db695929536aa7476f8c472381a7c20de981bfe7e0bdd875a82
data/raw/Training/notumor/Tr-no_191.jpg,notumor,2,Training,train,7087d682b94b0a82180650da2e29a129588f3e6a479fe942783cb5cd99708941
data/raw/Training/notumor/Tr-no_194.jpg,notumor,2,Training,train,280d387f9ef5c5407c3a5618fc7e3a861fed385c6f4c2e11e1ee9b13a7faa102
data/raw/Training/notumor/Tr-no_199.jpg,notumor,2,Training,train,8f4cf973bfd136232b43355b77f880e958cb6f5abd0f4f27bab19519deb794b2
data/raw/Training/notumor/Tr-no_2.jpg,notumor,2,Training,train,e58e2b84af6654a25cac176c521a4f754de589736dc950314b45d88cca37e03c
data/raw/Training/notumor/Tr-no_20.jpg,notumor,2,Training,train,1139856fed19589e9f95b7c059324c88a0e77baed54e8e726d496b2cc84b0c8e
data/raw/Training/notumor/Tr-no_200.jpg,notumor,2,Training,train,9e76a3bb0eee7e347d9c9ffb43350326d3e8eafa266aec9ad54f181cc3c7e8b7
data/raw/Training/notumor/Tr-no_202.jpg,notumor,2,Training,train,ef8c79a52597147b71ba5d0e448c12f65b359f71a3222ba2f255c3205ab2abd4
data/raw/Training/notumor/Tr-no_203.jpg,notumor,2,Training,train,23377addb366a253955df1e43c887b3202da5f23967f0bc20d5c1cdd4a11d3fb
data/raw/Training/notumor/Tr-no_204.jpg,notumor,2,Training,train,a24f870c946a5fc48002c9fee4831c309a5ff3d582090ef4434dcf2ba6402dc8
data/raw/Training/notumor/Tr-no_206.jpg,notumor,2,Training,train,0df4c84f9c3a7e9fab1197ba6b9f31d1be65429c719ee296b7c884b51f2e9c60
data/raw/Training/notumor/Tr-no_207.jpg,notumor,2,Training,train,8a47d6d488d122406a6af786e347f342089b6dc2b763895324f9fedac98b6026
data/raw/Training/notumor/Tr-no_208.jpg,notumor,2,Training,train,509501865fbbd1634e82013e9b06bd397874787e481c89a5b0dcd28d3a44916e
data/raw/Training/notumor/Tr-no_209.jpg,notumor,2,Training,train,19e8748780ca3019a4dbf5e876c2ee31bcfa17d44967ee7ba23211865e271720
data/raw/Training/notumor/Tr-no_21.jpg,notumor,2,Training,train,325eb22cf5cd99f6c571b8df642f96dc5fa1ea1bbeb3962e0eb12066510e1dc4
data/raw/Training/notumor/Tr-no_210.jpg,notumor,2,Training,train,fd8bbea7165cd7d8457e8096e44b73ba4430a8785fc5092f652bbb8e7f685f0b
data/raw/Training/notumor/Tr-no_211.jpg,notumor,2,Training,train,bdadb2ad2c1f7ca91fa84e093ef6be3e684cf03a9f5ebf8c5951bf88fb73dd7f
data/raw/Training/notumor/Tr-no_212.jpg,notumor,2,Training,train,d7f6b0226b66be2882a670cfae36f724f90ac8d10fa478c71d7dad1ac72f2df6
data/raw/Training/notumor/Tr-no_213.jpg,notumor,2,Training,train,ad230bf0aebb24de6ceeb950bb13077474db5226b3944333fe425795012f62ac
data/raw/Training/notumor/Tr-no_214.jpg,notumor,2,Training,train,7259b858528de164f36d6751cdd6f34ef5579aa8a233314c0996accf49be6d34
data/raw/Training/notumor/Tr-no_215.jpg,notumor,2,Training,train,de4262277efb99566dbd4ef736866baf2f04cc511c557ee6037d655b4e3c8d23
data/raw/Training/notumor/Tr-no_216.jpg,notumor,2,Training,train,cf6898c7c0c31dc8d79e1ac3088a0252eda426a767c0a21035c6303b4e20fdb9
data/raw/Training/notumor/Tr-no_22.jpg,notumor,2,Training,train,10546b7ed6867429b6685d4d246dadf04b0f66f900ed197a68bd9f8a29e40ce3
data/raw/Training/notumor/Tr-no_221.jpg,notumor,2,Training,train,ff4b41a44e9389717c3a0932fa35d6dd12170aca96f949c274ea22bad75366cd
data/raw/Training/notumor/Tr-no_222.jpg,notumor,2,Training,train,824f3f6e1bdfb31b1af4990a29c553634e1e3893c53468748c58c53ef2c47c6f
data/raw/Training/notumor/Tr-no_224.jpg,notumor,2,Training,train,20b0c7de1c131e75deff54e8f0c51eef6c48116cdcbf7bb1f47fc7e4c7f07ab1
data/raw/Training/notumor/Tr-no_225.jpg,notumor,2,Training,train,d0bd146ab7484e7c20897f5290b6dcaa44e9f2f2c2f6d78e70247e2ac022df15
data/raw/Training/notumor/Tr-no_226.jpg,notumor,2,Training,train,f37e9a7028f2ae0c6fa644dc51758e111394dcd37a8cd4cea6d60df7f1ac8a15
data/raw/Training/notumor/Tr-no_227.jpg,notumor,2,Training,train,e16f9dc53246a23892b21a1da8af3e0029df02b09c262c4a6b184284abb8e25c
data/raw/Training/notumor/Tr-no_228.jpg,notumor,2,Training,train,202b96508dfe277fccce086140c54e8ba0e048e87ebfb251bf1bb5d3cc11c37c
data/raw/Training/notumor/Tr-no_229.jpg,notumor,2,Training,train,60dabb037e39426bb8b59bd3695f1534f9f81d184c978bb580d562ef8a4052a1
data/raw/Training/notumor/Tr-no_23.jpg,notumor,2,Training,train,caec4c2809ef3f3f943f8fa22cb564d9fb998be43cb0bad27f4895b677ca953b
data/raw/Training/notumor/Tr-no_233.jpg,notumor,2,Training,train,4bad8f733f5502738f467db1919c6daaa64d6101649a1cd949ea55d71b88c869
data/raw/Training/notumor/Tr-no_234.jpg,notumor,2,Training,train,4eb5e748bc65552cad06a39372536dad3d835e34a17b81318a2e0c902947b207
data/raw/Training/notumor/Tr-no_236.jpg,notumor,2,Training,train,05bb8561d5f9e49dcad37ed13eaa6fda5803109d9c2ed02023bb7eb0d0f82095
data/raw/Training/notumor/Tr-no_238.jpg,notumor,2,Training,train,e2e5d743385bb6a351750e284940fd7426834cab19eb5a7152ac39fc729e0234
data/raw/Training/notumor/Tr-no_239.jpg,notumor,2,Training,train,e46f5d85df72f56bc2aa6204f83f8951b5c015ad8cf726ae231f41cee5ab3580
data/raw/Training/notumor/Tr-no_24.jpg,notumor,2,Training,train,86e086bc3b54fedf7ee6ee9a8d464b5fa68857083e71167674b6384b0c53a97b
data/raw/Training/notumor/Tr-no_240.jpg,notumor,2,Training,train,affc1b4d529e3c1f06052e6fe5d27ef659071f0c1b14b4197c6d2c4f30ae93bb
data/raw/Training/notumor/Tr-no_241.jpg,notumor,2,Training,train,402fcfa164480358b2e92c40c9d41a18fbb132dca3a09cebe9a24d26cde2ea87
data/raw/Training/notumor/Tr-no_242.jpg,notumor,2,Training,train,38dfe45378698299ba30251d083745ffd2865c1f320c3227be16f97d0bbe9d26
data/raw/Training/notumor/Tr-no_243.jpg,notumor,2,Training,train,da52822857f624458165dde147c7ea3a92eb42276d8dceb86423ea9ee52211c7
data/raw/Training/notumor/Tr-no_244.jpg,notumor,2,Training,train,7703b9670ac9265886cbf62735e2ff074c1507a654573807d0a8468a54c89dd7
data/raw/Training/notumor/Tr-no_245.jpg,notumor,2,Training,train,036e55d93327e11840607155d2fe93643607756a9bb4532954e86ca7108276f6
data/raw/Training/notumor/Tr-no_246.jpg,notumor,2,Training,train,96d55b46d8270ad1b4aceb9069ba23ce65ec2b1c4a9a9763062729715d0e48a9
data/raw/Training/notumor/Tr-no_248.jpg,notumor,2,Training,train,e3b10e3d4c19e968114817f0cfe382103c689762a89d773de02e1fde8e133d69
data/raw/Training/notumor/Tr-no_249.jpg,notumor,2,Training,train,2fb6e98cd2077f00fb30d374250aec5186ce7ab75f38b16f5e3a906c44756f8a
data/raw/Training/notumor/Tr-no_25.jpg,notumor,2,Training,train,5febfb7cb397b9900f845a025aeadb5a7244a49feffcd9e6af0848c47ddd03b0
data/raw/Training/notumor/Tr-no_250.jpg,notumor,2,Training,train,25c13de1f058a3b2d081828fab9a6589ac1feba9a0c3963e8033115e3b9bc2ee
data/raw/Training/notumor/Tr-no_256.jpg,notumor,2,Training,train,743457a3776a3e16f567e63bfda50f51e5a4f2eeef0f5f7bd8904c0d90387cdb
data/raw/Training/notumor/Tr-no_257.jpg,notumor,2,Training,train,44e3116962be0d0972af84b834d6d0363fd627d31d7fdbd802dbe078a20a2a62
data/raw/Training/notumor/Tr-no_258.jpg,notumor,2,Training,train,2636d6ed84dc4e696bb7a75db106fdc31496baf23f1ce5cc50222d47410894ec
data/raw/Training/notumor/Tr-no_259.jpg,notumor,2,Training,train,3bd47e803ac5f4bc6c0d8821e46960901335fcaff222459a3b118ca508e7ecf2
data/raw/Training/notumor/Tr-no_26.jpg,notumor,2,Training,train,21394c2b24a72a1fd87b246f9e290290417420a5ddfb70810a9209ad6d747c06
data/raw/Training/notumor/Tr-no_260.jpg,notumor,2,Training,train,1afeb2b05c3047a0aadd48adbbdb4cfc4b9a973e441f3513d7798a82c5bc47c3
data/raw/Training/notumor/Tr-no_261.jpg,notumor,2,Training,train,733e77e4b6da2d851bddbf9cf2768c02db39d5fa0f7be61fdbcb9d1e044abb76
data/raw/Training/notumor/Tr-no_262.jpg,notumor,2,Training,train,2878465e9b9bd057896c25ec5841beeaed60fad75475096834a1a57e376044f0
data/raw/Training/notumor/Tr-no_264.jpg,notumor,2,Training,train,b10cac313e55aab0da2c7445d973c89ccb32603fddcbc9b4c4ea14db1f7e9fbc
data/raw/Training/notumor/Tr-no_265.jpg,notumor,2,Training,train,ba77ba859aeb96a0fdc6072a46f2449bd119d5d8df31e20c73968596a9ba5ed9
data/raw/Training/notumor/Tr-no_266.jpg,notumor,2,Training,train,d8239cea80725a8ab8c5e66dda7a6cd08f7834806edbd40efbdbc552f5cd446d
data/raw/Training/notumor/Tr-no_267.jpg,notumor,2,Training,train,1f55f2b11d511fb1cc425db152b7932ad057c3783674512875ea9f4435787902
data/raw/Training/notumor/Tr-no_268.jpg,notumor,2,Training,train,1f070cd9f11e9408ef8f7df770e5f98db3c905f5e7d407100684758b7e323758
data/raw/Training/notumor/Tr-no_269.jpg,notumor,2,Training,train,6b1af9a0b1a46d75fd390ae192911ef530cdb9e2a49fd92566453b87a34310e7
data/raw/Training/notumor/Tr-no_27.jpg,notumor,2,Training,train,b9f2c8cb9d850f58dd0749ffc13035fb6ddbcd8e3b5d84b301d7bfbae68621ac
data/raw/Training/notumor/Tr-no_270.jpg,notumor,2,Training,train,de3ece9dae81af89c99aec5bf08e92b5dcd97a2e266572b1cbf39bf6b067c6c2
data/raw/Training/notumor/Tr-no_271.jpg,notumor,2,Training,train,5ef1200f31d60ff645fdafc6de8912912f603f92527f2a30a220acf0979f3227
data/raw/Training/notumor/Tr-no_272.jpg,notumor,2,Training,train,a9dc1b9d61bdf2bcc9ff786cc211774f8e05a97343c837d6da93fce545e1f09e
data/raw/Training/notumor/Tr-no_274.jpg,notumor,2,Training,train,ef8e5dac4b7b06771a1bcb6a7611fda993600cb15d10847f0378109e4d9c6d40
data/raw/Training/notumor/Tr-no_275.jpg,notumor,2,Training,train,255a288c72a0761a522e99142d6f1a7e820769eebeeae585bf42a733db0e7b7a
data/raw/Training/notumor/Tr-no_276.jpg,notumor,2,Training,train,f51b11bbf066cdb7d4841474e4c4cced014228f6e64586066c35658fd807ab8f
data/raw/Training/notumor/Tr-no_278.jpg,notumor,2,Training,train,b0e9017dfd12e7f886c4e202b2a5fb6b07c889c427d0ddc541b1b3ca214e859d
data/raw/Training/notumor/Tr-no_279.jpg,notumor,2,Training,train,40d7d044791eb899226fee596caea6840e012bd91a2f16b2d241dc405d8b627d
data/raw/Training/notumor/Tr-no_280.jpg,notumor,2,Training,train,64eee5cd2516c265ea888fc3d784e97daed289385a487567e66b2aabacf50555
data/raw/Training/notumor/Tr-no_283.jpg,notumor,2,Training,train,5eed5f4469db6904469afad85b396855108204c53ab85d43614c49a98a5cc2e5
data/raw/Training/notumor/Tr-no_284.jpg,notumor,2,Training,train,7938f228f86ee04ced8832994d1ee6bbd83c1c1c201145899e07df0c21727a20
data/raw/Training/notumor/Tr-no_285.jpg,notumor,2,Training,train,389a371de918ef6f7e1f4088657a2845c37e655c5c2472bfd2238a0c4eb2933e
data/raw/Training/notumor/Tr-no_286.jpg,notumor,2,Training,train,8a9c190999ed224a091cd15fd4f2acc69b6d4f2d3d0cf4cb1802ef9d55e2cf16
data/raw/Training/notumor/Tr-no_287.jpg,notumor,2,Training,train,b3a049210a1a46c61dad530451191928d55038e8a4a6695bcb7d4faaafe74844
data/raw/Training/notumor/Tr-no_288.jpg,notumor,2,Training,train,96eb6967090f99bcc7806d2bf9f194abcd66c9de089a1f642c1939cbc11e727b
data/raw/Training/notumor/Tr-no_289.jpg,notumor,2,Training,train,c5c92e6954eacb5c6f9bba18eacdefb1fdb23cadbf7eef2e6e2e879f32d0a3e4
data/raw/Training/notumor/Tr-no_291.jpg,notumor,2,Training,train,925becfda8733c27027b4c4d6e38ad4ef8c0ba136177dbc9e1f0c54f7065ecfc
data/raw/Training/notumor/Tr-no_293.jpg,notumor,2,Training,train,2db2426323e2d116ddfd79ca17da4f0c3861a527eba11414ce1ffe403b5810bd
data/raw/Training/notumor/Tr-no_295.jpg,notumor,2,Training,train,20fa2b337507b53cfee00ae903eee735e68bb586cb0485dd86e853fa63caa507
data/raw/Training/notumor/Tr-no_296.jpg,notumor,2,Training,train,2d07d5dc31a6f83f8119f83bb45d75666c3b905eafab47609e407daf9951fd4a
data/raw/Training/notumor/Tr-no_297.jpg,notumor,2,Training,train,ca06f964bab906298da01a46237016884198562f55086c0e465f7a9aa23228a0
data/raw/Training/notumor/Tr-no_298.jpg,notumor,2,Training,train,49d44a7fd256a35903b981a4c7fbd2c3adc0f87f24ed0cf34d83a91aa13441b0
data/raw/Training/notumor/Tr-no_299.jpg,notumor,2,Training,train,ef375318c39dd3089fb381021b975d732f5e2107e9c40acfa22a6a8b18fff8b5
data/raw/Training/notumor/Tr-no_3.jpg,notumor,2,Training,train,2f2b8e61cf480af3e41ad5cd553252ddff1774a1e17e25765c1c71582df89bb1
data/raw/Training/notumor/Tr-no_30.jpg,notumor,2,Training,train,6eb81fdade7fe9fd565c5e71c5ae80afdae447935f0ac443ca1d1b9d8cb0909e
data/raw/Training/notumor/Tr-no_302.jpg,notumor,2,Training,train,2ced89e5989f75f70abe892181d5fb9ce00d06b8af4849ad145ec5590ceaef36
data/raw/Training/notumor/Tr-no_303.jpg,notumor,2,Training,train,6b5118bc2c05b7d260c614a5b1f8e15edd4cf7ecf687ebd1b30049df1c3c10b7
data/raw/Training/notumor/Tr-no_304.jpg,notumor,2,Training,train,ee17905768c01705c6abcc330d664f063c5ceada4e3ea6722be796cc9bc9986f
data/raw/Training/notumor/Tr-no_305.jpg,notumor,2,Training,train,2ba3ab8476b3c01442345248264c7e0bad89f502bba98102c438e65c16ac0d73
data/raw/Training/notumor/Tr-no_307.jpg,notumor,2,Training,train,3e28a41d472bdece4726feb35f1831db15769bc4664cd465e635297f8fe7255b
data/raw/Training/notumor/Tr-no_31.jpg,notumor,2,Training,train,457bb992bb7e34fa6aab66824086e47d6751f00578cf6fac23016408b751f6cc
data/raw/Training/notumor/Tr-no_310.jpg,notumor,2,Training,train,926c885270da3d11b12ff99f8e79dc5b09dd36ce5710066fa1ac3661681d2fbe
data/raw/Training/notumor/Tr-no_311.jpg,notumor,2,Training,train,0e5b5a82f0cdfb21eec4ef29b7353f80a4061743d9d3813104bb06331cbe86f4
data/raw/Training/notumor/Tr-no_312.jpg,notumor,2,Training,train,0e6bcc8a7c8583a8bd417665d05121d10dffd044e9eafb5e6236c9873ebeaf10
data/raw/Training/notumor/Tr-no_313.jpg,notumor,2,Training,train,3f9bbd6bcf3ed8d611183024645200a6573970e6c04f9d1cd30e94c98b2bad58
data/raw/Training/notumor/Tr-no_314.jpg,notumor,2,Training,train,781facc8c7496205fa19266d803d315c55fb0e9e250f436433ea6642753c348a
data/raw/Training/notumor/Tr-no_315.jpg,notumor,2,Training,train,e3ea07d69e4b3242a2bc56046a2c9547c6e15d8169d3bdad7d4f8f9baf2a2442
data/raw/Training/notumor/Tr-no_316.jpg,notumor,2,Training,train,982b370105eba2d69c792adbcb7e4c8b5319e6bd5229b64d008dca9af3accf80
data/raw/Training/notumor/Tr-no_317.jpg,notumor,2,Training,train,530f5b22a670f7393d5a75bdcadbc334ae795f089be206fb20cefc44adfe7495
data/raw/Training/notumor/Tr-no_318.jpg,notumor,2,Training,train,34d45fb699f5183b9b859f9bc071e1f23d9b0d3ca77129699c25191c313d22ae
data/raw/Training/notumor/Tr-no_319.jpg,notumor,2,Training,train,658b9dbd6d87170f19ae33bcb2e9d7d211aba7be45c0a5069df271002d125a23
data/raw/Training/notumor/Tr-no_32.jpg,notumor,2,Training,train,a8ec609bf4bca5c827586ea5db4bd5456cf2b6d8a7d5218ccf12ab4526c75057
data/raw/Training/notumor/Tr-no_320.jpg,notumor,2,Training,train,7aa1699982c823d0f2de7f11f0a946404d6aa59903639b6c841322d9ee40f1a0
data/raw/Training/notumor/Tr-no_321.jpg,notumor,2,Training,train,8530b175ac1df0c0a4f09e325732cee2ae63b42d144b702648d8e6fcb47559bb
data/raw/Training/notumor/Tr-no_322.jpg,notumor,2,Training,train,b2b557367e280104aa990ff5b1116471c9a0895e48c6bad01725b8b14c138fb2
data/raw/Training/notumor/Tr-no_323.jpg,notumor,2,Training,train,06a189deb65b1306c4bf2988d252c0e2b6c243292b825989d4c057c85cda06c9
data/raw/Training/notumor/Tr-no_324.jpg,notumor,2,Training,train,b822c242fa5306ff05e75ec790644fd975c95712638e1da8186643224b53c112
data/raw/Training/notumor/Tr-no_325.jpg,notumor,2,Training,train,c3f2d52e1a996bea716774c0051492202d3bdf76fdb53f9ade2b5c6289a6cb36
data/raw/Training/notumor/Tr-no_327.jpg,notumor,2,Training,train,b91fea611b8064eb12f0682b4c1f24d6b16fb0a536b8c3f5c059a2c156a82294
data/raw/Training/notumor/Tr-no_328.jpg,notumor,2,Training,train,40031cf5c3f55c8b2f98051be7485b940a455738b7b07233433ea2b15072cda2
data/raw/Training/notumor/Tr-no_33.jpg,notumor,2,Training,train,0b2f96b2f4cd073d6d99dfd31d0c2d32130063e106cbac9d271090b229e6fb18
data/raw/Training/notumor/Tr-no_331.jpg,notumor,2,Training,train,5f5390a3d81bdc854e5e498bfff76886d22c09112eeb2399b83faae4d70442e3
data/raw/Training/notumor/Tr-no_332.jpg,notumor,2,Training,train,cadc69402b71fdafac567216ada1281c48858cc5bde7b3b941fdf9c6bca09202
data/raw/Training/notumor/Tr-no_333.jpg,notumor,2,Training,train,0d03b683c130b56f02af618fdc28d4063393f976f7e17d1fb87c0d4780614bdb
data/raw/Training/notumor/Tr-no_334.jpg,notumor,2,Training,train,e068f498bea26909af4a8a27973cbcf12680252b353288f2f17f92e6bea663a8
data/raw/Training/notumor/Tr-no_335.jpg,notumor,2,Training,train,97ef878aecbeb25dfc63bf5b3c3efe9c6aba103b461471294b1b019ebb1aedb3
data/raw/Training/notumor/Tr-no_336.jpg,notumor,2,Training,train,94309411fb2cbd21f34fcceb3d458e987f0b38207b282efa7a190fd2aaefecd7
data/raw/Training/notumor/Tr-no_337.jpg,notumor,2,Training,train,1c8c8783a6f563b0dbcd65ec42b1f7dda4d87822f9c397762fa62f3e2e447976
data/raw/Training/notumor/Tr-no_338.jpg,notumor,2,Training,train,440b5229fa098b3b180aae3a1c6a2bc4362c46e0f80261e4546713d699779833
data/raw/Training/notumor/Tr-no_339.jpg,notumor,2,Training,train,0da2d14203ca846b6299fc07a0f42a3918afb25fbffeb573f491036b4d6f628e
data/raw/Training/notumor/Tr-no_34.jpg,notumor,2,Training,train,9251febacd510bc6ab8fdebb28ac58c8db217df4d5e8af285a99547b2d3b8584
data/raw/Training/notumor/Tr-no_340.jpg,notumor,2,Training,train,c2f84e30b7b642dfeb812ec6fdd5d4e6117893bc6ed0234373233171ea45e199
data/raw/Training/notumor/Tr-no_342.jpg,notumor,2,Training,train,0e2534dd9fd55be6da171440c493e8199b098b4cbf1fdd2d994da59fb10a9a78
data/raw/Training/notumor/Tr-no_343.jpg,notumor,2,Training,train,4899e88fcfb9cbc13d3b4bc9528a1bcad65d42500b08a83f2de83e9dc8337b13
data/raw/Training/notumor/Tr-no_344.jpg,notumor,2,Training,train,1fe1db4adc37442001e9e054e3a990efa31b7db7cdb0a3d2711afbf346f9094b
data/raw/Training/notumor/Tr-no_345.jpg,notumor,2,Training,train,af948c540f97b2a6cddb7540be0239c29db8f489cab0c92a12181db74f51d235
data/raw/Training/notumor/Tr-no_346.jpg,notumor,2,Training,train,fd392bbd9dcdf2b793db3a1c5b04b3b336949388258bcf34f8b5ab5a6f8edfbb
data/raw/Training/notumor/Tr-no_347.jpg,notumor,2,Training,train,3b098b0d2bee33d7fc3864ad7367a71538983f2b06eb83a23d72fa49a7ff5d3c
data/raw/Training/notumor/Tr-no_348.jpg,notumor,2,Training,train,464c99ab64b0cce69e6d36ae06e0cdeda7ed06b3b0516f6715c8e1e083ca0c9b
data/raw/Training/notumor/Tr-no_349.jpg,notumor,2,Training,train,3e66ecd9f2d07394ea13b8f2ce9212677a14aea1066e13a1445b00cbc59b998e
data/raw/Training/notumor/Tr-no_35.jpg,notumor,2,Training,train,5933c7d02ae930f37d29bbe67bff5dd2890344a5c839c03ce3281a428a9c514d
data/raw/Training/notumor/Tr-no_350.jpg,notumor,2,Training,train,e4e59af6b70fdfd510384b898b121aa9207ffa90015edda999942594c82658e8
data/raw/Training/notumor/Tr-no_351.jpg,notumor,2,Training,train,dd22398acb3c70e63a2cb63bebedc242177d84866a703622ff572dc1de831711
data/raw/Training/notumor/Tr-no_352.jpg,notumor,2,Training,train,ed3d377bbe7b539af48204acad6a3c6089978f523bb8e4934e9dc367f95ab8ab
data/raw/Training/notumor/Tr-no_353.jpg,notumor,2,Training,train,1e497ddc88e70fb61070941f96497f06778d4919c2ef53075861d6d6013c5856
data/raw/Training/notumor/Tr-no_354.jpg,notumor,2,Training,train,07e6abf4d51558064e38530dc57423f8a0ec8abf105cd0d1eae58a66aae3246f
data/raw/Training/notumor/Tr-no_356.jpg,notumor,2,Training,train,4c2c103442bacc20c289e01799a028f732816b392a316671549e21810560ac30
data/raw/Training/notumor/Tr-no_359.jpg,notumor,2,Training,train,514b6829e781e899a0b50be4a22cc34b2f3f46b5627c67dbcdaad67ac83e6af3
data/raw/Training/notumor/Tr-no_36.jpg,notumor,2,Training,train,a28f2397c962d7e4207c9239404af0ae174a5e5ef4045ad85e929ad58f721bf8
data/raw/Training/notumor/Tr-no_360.jpg,notumor,2,Training,train,b57e5fb0713ee26e10a86db0ca4bd1a5ebfd6875202d4e81af0f10c5525bc01c
data/raw/Training/notumor/Tr-no_361.jpg,notumor,2,Training,train,06bd8d4416302dd9ff6db20ab8a2e21b9940587ededa62dd73290f488b98915d
data/raw/Training/notumor/Tr-no_362.jpg,notumor,2,Training,train,77ed920e1688b867cf62bed46e5bcafb5d16d7a04f869cef88bce986d262ca6d
data/raw/Training/notumor/Tr-no_363.jpg,notumor,2,Training,train,098a2c1bd3db7c38f1e03283a9fc8948dc31a497f163dc78a6e47037d59b0999
data/raw/Training/notumor/Tr-no_364.jpg,notumor,2,Training,train,a0403fae82625981833d0e4727deec2d6109244f740dd56ddc8b87bda3c7fa6c
data/raw/Training/notumor/Tr-no_365.jpg,notumor,2,Training,train,45f94977b8dcdda3912f51dd1f12e6d58ad625545d37ce1771ac3b3fdd155c81
data/raw/Training/notumor/Tr-no_366.jpg,notumor,2,Training,train,6b47a02dcff598db0a13519a4bbd5998fcb749c409338cfaec145b86a10aa4bd
data/raw/Training/notumor/Tr-no_367.jpg,notumor,2,Training,train,aa56085d96a183736b9b934fe058814cce8486e6e56f7b99ed00f1a20e83ba3c
data/raw/Training/notumor/Tr-no_368.jpg,notumor,2,Training,train,910fb825186027431acdc9664e9afb2ddbea0736c3be1214c9c2d2d3f9316c56
data/raw/Training/notumor/Tr-no_369.jpg,notumor,2,Training,train,8de36f55e8e7f663a6f422607541e77cec76b367718c8dfe82164c8f46d1d3a6
data/raw/Training/notumor/Tr-no_37.jpg,notumor,2,Training,train,f8023e2a47e97478a24ab4374a6f1d27d5f3a9a98c8752e796887f32a5e5b66e
data/raw/Training/notumor/Tr-no_370.jpg,notumor,2,Training,train,5da649b1d62a1b0bf29d93a6ecf9d28b0706e6c2e8c360c04f3a0f8b8ef01257
data/raw/Training/notumor/Tr-no_373.jpg,notumor,2,Training,train,3ddeea6a885fe0abe47b3ae14f4694a85e7b4a5cc2b43cb5407288ffc585a62c
data/raw/Training/notumor/Tr-no_374.jpg,notumor,2,Training,train,91a564e72b7cd02bfd3d14592d0ac4ad84ee2b8e44bc5c1479f269e2f1ef0acd
data/raw/Training/notumor/Tr-no_375.jpg,notumor,2,Training,train,cca6c02571d544a64a480fb01cb9d45a2b5d0211e201f929844745afa10d658a
data/raw/Training/notumor/Tr-no_378.jpg,notumor,2,Training,train,ff1f0ec772796998808d4b171e4842e0995da59c23ba54f803c3508f14c73a1e
data/raw/Training/notumor/Tr-no_379.jpg,notumor,2,Training,train,fa1705893cc95e676c894d4787a059491d886ccffa85f384ae878d3d580c18f1
data/raw/Training/notumor/Tr-no_38.jpg,notumor,2,Training,train,b2a572940217fc26afbe353dd1f45888244092f04144d6079f363922fc454604
data/raw/Training/notumor/Tr-no_382.jpg,notumor,2,Training,train,c48e0a107f985bec88dd81d6f27432ad61539aa516c4396a71fe9e55cdce351d
data/raw/Training/notumor/Tr-no_383.jpg,notumor,2,Training,train,2c0036409ce103a8668735db595e18d01fbd821ca66e8ef43c77d6a4add544de
data/raw/Training/notumor/Tr-no_384.jpg,notumor,2,Training,train,8570d5134cffb9b72564702663cae2968a0d3bea506ac083db9f8ca46f992026
data/raw/Training/notumor/Tr-no_385.jpg,notumor,2,Training,train,893cca9d9dd93b1ec90d8b2b6e4ec17638153c4603c32e8b304bfc05aa8a42bc
data/raw/Training/notumor/Tr-no_386.jpg,notumor,2,Training,train,008621858a0f998debf392faccc3b430b2971ec9ff7f8108391b22f35f787d16
data/raw/Training/notumor/Tr-no_388.jpg,notumor,2,Training,train,b7217d07fe4b60f472aaeee4b36e8429d4a1685bbb9fd13c1d471835326e801d
data/raw/Training/notumor/Tr-no_39.jpg,notumor,2,Training,train,7fb3ddbb14d06fc17f27a24c124031463b8a5d410877d272495a460de1c5b841
data/raw/Training/notumor/Tr-no_390.jpg,notumor,2,Training,train,29504dbbe42208cd4a37cf150c088b005656454befe4015caa1a94c2b2d7c0eb
data/raw/Training/notumor/Tr-no_391.jpg,notumor,2,Training,train,193b1ca0bd3352e41e46d90ae247d0c706e61579889e814403de1c091bfe9bf1
data/raw/Training/notumor/Tr-no_392.jpg,notumor,2,Training,train,6928bf994e8305a34bdc832e7df31b94c75b1d30418fbb6c503703b11f1259a9
data/raw/Training/notumor/Tr-no_393.jpg,notumor,2,Training,train,4be242d24f503e383f7631090a7de2df84f1805570a9a146ddd9f5942d6fdc64
data/raw/Training/notumor/Tr-no_394.jpg,notumor,2,Training,train,89663f18a09d693ce01dc05b0b28254082efff91761d64448f4cb86a009268bc
data/raw/Training/notumor/Tr-no_396.jpg,notumor,2,Training,train,2bd550d2ddfec59aa815aedfad99541a90e7bdf7d78fe88fe739cfb5ad4fe3b5
data/raw/Training/notumor/Tr-no_397.jpg,notumor,2,Training,train,623dcb15881354e71f51e6584b0bbe479265c52ae627261301d9f2bb9386ec73
data/raw/Training/notumor/Tr-no_398.jpg,notumor,2,Training,train,d5cd4bb740e0745035d1d702d7e75fb1053386f06d8d08955f97b4f7b4568f3f
data/raw/Training/notumor/Tr-no_4.jpg,notumor,2,Training,train,7c0124081a4ec0c5a2df2f72738fa5bb4ea5658f7d3454215225bab2d550030a
data/raw/Training/notumor/Tr-no_40.jpg,notumor,2,Training,train,a8bf58f1fee6cc15adfbbbbe78513606502269b917a52dfe0991621ad5ba401c
data/raw/Training/notumor/Tr-no_401.jpg,notumor,2,Training,train,fbc22e6422e4080e0cc43f4183359d813487f41df1b5fdf7c68e463c5951c7a7
data/raw/Training/notumor/Tr-no_402.jpg,notumor,2,Training,train,bc802bac8ff69922680339822c1e173b9c28ad6979a1a648a314a4592ae828af
data/raw/Training/notumor/Tr-no_403.jpg,notumor,2,Training,train,717e52b12db9e89261fc353e2a86313e73c1fc9df5e6f503bbc8586d93a63283
data/raw/Training/notumor/Tr-no_404.jpg,notumor,2,Training,train,c021a736b725b0269c03f235df99c88ee35431a429d519c4445d8ea34ab2948c
data/raw/Training/notumor/Tr-no_405.jpg,notumor,2,Training,train,1a5c86bf6d8cc8e34ba31a382066684192e7924ec2d547598c782457dbf034c3
data/raw/Training/notumor/Tr-no_406.jpg,notumor,2,Training,train,57e19ee1d04c819eee04405b306af18fea897e93d6795984e32138f7b215c3a3
data/raw/Training/notumor/Tr-no_408.jpg,notumor,2,Training,train,6e643c3263775b4637ad4e11620277c6ac65dcf63996826f76cac2dac5d8afdc
data/raw/Training/notumor/Tr-no_409.jpg,notumor,2,Training,train,0c4a4a499be2d6e2bdaf587a6b722d014c0675ed9999f571d829ad72d0724439
data/raw/Training/notumor/Tr-no_41.jpg,notumor,2,Training,train,5a785594650c8103b9c089d0b1cf9c2b7fcbb4a140f2d39c9ee1c3f4152f1421
data/raw/Training/notumor/Tr-no_413.jpg,notumor,2,Training,train,59b4ee83e5a97d77ddb3ea2c1036f578bc8fa9dd0b0e9896a346b74b7d511ad7
data/raw/Training/notumor/Tr-no_414.jpg,notumor,2,Training,train,9825288ca0ecdd46bb9b40ee15bfc5e27360ad86667442abd2e55972661ed8a1
data/raw/Training/notumor/Tr-no_415.jpg,notumor,2,Training,train,f5c726bbddf4d79e8bb409819967264cd5b591e23f83d1ec78e3c847febda891
data/raw/Training/notumor/Tr-no_416.jpg,notumor,2,Training,train,c6d35e130bc719af5e19824979ce640e835635fc495a7383435df8b9aa16b023
data/raw/Training/notumor/Tr-no_417.jpg,notumor,2,Training,train,072da5148018c213f2280b09a2ca903e5225df9e156a4d4abbb8af43b004e855
data/raw/Training/notumor/Tr-no_419.jpg,notumor,2,Training,train,d8fa920cea8bccd0a81a0a185bdd422c950b4e47da68f829c1a54946f9fe59e7
data/raw/Training/notumor/Tr-no_421.jpg,notumor,2,Training,train,5f51fecec97f1264f4cb6a9f7d0d847f17e49033ec034b11d2cc5c8b79ba6519
data/raw/Training/notumor/Tr-no_422.jpg,notumor,2,Training,train,9b2226c0b9f8ab1cd59851d6269133488b41238e95b06debbe305b4d1eeb7260
data/raw/Training/notumor/Tr-no_423.jpg,notumor,2,Training,train,da9ef6cef60bdcf63e1cb2c07ebe5bfb5a1c08c74dadf280915d55d7c3e36d9a
data/raw/Training/notumor/Tr-no_424.jpg,notumor,2,Training,train,29ccdffcab86e68a3c02fa995b2d9702a8726a3897722e059155618a39be6612
data/raw/Training/notumor/Tr-no_425.jpg,notumor,2,Training,train,7a5a26a0032039fc8f9ee00aba86460ae5a65edf95e3febadb9bea5baf5b5e31
data/raw/Training/notumor/Tr-no_426.jpg,notumor,2,Training,train,02667d11592caf7f0a97294e11bbb0283a413e95e4ed91df38475a321c7fc601
data/raw/Training/notumor/Tr-no_427.jpg,notumor,2,Training,train,cfb54c92b70a8fcad9e044176aa34896ad9accd8dcdbf75aaea06beda5bcf409
data/raw/Training/notumor/Tr-no_428.jpg,notumor,2,Training,train,75fc5ddbe818ca8cb36cdf4aea83dba0f038a49c761e356c1e968c4ecd17774e
data/raw/Training/notumor/Tr-no_43.jpg,notumor,2,Training,train,4984bb79a4b6f8bbe65f017c74fd7c1dce3f24d94cc9d33f92e22b441a0866ca
data/raw/Training/notumor/Tr-no_431.jpg,notumor,2,Training,train,6a3a0cec7ffa86b5e0e3170d728c367031a478ba92c1af75eeabc1deec3e7722
data/raw/Training/notumor/Tr-no_432.jpg,notumor,2,Training,train,14ac2596baca8b83eadd347035b83d8e49507353477c1b5db527a036178876d1
data/raw/Training/notumor/Tr-no_433.jpg,notumor,2,Training,train,fb32f456cca40bf1867369a4abcae84ff15d634bc56637a568d09449114f95ae
data/raw/Training/notumor/Tr-no_434.jpg,notumor,2,Training,train,6d3b34cc13e0db97ae6c7cc41a99d99e2142e4e30ff167afc2c209e8c9cec216
data/raw/Training/notumor/Tr-no_437.jpg,notumor,2,Training,train,094d704894ade3c741e4468742b44b7e404cb3896f3735a3dce775b2ed2f1a51
data/raw/Training/notumor/Tr-no_438.jpg,notumor,2,Training,train,5d77ea8169be6d8ec11abfd8ab5cce778309f60571069554a7a1dddda0f6586f
data/raw/Training/notumor/Tr-no_439.jpg,notumor,2,Training,train,2efebb3666e534338df87352b667c5a31ce913fe877960f9daf662bf0ff2f935
data/raw/Training/notumor/Tr-no_440.jpg,notumor,2,Training,train,29bcc1f60d3f8c79fa3b19fc5de3a888957e0d834630ee95a519c17d35b056a8
data/raw/Training/notumor/Tr-no_441.jpg,notumor,2,Training,train,d65b09e2ad414b8c2489207954eaf7887b054f6640ce8d03ad3d83bbdbaa3304
data/raw/Training/notumor/Tr-no_442.jpg,notumor,2,Training,train,4b0d57d86e8f5a1db58c18b2af1eb41aa7102cb1f3744ff13747465ba458852c
data/raw/Training/notumor/Tr-no_443.jpg,notumor,2,Training,train,7b48cc47c3fe1e92857bb93ca2ee73802c61ad8325b0e0be83bcdb85a8dc0719
data/raw/Training/notumor/Tr-no_444.jpg,notumor,2,Training,train,96c0b12ceaca65c8647e28dd45d269f3c320b99784bad067ebaf03f1c264a11d
data/raw/Training/notumor/Tr-no_445.jpg,notumor,2,Training,train,989159596f076ad1884731aa32f6dd88f5f9acacdfbfc3531c07c9102ed56550
data/raw/Training/notumor/Tr-no_446.jpg,notumor,2,Training,train,465860197b4ccc00fe717b90731d81699bcfd15f2e6d3768fd201ea34ae7910d
data/raw/Training/notumor/Tr-no_447.jpg,notumor,2,Training,train,ac76ca3b933520e9519c3fa096e38e281e467ae4bda0412daa34cb966954ff68
data/raw/Training/notumor/Tr-no_450.jpg,notumor,2,Training,train,c39002f0707b330af0043db8c58aed85b4b13dd79da7f442a444d496a832d1c9
data/raw/Training/notumor/Tr-no_452.jpg,notumor,2,Training,train,d2bcef19c77e53fd723fb69d3bf34f22b9cc2a6538d8b91f8d82bc6084785ae2
data/raw/Training/notumor/Tr-no_453.jpg,notumor,2,Training,train,1078c732eff6883e3db6c562b5b50dfb68ba9a74b6ea49ca9595e12fe53b54c4
data/raw/Training/notumor/Tr-no_456.jpg,notumor,2,Training,train,8a45b787f89d6dd6accedda6d9399445ae04a0fdbcfe00cc97d6a6c1217fdd3c
data/raw/Training/notumor/Tr-no_458.jpg,notumor,2,Training,train,098eadaf0e35aef92003ca4352795e7156a19f303b9516cb371efda69eece18d
data/raw/Training/notumor/Tr-no_459.jpg,notumor,2,Training,train,aaee2db8eadec5cb7381b35d0ee81ec4347702748cad50db6bb91e695a2a85c8
data/raw/Training/notumor/Tr-no_46.jpg,notumor,2,Training,train,ec6b7f977398cbd6e50c45a93032026314cef1d4414bc719f6c4e5146f313fac
data/raw/Training/notumor/Tr-no_460.jpg,notumor,2,Training,train,85c49c178011e38b128c46b38054f9e8d31a793ea56764be0e07a0a0bbf1124a
data/raw/Training/notumor/Tr-no_461.jpg,notumor,2,Training,train,31aad1489b3f69b2aef9cf221803169dae32403984e8d0a9bda328362c833285
data/raw/Training/notumor/Tr-no_462.jpg,notumor,2,Training,train,72acc74eeb207d915e2a252dcecf6ba2302eec74946776027e095f1f20ce9955
data/raw/Training/notumor/Tr-no_464.jpg,notumor,2,Training,train,c3da82d44359f4a1507b3e235886d2e0e555d0d31fb27a32bb20e6937d401dfc
data/raw/Training/notumor/Tr-no_465.jpg,notumor,2,Training,train,0bc12dee429a9969519f71d07aea7accee2a5ff0bc4ef8871d1d0ffc22393c2f
data/raw/Training/notumor/Tr-no_466.jpg,notumor,2,Training,train,691bed662072caf352e875dd8e476b4a0cb425599d0c94b0a93d791c344f62f0
data/raw/Training/notumor/Tr-no_467.jpg,notumor,2,Training,train,f4950bd9cb329adc2478c9bed9f3bf9e041f3f845e39b209f79d052d07114119
data/raw/Training/notumor/Tr-no_468.jpg,notumor,2,Training,train,a03a70e8f62edf2dd3e60adf6f1c193075ee0c0b8ddef1e16151cd27e0c23746
data/raw/Training/notumor/Tr-no_469.jpg,notumor,2,Training,train,b1baea653235312bb0772cce442121b75030b839ce123dd830e264af4f54f59c
data/raw/Training/notumor/Tr-no_47.jpg,notumor,2,Training,train,29640e5630fc34bacfcabe9e4669020c44be5f2223d93432b4b89df1077126bd
data/raw/Training/notumor/Tr-no_470.jpg,notumor,2,Training,train,02c2f0e942534a18965e8bf30f8d17df35b265d5587e8c920d8faed6032e537b
data/raw/Training/notumor/Tr-no_471.jpg,notumor,2,Training,train,e6a61061ea6a377caa69d01232e7a4e194e3e24d36c76bfd98efaaee398b4e32
data/raw/Training/notumor/Tr-no_474.jpg,notumor,2,Training,train,79d7586597473b154fa184970a2b90b41dc65e931356111c1a57620cc0ebccb4
data/raw/Training/notumor/Tr-no_476.jpg,notumor,2,Training,train,9fad6d5f45ef9a1342e0a6bef1a6dae547f2f20115fc800dd1c88f88bf06df01
data/raw/Training/notumor/Tr-no_477.jpg,notumor,2,Training,train,3aba3fb7333c274490ed972905597b9be21c9413803816f4e0d7db2886d8544f
data/raw/Training/notumor/Tr-no_478.jpg,notumor,2,Training,train,c2e016e1965c1274f6ba351bebb97aadea6844a6f1a4fc2af96974eaa75faf15
data/raw/Training/notumor/Tr-no_480.jpg,notumor,2,Training,train,42a3e40414c55e0c9ad1b9e091d33f5808d2e43d63fccc673778779975825ae5
data/raw/Training/notumor/Tr-no_482.jpg,notumor,2,Training,train,868d144dc615a0032a80283be8b2c5488fcfb30c2f186f2fbf74c84c606a050b
data/raw/Training/notumor/Tr-no_483.jpg,notumor,2,Training,train,4e040abc6e5b98c41c6d16a3e15e83865f8329a87264ae7557f68192d22d3f48
data/raw/Training/notumor/Tr-no_484.jpg,notumor,2,Training,train,3ae2cd1eec94301333185534de908d22349d0e0613375864553015757823294f
data/raw/Training/notumor/Tr-no_485.jpg,notumor,2,Training,train,06c0e51c24274c29260fc2918eb708cc7abf60c3da05817ff502766f95022d8e
data/raw/Training/notumor/Tr-no_486.jpg,notumor,2,Training,train,d62ef020a79e42be55f4a6977457753c11364c69c1a842aab749f45b910a348f
data/raw/Training/notumor/Tr-no_487.jpg,notumor,2,Training,train,e834d68ccf89fc7d5f8a93f0718fb614dd3591102ee4ed5c5d851ac43dbd9e1c
data/raw/Training/notumor/Tr-no_488.jpg,notumor,2,Training,train,aab9ec9463f3e8f60063d37cad6b04ed800571f074ae8e4dbab728e935bc98b5
data/raw/Training/notumor/Tr-no_489.jpg,notumor,2,Training,train,e69ab02cc85462e6194a6931db2759b14dd1298d708e1f854662d9b85c652397
data/raw/Training/notumor/Tr-no_49.jpg,notumor,2,Training,train,9d1829deb868b91a15dae8b8e5793ff516d6a5529b606adcfc6c3710b3ce3e74
data/raw/Training/notumor/Tr-no_493.jpg,notumor,2,Training,train,29f5011764730ed401f04b4978195c0b9fcedb005c3408f89a7586259cb1b675
data/raw/Training/notumor/Tr-no_495.jpg,notumor,2,Training,train,c38c368116fc00a41aa598c97a4a6d3d89ec8e52a63a8d55ecf74c1dc05f1cfe
data/raw/Training/notumor/Tr-no_496.jpg,notumor,2,Training,train,2bdd9c278299844c94695001aafd25afe43078f38d8b4368e8256e270ab2fadd
data/raw/Training/notumor/Tr-no_497.jpg,notumor,2,Training,train,c318738441125eabe7c3a6b2e3da11c6962416f340001b646d453f891668fd50
data/raw/Training/notumor/Tr-no_498.jpg,notumor,2,Training,train,e8a0c918da9bad8a26e2e5ac950a03dc2711eb7454741a89ddc4272fc22ea9e3
data/raw/Training/notumor/Tr-no_499.jpg,notumor,2,Training,train,41efe60c9486d5c559d6ede0449c1da09b12bfbf8241ba4f28c60f82634cfe04
data/raw/Training/notumor/Tr-no_50.jpg,notumor,2,Training,train,255308e8a1783223ff317744c2ea14fb8157fc90d93e520c308377246986f7ae
data/raw/Training/notumor/Tr-no_501.jpg,notumor,2,Training,train,e229f5c11b2985e90bc93a180f67344eb8b8a6230e1ff0a48ff74c3277770869
data/raw/Training/notumor/Tr-no_502.jpg,notumor,2,Training,train,6288f6902aa4859c9e38bd5e8189ae591d8465a20e576fe0af11c384ed41ce99
data/raw/Training/notumor/Tr-no_504.jpg,notumor,2,Training,train,fd1cdad6cbf8fa8dc2f67f5bf931313042ab22e0246488d120a7d51a760e8875
data/raw/Training/notumor/Tr-no_505.jpg,notumor,2,Training,train,e7a0d82b59709a4d7c2a3570633b0e4888211a328cddb7d1497760ae14d3cbdd
data/raw/Training/notumor/Tr-no_506.jpg,notumor,2,Training,train,a3aeeb190902985d3583c8b9751cce3a4bc224ed01ed8797dddf920b3035f48f
data/raw/Training/notumor/Tr-no_507.jpg,notumor,2,Training,train,0fb7581d2b443234f4c4b8e736cd758a19c11dab42ac0ee5d7aee8518456f7d7
data/raw/Training/notumor/Tr-no_51.jpg,notumor,2,Training,train,50126bf62fc02a8d2a73941ea1cddc7f01510852e01e61a6da2e7fe89e08865e
data/raw/Training/notumor/Tr-no_510.jpg,notumor,2,Training,train,a55539d13d137f43a7af01f6ad97a8a88b4e495fbe9d0a5803611c908b03f5a2
data/raw/Training/notumor/Tr-no_512.jpg,notumor,2,Training,train,06ea0c3b099ba4048faddf7220a226347dc69df955571500a46151b10b4ffb8d
data/raw/Training/notumor/Tr-no_513.jpg,notumor,2,Training,train,a6610fccc8e426e55937d6b8f887813791be179c8b5d2f64d8d9133430d2e988
data/raw/Training/notumor/Tr-no_514.jpg,notumor,2,Training,train,393c84a6a4f222c4f9276ed9b2ec5b0bfeadce0b573037fcafd072943938b131
data/raw/Training/notumor/Tr-no_517.jpg,notumor,2,Training,train,bea200d27010c2b30d2c813ffef8686efd02924314cba7d72b9dcb333c8a59f8
data/raw/Training/notumor/Tr-no_518.jpg,notumor,2,Training,train,7adb02dafa127d16b635a76df10314f68ded12fa7a20457e4d666d2873a2130f
data/raw/Training/notumor/Tr-no_519.jpg,notumor,2,Training,train,eed488f2e399ac4a011a52b70eff0a73837f1f2b8ef02297841792ba819420bc
data/raw/Training/notumor/Tr-no_52.jpg,notumor,2,Training,train,1672cc111ae4b8ef3c5b78264f8045177a3a5e9037d8eebed8edcd9a3fbc468b
data/raw/Training/notumor/Tr-no_520.jpg,notumor,2,Training,train,08c04f3659f54e170fe84f98a8ed10a235809251d6ba7c5372f08c90421ce51e
data/raw/Training/notumor/Tr-no_521.jpg,notumor,2,Training,train,216effa15cdd3f403ec9c5423d503cb8081c11123e02952b2068fe80b68eef4d
data/raw/Training/notumor/Tr-no_522.jpg,notumor,2,Training,train,94721a1b47a80cb0533acdbac52f92ad7614d4685284b74b2a96914b038947a9
data/raw/Training/notumor/Tr-no_523.jpg,notumor,2,Training,train,e02cfe85ef7294491fed9eecce00758829656f50d7b73ebef150ee2551770de6
data/raw/Training/notumor/Tr-no_524.jpg,notumor,2,Training,train,6296fc94ca1dba543a77ac0312ae4eda86053a44d81a9151e77e1e6b90bd91d3
data/raw/Training/notumor/Tr-no_525.jpg,notumor,2,Training,train,c89bab9606c9dd094eea949e80079eab03aba3936d3ff080ba766c06d8793030
data/raw/Training/notumor/Tr-no_526.jpg,notumor,2,Training,train,d40d92532a039b9826ad4e94e3b6606944ba11b1fae6b257ae56dd9ccd026348
data/raw/Training/notumor/Tr-no_527.jpg,notumor,2,Training,train,b6a7fd10c633061dd2173bf5a2d95054361dfa038b31aef7a132b03ceeefa96c
data/raw/Training/notumor/Tr-no_528.jpg,notumor,2,Training,train,576168c376f79a02a66ff6f3db8afcf0db303f5764c404ed0dbbb1cef4ef5942
data/raw/Training/notumor/Tr-no_529.jpg,notumor,2,Training,train,1c2d997d9cd3b3168e84b8ffcd041e8e1ab826ba77f8bca07b88d0e5ec684334
data/raw/Training/notumor/Tr-no_53.jpg,notumor,2,Training,train,03b62d5927d31725332f245f09cd57a5c8fb8008dc87c1a26ee2af3b552c1016
data/raw/Training/notumor/Tr-no_531.jpg,notumor,2,Training,train,0972f881fe5364a42f7df59998e80bb8d2b2e9f4dd93009ee23c3ba254c3746f
data/raw/Training/notumor/Tr-no_532.jpg,notumor,2,Training,train,d3157a777c3f532d6ffa4885c4e0901957555ce124a86e6484fe94c059479b64
data/raw/Training/notumor/Tr-no_534.jpg,notumor,2,Training,train,dd8db43b9ad7e23ff49ec7c8390fe4982cd1138a73f76af0f655b2568915f789
data/raw/Training/notumor/Tr-no_535.jpg,notumor,2,Training,train,30158c95efde792422007066f9e8662662e167f8817e2707ef9989d6c5580c68
data/raw/Training/notumor/Tr-no_537.jpg,notumor,2,Training,train,c4c847d6e586faffcadf669ff0a9a608542741edc3a387040c059df1bb7052bb
data/raw/Training/notumor/Tr-no_538.jpg,notumor,2,Training,train,5cf2ebb7d8f93d7919b38b2e52a8d08a8843fbc3a019e10dda1e5fd24d2b6c9f
data/raw/Training/notumor/Tr-no_539.jpg,notumor,2,Training,train,39c0884fa9dfa4bf3e2464f41480e240ad7db4eded8a5b1ced54c772956746e1
data/raw/Training/notumor/Tr-no_54.jpg,notumor,2,Training,train,f70a80aea49fb68fdb3068eb134dda5bf5d4cea9075947e2c7e020e9d4adbad4
data/raw/Training/notumor/Tr-no_540.jpg,notumor,2,Training,train,79b6fe05b46ee2a734c4da64cd109bc508bfd1b76f46e9c496dbb406f86139f9
data/raw/Training/notumor/Tr-no_541.jpg,notumor,2,Training,train,3ac497cd50c9eaad9f041c265de1853913cbd1565427d5f382c3d970fdd168e1
data/raw/Training/notumor/Tr-no_542.jpg,notumor,2,Training,train,7e308c9faa01baad5dc88c06fb783a950f400d15cca5b1e38457e88ee86f8d70
data/raw/Training/notumor/Tr-no_543.jpg,notumor,2,Training,train,040daff6e5eb6eaa70b0f175576954db75ab0f754d1877736f019dccac1a2bd2
data/raw/Training/notumor/Tr-no_544.jpg,notumor,2,Training,train,297b8b49c86eb127f38704062c6efb288ba28cc2a3209a267a9e57f6e0831546
data/raw/Training/notumor/Tr-no_545.jpg,notumor,2,Training,train,2e6b3edd254ee191e482f071b4b08677fc0a4fe40f3e2a8e3df67165c9e3cf72
data/raw/Training/notumor/Tr-no_548.jpg,notumor,2,Training,train,13381c74d56280505c88d48afe0c1bc1eb801aa6386ad9758611132db17ce676
data/raw/Training/notumor/Tr-no_549.jpg,notumor,2,Training,train,5822193726fefe5c96d1bbd23b51d328dcde13167d5d1a7cdc3e93ba545a3e03
data/raw/Training/notumor/Tr-no_55.jpg,notumor,2,Training,train,9abfd64736b07d86d5b188f0757e5ac7b57429b6d11ca46d072d90fff2b592b6
data/raw/Training/notumor/Tr-no_551.jpg,notumor,2,Training,train,aa1ab88b5dd2c99bfa434bf6df0d14c186bae4f2ca1b1a28eb9f8eabab8e8948
data/raw/Training/notumor/Tr-no_552.jpg,notumor,2,Training,train,d7793b2ef1f0fab8e5095fda766a59bbd9ae172f895a1b4767d78a4e901c927c
data/raw/Training/notumor/Tr-no_554.jpg,notumor,2,Training,train,8f4c7f1f6533019316f71d734eeca9a4f4cb5b066bf91295d7ec98e4e7223e68
data/raw/Training/notumor/Tr-no_555.jpg,notumor,2,Training,train,e615defa5c0de164da4b279d1c8d9102250cd5b5189de0f5ca4596e7dc90fca2
data/raw/Training/notumor/Tr-no_558.jpg,notumor,2,Training,train,7e9376ca19b889811fd5c904b731fdea1e313413ee1ac882008847ae926d2773
data/raw/Training/notumor/Tr-no_559.jpg,notumor,2,Training,train,5b32b70fee5498a7e242f40fd975486691a248ef53c7657ac4c5831133ade0fb
data/raw/Training/notumor/Tr-no_561.jpg,notumor,2,Training,train,c1865a7d0979fb7726e1ec00bf23c6a32cd0592dd4777baa4bc8129e8e18621c
data/raw/Training/notumor/Tr-no_562.jpg,notumor,2,Training,train,fd518cc4043e52697c3fafc977c6a95e23ed850d2056d0b39cff3875ece52807
data/raw/Training/notumor/Tr-no_566.jpg,notumor,2,Training,train,6aa103ff2ff051edcb48349b226b15b64fc0ae5382a33de8339f31429b899d41
data/raw/Training/notumor/Tr-no_567.jpg,notumor,2,Training,train,44a22876360230c9ff465532477b3a9e0dd4ce922856a26ca833de265a82f11e
data/raw/Training/notumor/Tr-no_568.jpg,notumor,2,Training,train,94de5f21de2ea7293f146d4f14024b336447e6816fd63b152cc59b725027990f
data/raw/Training/notumor/Tr-no_57.jpg,notumor,2,Training,train,3b4ba913a58ec57d88f8988f3c034d02ab99b065fd203f0ac602f5b47e72c73e
data/raw/Training/notumor/Tr-no_570.jpg,notumor,2,Training,train,eb24722154a51b65511c985ab4989d7b85d6da4c4b92118c9d451589e22ed859
data/raw/Training/notumor/Tr-no_571.jpg,notumor,2,Training,train,57aa3dae272093eb5efa407adf578957c666b056c2dad06c0f11ae2656c9eae8
data/raw/Training/notumor/Tr-no_572.jpg,notumor,2,Training,train,d8534287064d81600cc5db54606ecd3203df242f66abc35ab251bf7e59e84ccb
data/raw/Training/notumor/Tr-no_574.jpg,notumor,2,Training,train,1111e6db2f33eabc34a6c82da9b7d1b1f1c6e88e3fd086ea4ab11fb64f666789
data/raw/Training/notumor/Tr-no_575.jpg,notumor,2,Training,train,6db84b3ec7514e85527b4c4b9adb91731a031edf8eb5950b927ee9e8628b78bc
data/raw/Training/notumor/Tr-no_576.jpg,notumor,2,Training,train,ee8aaf3f319d48b882744bbe13ae380df49b2c753de1ef75f925fd9fff0629f1
data/raw/Training/notumor/Tr-no_577.jpg,notumor,2,Training,train,2e9979eb629886f51f2e4b143f7526fe57537077b3bcb1bfd7d4ecad00b30547
data/raw/Training/notumor/Tr-no_584.jpg,notumor,2,Training,train,998e5187eacfd2de5ffa84de58e20220620e70fac2d9900d9999abef6ad16a4f
data/raw/Training/notumor/Tr-no_585.jpg,notumor,2,Training,train,bad0f688c4ed9d93d3933b95bb003a54063d833b8beaec7c0d5436abbaf4c8d2
data/raw/Training/notumor/Tr-no_587.jpg,notumor,2,Training,train,0caead2bd1bf8539acf2d0b949e6df138bff80a6fc8d004ae3757d9a0ee3e16e
data/raw/Training/notumor/Tr-no_588.jpg,notumor,2,Training,train,a820973ab9e444f92fdc4e5eb2e584a72d5da660675f1793469f229f40199538
data/raw/Training/notumor/Tr-no_589.jpg,notumor,2,Training,train,ea7e5727b53448c5aef6a6fd946634d369bb7011e47c1cf1ae4aff54ccf8d6a0
data/raw/Training/notumor/Tr-no_59.jpg,notumor,2,Training,train,f06746a9ab66398b89651de2012d3a39a48a6e44f191a465e46021d5eccc79a7
data/raw/Training/notumor/Tr-no_590.jpg,notumor,2,Training,train,00fca519867b97d9c0303d8a65c206a280930f81f63ae9d85ca224a31e01c88b
data/raw/Training/notumor/Tr-no_591.jpg,notumor,2,Training,train,fc8747011cb29cb94b758e4c23df80e621617dea8ac55797640db236d8223bad
data/raw/Training/notumor/Tr-no_592.jpg,notumor,2,Training,train,9e3370a38da7cc705145018245022d2ee3e67db2b09d6bab21078f84a799d2da
data/raw/Training/notumor/Tr-no_593.jpg,notumor,2,Training,train,42c0923d95ea398b1e00bc74e55fc93c23b42d8a10d623b66150bfbe4c9fbee1
data/raw/Training/notumor/Tr-no_595.jpg,notumor,2,Training,train,26d57c2158c803a1e1683354525072f0301845385a7df32fbd1de32a4b2636e0
data/raw/Training/notumor/Tr-no_596.jpg,notumor,2,Training,train,ec0ec5fefeaa88f1ccee4e0b117c21e422a575a8b4f1e03a54a36ec2edeb4340
data/raw/Training/notumor/Tr-no_598.jpg,notumor,2,Training,train,1acbf6dd671384bf02d91dba444822d266f99187a44a89b84f264bdf8afa0906
data/raw/Training/notumor/Tr-no_599.jpg,notumor,2,Training,train,09ce7a954b8b4e8074666e36f2d33e6ade48051d6c9794b4e820e56d239843de
data/raw/Training/notumor/Tr-no_6.jpg,notumor,2,Training,train,1511469e2b20a333ac550085faaa4235936b00e74722780e3537be54486f60de
data/raw/Training/notumor/Tr-no_603.jpg,notumor,2,Training,train,3638762e35802a4a7eb0ada08c6bd1cdf17f43f5a328d45d9ce7656893659b0a
data/raw/Training/notumor/Tr-no_606.jpg,notumor,2,Training,train,f90baa21f7026f0f5c8595cb4c58a728618b80c679b18dbb42f4e77420262ac5
data/raw/Training/notumor/Tr-no_608.jpg,notumor,2,Training,train,19566883ea0fadcc0544956d52fef0eaf9d56cedbcbbad2e6f4b5fa4a8998c7c
data/raw/Training/notumor/Tr-no_609.jpg,notumor,2,Training,train,92a322e56c4901f5f15ccbae7c8be951d73ac18f882c7b7bdbb8992d481904f3
data/raw/Training/notumor/Tr-no_61.jpg,notumor,2,Training,train,0223943a2b28b7ae5e7836f590dc9d3576b2b80202392a3692f2b4df830ab50e
data/raw/Training/notumor/Tr-no_611.jpg,notumor,2,Training,train,3d2e27086db6e9797258b3d352df32cc3a4a20f6038a9bf18dbc1472915177a6
data/raw/Training/notumor/Tr-no_613.jpg,notumor,2,Training,train,cbf2da8c6f0e9324fdcd07218a82848dee6acf0a6c317ff20bec7dcb1d30f340
data/raw/Training/notumor/Tr-no_614.jpg,notumor,2,Training,train,b4531b317308ad08f6f4c96da6e7244a9875a52d490ecdcab426249236587074
data/raw/Training/notumor/Tr-no_615.jpg,notumor,2,Training,train,0578ce3a9dc5761f9374d76cbd36a3d9c5937a6cedc02d44cfc6ee5c1abc6b90
data/raw/Training/notumor/Tr-no_616.jpg,notumor,2,Training,train,a72083a8e41c3de74b09b3af545e37cdca6c056a78fadb558da48eba1fe8af77
data/raw/Training/notumor/Tr-no_618.jpg,notumor,2,Training,train,0841062307b8a925d89cae0ddadb015d9213153952aad7490b6c9c7df5864e77
data/raw/Training/notumor/Tr-no_619.jpg,notumor,2,Training,train,f5d81910c4160f06ec27ae21368f22f860e7fbed5e4284487ef6d941dcba3d9d
data/raw/Training/notumor/Tr-no_620.jpg,notumor,2,Training,train,50b07fb6e5b04d44340aaa19e0dc4aa6588af62e73a4ade8f3ec34cace05524c
data/raw/Training/notumor/Tr-no_621.jpg,notumor,2,Training,train,b1da8fe4e26b93b3fadab285538d4578e25cd114bb6e763477657f2be5688f95
data/raw/Training/notumor/Tr-no_622.jpg,notumor,2,Training,train,ea2ef5b7033dc31e1f0dce350279139d6f2c25b154f547a10fa19275646058a4
data/raw/Training/notumor/Tr-no_623.jpg,notumor,2,Training,train,92c7e180580f5f9e7adeef2101de2df68532ae02f2d2c8d75782801f07d64bc6
data/raw/Training/notumor/Tr-no_624.jpg,notumor,2,Training,train,0f0fff78a8c8823d5cca151edd446de6f2c774546efae63487b7cbd08aa134e6
data/raw/Training/notumor/Tr-no_625.jpg,notumor,2,Training,train,9f1843e9d1a4ed476714ed37cb22b406993a1e05b6a0869f052d46ad1e287836
data/raw/Training/notumor/Tr-no_626.jpg,notumor,2,Training,train,29273d7176d172d331108aabfa065c4ae7ca6dd366549a9b141259b3967b33df
data/raw/Training/notumor/Tr-no_627.jpg,notumor,2,Training,train,f02decb2f38f7b0dcf3d05495e0c72e296fc0bad5ec66c5343e17af3692521a9
data/raw/Training/notumor/Tr-no_628.jpg,notumor,2,Training,train,a1661a8202874ff2a6a244a3e1a96978a7d994b30b9ce857a3e677089295f72e
data/raw/Training/notumor/Tr-no_629.jpg,notumor,2,Training,train,a3caba23e63b0858347347deeefb13f241a34116ee8ff19ff099d1f0c04fcabf
data/raw/Training/notumor/Tr-no_630.jpg,notumor,2,Training,train,cc897565e991fd55c19b65310168a2b24bc37201e27634528d424e7b086edd70
data/raw/Training/notumor/Tr-no_631.jpg,notumor,2,Training,train,342d3cce7b3cdc691766a7f1ea7df73ad66c39e2956310e907ff9e6fb3cd332f
data/raw/Training/notumor/Tr-no_632.jpg,notumor,2,Training,train,019ff9b5736b365a41491635a581837fc4cc2506ca559009e81480d80839b003
data/raw/Training/notumor/Tr-no_633.jpg,notumor,2,Training,train,4e8128f0ab7851669e46d62f1ce1b51dbcae2d24b1b13fe29efc0146c218364c
data/raw/Training/notumor/Tr-no_634.jpg,notumor,2,Training,train,71e009bf2b7388807dc1a7ea4543c59669e6e051b4f704c9fb7ad64e25ec2d4e
data/raw/Training/notumor/Tr-no_637.jpg,notumor,2,Training,train,478a02a2c7269cf6740e713bbf6ff27feac16ed6099baefd689610ea2320f832
data/raw/Training/notumor/Tr-no_638.jpg,notumor,2,Training,train,0d68dc0d87d099ad046fac3ec1359db1561e1c5d45a43e7c91e02a9f2f393df8
data/raw/Training/notumor/Tr-no_64.jpg,notumor,2,Training,train,2d0c621b0f3868cd99c6f80a27d871ac054259363582d143fce392ba7d75e6d0
data/raw/Training/notumor/Tr-no_640.jpg,notumor,2,Training,train,46e2b5f4f2ffc80a80a948ac0d47a6c41f183f9edcd26e81408bb56f1b78bc3d
data/raw/Training/notumor/Tr-no_641.jpg,notumor,2,Training,train,000fc159d99f54d7f29d4e7c505e77c8854fd837a8a0eb10f616945024bd3876
data/raw/Training/notumor/Tr-no_643.jpg,notumor,2,Training,train,cd96b1d5fbe7d99976c7622fabcb89896c25c07f9837f9ff3756b4effdcbed7f
data/raw/Training/notumor/Tr-no_645.jpg,notumor,2,Training,train,bfb2ba1aaacaa90bf7eac52cf8953ca98abbb7070f91051a908e092d294bdb8c
data/raw/Training/notumor/Tr-no_646.jpg,notumor,2,Training,train,e762ef22e00722af08f691e5442285152be29ac1b297dffd8724e158b2ec522c
data/raw/Training/notumor/Tr-no_647.jpg,notumor,2,Training,train,f7bffee7b1c763bff3321b1a66dd57ece595f11fab1238839c6bcdfde2f53999
data/raw/Training/notumor/Tr-no_649.jpg,notumor,2,Training,train,23a839738271bed355a592894783aaec5b225a7ea883e26b116b63a6edb819a1
data/raw/Training/notumor/Tr-no_65.jpg,notumor,2,Training,train,a1a28845e45e575a6456513331c78c700aede806af4c05f3ba32c31fb0d09ac3
data/raw/Training/notumor/Tr-no_650.jpg,notumor,2,Training,train,65053e5b65f0e3d78a8144e6de01578efd3e4462f4d527077e959ab41787dfa7
data/raw/Training/notumor/Tr-no_651.jpg,notumor,2,Training,train,21fd26b23c30b4f39052dd1cccfaa6a73e453d300bcf4dd64e5491022c799acc
data/raw/Training/notumor/Tr-no_653.jpg,notumor,2,Training,train,20c7d51633ddc1f8408d37be57b01a1a802f30ba978c7f439dcaa17d63a20af1
data/raw/Training/notumor/Tr-no_654.jpg,notumor,2,Training,train,b96dde0d87e4f8da2348fccd2a84cc1a793b0d0df3eec2750454d537b8f6c749
data/raw/Training/notumor/Tr-no_656.jpg,notumor,2,Training,train,496a47c01ff473f476f2aeef3e6b8c870afc63bba0aa2811dc4d5d9aa3a40190
data/raw/Training/notumor/Tr-no_657.jpg,notumor,2,Training,train,67850a5361df8dc320baf82e8bdf37cc496bb5d6ea91b17cdceab32a7cdd5cdb
data/raw/Training/notumor/Tr-no_659.jpg,notumor,2,Training,train,03bb9c99ad697aa275960fbd9e11dc1bd23ae388fde6b6ea27bc3f67002768fc
data/raw/Training/notumor/Tr-no_661.jpg,notumor,2,Training,train,3f7bbed9fd337cfdc7d6a6aa2845e7f934e6ca177a8c7b3f22210a6f94e2f3cb
data/raw/Training/notumor/Tr-no_662.jpg,notumor,2,Training,train,95f67b2c818fe56d7b992736497cd7c43677cf4b48306683a81ddd649498d303
data/raw/Training/notumor/Tr-no_663.jpg,notumor,2,Training,train,b53b2e120a974735fb7fe2a0c543c4b17dc9553aaa221f36d53e85c3e75d04d6
data/raw/Training/notumor/Tr-no_665.jpg,notumor,2,Training,train,5b78a3ddd88c805610aee8a4bc247021c97e0133aab8c43966d8142f0b742ea6
data/raw/Training/notumor/Tr-no_667.jpg,notumor,2,Training,train,a060cabec183204f051f9c7d153b82d952b886fe2bb34efb8f812c50ce123287
data/raw/Training/notumor/Tr-no_668.jpg,notumor,2,Training,train,090dac42b804f6ffe3719c23f945985189585b692901f195bac20bf5466ad98c
data/raw/Training/notumor/Tr-no_669.jpg,notumor,2,Training,train,32e2d4a4e3c58d4f7e1eeee73ca14ed3fcea121a203cab943427f95ade48f902
data/raw/Training/notumor/Tr-no_67.jpg,notumor,2,Training,train,519722d60cde110ce1433c3bed764fcbd4f494f3ae5b19a237e06dd45503bc97
data/raw/Training/notumor/Tr-no_671.jpg,notumor,2,Training,train,5251cbe73ab9ba7b7c06c268b4c46b8741b7655d52eb5210373cc470ced739fb
data/raw/Training/notumor/Tr-no_672.jpg,notumor,2,Training,train,e113abb316726acca30a3773c9680cc60e978ffa3f85c726f7b43b9723fad075
data/raw/Training/notumor/Tr-no_673.jpg,notumor,2,Training,train,8d1b8cb2975b43db869caaecbffd11f51651b6c25d35928f84cc295215cfb822
data/raw/Training/notumor/Tr-no_674.jpg,notumor,2,Training,train,812a2c6599255067e9752c7d0037f409d91f7336f42d7af3440fb5c2c91e8da1
data/raw/Training/notumor/Tr-no_675.jpg,notumor,2,Training,train,ec4bf9270aa3ef29260745b1bd95ca6577dee7c388d41999fb9eb2acd6874de1
data/raw/Training/notumor/Tr-no_676.jpg,notumor,2,Training,train,f672a2bf40f16ec9b18576c2e811567fc768d0fffceff4f8d96db8761aed53aa
data/raw/Training/notumor/Tr-no_678.jpg,notumor,2,Training,train,2ca91b5fa2b1bbca449039c10659e0acb52cdb5ee33b9b86dd819d9e0ffbbbdf
data/raw/Training/notumor/Tr-no_679.jpg,notumor,2,Training,train,64db7ecf017244f551f8757fef667bc2b3b233dfcdad83fcaf14e70f899d2533
data/raw/Training/notumor/Tr-no_68.jpg,notumor,2,Training,train,38fe0004cd2687faff096d4f69f781dd10e03b4950129d38023ac46a701ad402
data/raw/Training/notumor/Tr-no_680.jpg,notumor,2,Training,train,faa1644d7275469310aceeb80795b5fed741df6b47cd6ab6565298620d6c469c
data/raw/Training/notumor/Tr-no_681.jpg,notumor,2,Training,train,ad1d10ca71f6f4790709285a60994693a8330210298f3a8482dd70a1085dd38e
data/raw/Training/notumor/Tr-no_682.jpg,notumor,2,Training,train,5320f1056b0c6bed19df56dc3cfdce2f415cc986ce67f2406514a5a9d7cedb40
data/raw/Training/notumor/Tr-no_683.jpg,notumor,2,Training,train,f98f84c8efdfc33cbad78e557e1e4dd58e22567d3f3bf0a42da1fd57d8653412
data/raw/Training/notumor/Tr-no_685.jpg,notumor,2,Training,train,9de09993bc50d17ad3ddb2fd4202b758bad8f3c10fbf7a5aabb4a82b1e34eafc
data/raw/Training/notumor/Tr-no_686.jpg,notumor,2,Training,train,02d84c8f215bb8f8f94ad1456041dd8e0fd8e76097cecad324e06d40b429baf8
data/raw/Training/notumor/Tr-no_687.jpg,notumor,2,Training,train,d8be34ad89aff5bac28c58fc73dee8c2b0666e7aefe6f2390d670829d9515776
data/raw/Training/notumor/Tr-no_688.jpg,notumor,2,Training,train,ad525a5529e5de143901e8c253446b981e9604776a6e2f9fb4963e9cec69de44
data/raw/Training/notumor/Tr-no_690.jpg,notumor,2,Training,train,183a45ce31d8c56ccb92b044538fc221d7842b1c27cbdf9e1b8d1caf1fa747c9
data/raw/Training/notumor/Tr-no_691.jpg,notumor,2,Training,train,6211566a61a9eaea053eedfb276a368cb45a2e2a208b441add4802e70b0ea0e8
data/raw/Training/notumor/Tr-no_695.jpg,notumor,2,Training,train,0baf6f0119238a2541b20c2821986f07164a1849d34dbfa02fd507dae84d9e59
data/raw/Training/notumor/Tr-no_696.jpg,notumor,2,Training,train,233edd18fdd991f4fd5960eb0076de22f3347afe983cf303f40f7bf154ac4bd6
data/raw/Training/notumor/Tr-no_697.jpg,notumor,2,Training,train,58dd3b58f9fd7c629ed3093f3b8cc6c4a1524e2b526f57bbb02e4601a2b8c738
data/raw/Training/notumor/Tr-no_698.jpg,notumor,2,Training,train,22bf0f1e359f334d7346fe81383649fd75079daf61d151614dfdf9d19c766be4
data/raw/Training/notumor/Tr-no_7.jpg,notumor,2,Training,train,7ed6a811bd909ad0ff886e4f72f0a05f58e63cdfd2cc7284a7bf08c83089c6cb
data/raw/Training/notumor/Tr-no_70.jpg,notumor,2,Training,train,9abc17e36fae0216bb2b2fe2829af1d92f05cf2db522947070e88f7ade9f266a
data/raw/Training/notumor/Tr-no_700.jpg,notumor,2,Training,train,ad26946bf8b6ba5be922f24ab271337964fc35675fa4d0398719e33665337ece
data/raw/Training/notumor/Tr-no_702.jpg,notumor,2,Training,train,1d489fd63322dff8146dfb442c512362d2d42d5f4e44b90414202ac0abe5f97e
data/raw/Training/notumor/Tr-no_703.jpg,notumor,2,Training,train,9561ec8adfadc55b0e5ff07eb2b32ed3e0dc5fb89cc96a65a35e597728e54dec
data/raw/Training/notumor/Tr-no_704.jpg,notumor,2,Training,train,7023c4dcf7120a2bd4dd9064ea400f14aa323af508bd805eadee4c928e021ff8
data/raw/Training/notumor/Tr-no_705.jpg,notumor,2,Training,train,34da25bd2e6f77deed656d4125459dd79a068f89a15aed64b4490fbf7b279a46
data/raw/Training/notumor/Tr-no_706.jpg,notumor,2,Training,train,092a6997f62fdbaa2bc49469a827ef799ebd70cc75d1b0bf8466c5054241905b
data/raw/Training/notumor/Tr-no_707.jpg,notumor,2,Training,train,8754d6582bc14adc7e7121a1c48e3c7768bb815646e0a77a9767a2b0cb373f29
data/raw/Training/notumor/Tr-no_708.jpg,notumor,2,Training,train,86f1acd7e6ff5e5f800ac718af1deee21ed2029aa3759cf5d931c3957d21d547
data/raw/Training/notumor/Tr-no_709.jpg,notumor,2,Training,train,102fa3d1e695596fe1dc29e98c8f75c4790a9ad436186fd18c628ad36f517531
data/raw/Training/notumor/Tr-no_71.jpg,notumor,2,Training,train,ceea03f4f2c5bbdfba1265c1eb9109decf59c27341816ccb63eeb75a2400401c
data/raw/Training/notumor/Tr-no_710.jpg,notumor,2,Training,train,3232a4f238d3c149391ed816d1a50c0cfe17556b58e79174feb4f0939152003b
data/raw/Training/notumor/Tr-no_711.jpg,notumor,2,Training,train,ae01d9f5e34679aab4488d7f0b6c41dcf9a3940e38aa706e5d980f988f7a3c37
data/raw/Training/notumor/Tr-no_712.jpg,notumor,2,Training,train,68ca8d9c25994dca16189d114f6bc1f88dfd3614b34c5a1414fc328c374daa7c
data/raw/Training/notumor/Tr-no_713.jpg,notumor,2,Training,train,e027f2073ef9c85bf4d436f0be29a44fda8e960418c315125dc6be1d71dcfb96
data/raw/Training/notumor/Tr-no_716.jpg,notumor,2,Training,train,a323163a029cffe0d7d5320c9662a6e83b11904ce894976c38f068de83dcb82b
data/raw/Training/notumor/Tr-no_718.jpg,notumor,2,Training,train,c0c1366974fcbed4ecea76ba9d2b8043a44168dcf522ea6e6bd9ab9dbb857d38
data/raw/Training/notumor/Tr-no_719.jpg,notumor,2,Training,train,ff1df5849a35548de3ed553bc8c927511045cce13c42a2159c62f546c52230c9
data/raw/Training/notumor/Tr-no_722.jpg,notumor,2,Training,train,9e16dfeb865c44a91f37fe814f3f06a0989311ca2a348bbb0d132dc3800f9d9d
data/raw/Training/notumor/Tr-no_723.jpg,notumor,2,Training,train,e1b254a21bc888bd0a4ecfc378a9416b7844b06baaa7f7a13d63bcaae871e5e9
data/raw/Training/notumor/Tr-no_724.jpg,notumor,2,Training,train,1baef946656a32a680aea48c0b6536e74e5f9cc5bb69ceeb549b7247dea39184
data/raw/Training/notumor/Tr-no_726.jpg,notumor,2,Training,train,d3eb1d0d9c022cdc5cea179f5825e1724664d2b7e6cf137c1b16dfb99884b8d6
data/raw/Training/notumor/Tr-no_727.jpg,notumor,2,Training,train,a3911d3779563b7e4a1750fd41041f2507924dd0fcd4a54d7feb2d9c7076cc01
data/raw/Training/notumor/Tr-no_729.jpg,notumor,2,Training,train,449aa7997cfee77d779ecabffa0ea767732891158b4c9e1f499604573b56b93a
data/raw/Training/notumor/Tr-no_730.jpg,notumor,2,Training,train,e22d67d921a2663d6bf14de06248488fcc2feb8984ba1fd2a3951f02057b3206
data/raw/Training/notumor/Tr-no_731.jpg,notumor,2,Training,train,4df6b22426938011a6f818b43f17b9de4e4507ceeb9d573cad98b95460299baa
data/raw/Training/notumor/Tr-no_732.jpg,notumor,2,Training,train,bbad9f3675757537d7df4ca3e8fffd004972709f3aa5c11cdea4957980d43134
data/raw/Training/notumor/Tr-no_733.jpg,notumor,2,Training,train,7adf2a6f7adfa45e65caf2818e2afccca62b96c370a254de3c860a154cc756f4
data/raw/Training/notumor/Tr-no_735.jpg,notumor,2,Training,train,6287138379cb2fc7b382859b04d591ea8e94ab04fd3d0903282887fd5d5b04c7
data/raw/Training/notumor/Tr-no_736.jpg,notumor,2,Training,train,8e32a8ba56648406acb94a24fe5022766d4c0023d1bb49fba79e65bc36f9b9a2
data/raw/Training/notumor/Tr-no_737.jpg,notumor,2,Training,train,f431914175104f5eed55c65b44347820eefcb61dff8ad47cacf6596f239266a2
data/raw/Training/notumor/Tr-no_739.jpg,notumor,2,Training,train,6961473365de7b6378f5572fe8556b980ca08140c23210c7d77533430fa904aa
data/raw/Training/notumor/Tr-no_74.jpg,notumor,2,Training,train,05dd7e959136e0832a7aa000825529956c7b6255fcef97b9b92c38266b77a453
data/raw/Training/notumor/Tr-no_740.jpg,notumor,2,Training,train,ddb24391b40956c69ffc3f2c50ecb6eba7779774e9a9d84aea47e0c270feebb1
data/raw/Training/notumor/Tr-no_741.jpg,notumor,2,Training,train,1943c6d2df4c2bb228ca1fb0da17f07584d25055c7640b1fbbac8f35483fa7af
data/raw/Training/notumor/Tr-no_744.jpg,notumor,2,Training,train,d2415a0edbf2b07965c430d3aaf4a2e149f3afeec3480d521d800a757b69d447
data/raw/Training/notumor/Tr-no_745.jpg,notumor,2,Training,train,053a6036a57e58922ce011f713ddb44f78af390306aa055803e24338eb977075
data/raw/Training/notumor/Tr-no_746.jpg,notumor,2,Training,train,215f21ab7cf00415d45f282feac924265d603efb54021a785f7bd4ebdeb32b4f
data/raw/Training/notumor/Tr-no_747.jpg,notumor,2,Training,train,4f3c00ef520660295576c472a0cafc9f1bb400d736b352b736966af08bf09235
data/raw/Training/notumor/Tr-no_748.jpg,notumor,2,Training,train,1282b728ea8af80b1d72048d4535d7dc555e03caad8f6a8bd5deb03f9f3084e6
data/raw/Training/notumor/Tr-no_75.jpg,notumor,2,Training,train,827a59f5f885a721c26c0f19d401038ed2990270093f12c32cf4ed140345a40e
data/raw/Training/notumor/Tr-no_750.jpg,notumor,2,Training,train,413708f4f5a9e003997c5c966035431a1bd741b16cde99a42ca6155cccf8f17d
data/raw/Training/notumor/Tr-no_752.jpg,notumor,2,Training,train,7552cb291b6c1823dba4d9e7c22e6fe6822f3b7a6d320aaed4afd28f820ce47e
data/raw/Training/notumor/Tr-no_754.jpg,notumor,2,Training,train,0831a46a239e0e0b128f643932e792ef883f01e3c3045c3a5330a8f1c4c596d8
data/raw/Training/notumor/Tr-no_757.jpg,notumor,2,Training,train,e6a9288e50d9d34a78a859692e43a0529311ae9389345684874fdc6bd32699c5
data/raw/Training/notumor/Tr-no_758.jpg,notumor,2,Training,train,6fe64da08f0a8e68b2b0a183e78fad71fcc8db1c933fa632553ab8a8bca3bb95
data/raw/Training/notumor/Tr-no_76.jpg,notumor,2,Training,train,7f4893c200922446c40dee9b80d47b7db205c32fd75d613b7271baebb95886e2
data/raw/Training/notumor/Tr-no_760.jpg,notumor,2,Training,train,4e3bfe7a0603559945c5c2de55311ce6d4269ebb816339bca3f13bd57f565994
data/raw/Training/notumor/Tr-no_761.jpg,notumor,2,Training,train,f1b05dbaf79ef7ed9f35cbc79d1aaedbd07ae94c53f51df118b62061f3eed6e9
data/raw/Training/notumor/Tr-no_762.jpg,notumor,2,Training,train,a35018439ac8eef2e60924dbaca2bbbe2892b063672a793b486af027ce6907b1
data/raw/Training/notumor/Tr-no_763.jpg,notumor,2,Training,train,c6b37dbcc8c59a18f68c4ecde7f081eb0caa8cae6edb6d438e11170f0736bf01
data/raw/Training/notumor/Tr-no_765.jpg,notumor,2,Training,train,44c821a4b213d1b3d353f91393fdeb7fa076335610371436c3e3c450c0ba979e
data/raw/Training/notumor/Tr-no_766.jpg,notumor,2,Training,train,7f04f0b6fd5821e19cf5a273a540df06a1f6bdcaa63bb235743e274fff825fbd
data/raw/Training/notumor/Tr-no_768.jpg,notumor,2,Training,train,ac8f48d2acbfe09e5173341ec37ac01ad6790d1bb5c91df6c5a7577f3a43a718
data/raw/Training/notumor/Tr-no_769.jpg,notumor,2,Training,train,ae6a6d1d8c7502e38409b07c5336357a9160c8f11216c608f964c48551f15d79
data/raw/Training/notumor/Tr-no_770.jpg,notumor,2,Training,train,0e7f71de6d556fdfa89b97262376d90b5cfda742e5673d3c4ce683cf57f0c9b3
data/raw/Training/notumor/Tr-no_771.jpg,notumor,2,Training,train,69c42f6c43bd792901c446df8bb12bcd3c49b4f40dfcba623c7e8ffcdb52aa24
data/raw/Training/notumor/Tr-no_772.jpg,notumor,2,Training,train,ba7002495f10faabd61751b0acda4545a4c7e95f2f2a09b002f4ee3a572a5031
data/raw/Training/notumor/Tr-no_774.jpg,notumor,2,Training,train,e5c87d653a311de04785f51edbebb5cd06276ca38494f6a056e930f83015c46f
data/raw/Training/notumor/Tr-no_775.jpg,notumor,2,Training,train,490f753826a6343e78d82eb39d7f08ae43ed1a87fa10212d5592678b1dd76943
data/raw/Training/notumor/Tr-no_776.jpg,notumor,2,Training,train,e3d870254afb4646ef9c8ed65add1e52e4614142600fdae3d7f9cfbf8caf05e2
data/raw/Training/notumor/Tr-no_777.jpg,notumor,2,Training,train,bbff47f934ea46331f73aff755f7f95f2092f7752e12073be33506a0401194f2
data/raw/Training/notumor/Tr-no_78.jpg,notumor,2,Training,train,a1799d6b3794a4da77e4a05c0183d186ff92644dd02e76b585871c385d78fd9a
data/raw/Training/notumor/Tr-no_780.jpg,notumor,2,Training,train,93f59c5b88dca15896cc04f9ee23a7ed580d2f46b1162e62f28e2026324fe002
data/raw/Training/notumor/Tr-no_782.jpg,notumor,2,Training,train,78c3277fad899d2b2314dc4d6a4e0de0f3bd783aab09e63af69f0f0b39683ec9
data/raw/Training/notumor/Tr-no_784.jpg,notumor,2,Training,train,f4d232bf91cfdfbd899bb4fa7dc2b9de8d76f5160a70831999320c4e4d929ade
data/raw/Training/notumor/Tr-no_785.jpg,notumor,2,Training,train,dc0ad1165fb8c0844c1404d3e4fe805b32ca654ddfec7909c91873c0df92aa03
data/raw/Training/notumor/Tr-no_786.jpg,notumor,2,Training,train,16bdc3ca286cca1bb4761deeca41c63f5626ac65aff85231686caf5c3897c210
data/raw/Training/notumor/Tr-no_787.jpg,notumor,2,Training,train,dae58f5faefd3a8b904e12f207a380d75a02f5ad558b2c5076cf84a2d5f2dff2
data/raw/Training/notumor/Tr-no_788.jpg,notumor,2,Training,train,e16a2a24b2764e4719eb40895cd29937f5d5efca5a2fe9f7c9bac3810ef21348
data/raw/Training/notumor/Tr-no_789.jpg,notumor,2,Training,train,bb3d2ea7dcb807285e538840186e14f75f7d007bd1d59caf71791e8cb43d2d84
data/raw/Training/notumor/Tr-no_79.jpg,notumor,2,Training,train,fe9912cb2a3bbf99e64c6674791db7c6d926d465387208ce20f2b4b87efd6d7c
data/raw/Training/notumor/Tr-no_790.jpg,notumor,2,Training,train,2cfbc2d779fce343dfa5ec84d4715427a2a9c538ac2c532c99ee607e9cfe8619
data/raw/Training/notumor/Tr-no_791.jpg,notumor,2,Training,train,b40c80842358663ba771d188038e44454bf6fcb5654ba953a6a2b946f9c65c3f
data/raw/Training/notumor/Tr-no_792.jpg,notumor,2,Training,train,12079534e32d05977f0bc45e10348492e4e3d84f8056631b725140af7795544d
data/raw/Training/notumor/Tr-no_793.jpg,notumor,2,Training,train,8c62230cc10cac39b064259eb489eb8ef4b9789ce95b13f13aa0e7ee959a3fdf
data/raw/Training/notumor/Tr-no_794.jpg,notumor,2,Training,train,78c0ff19b71d9c8bef0458fe599f6dd7e7f452b257988b19a36852e160c5ecf5
data/raw/Training/notumor/Tr-no_795.jpg,notumor,2,Training,train,7a3b3888385d027b2be2fe13b89c7998edab72283cef267944fff8ca7f7a09b5
data/raw/Training/notumor/Tr-no_796.jpg,notumor,2,Training,train,317c76528b24d8416ce7bff13e60de5c3837fbbb224a3769955e95411962da5f
data/raw/Training/notumor/Tr-no_797.jpg,notumor,2,Training,train,473ca73a3383ab0c3be65edf0afd0d24739cf53086fea2236221a84161ce13b3
data/raw/Training/notumor/Tr-no_798.jpg,notumor,2,Training,train,da242ce7b5523961d341ba274f4e87382e856a8223aa0e4793000ae2c8b4ed40
data/raw/Training/notumor/Tr-no_80.jpg,notumor,2,Training,train,d144a1a4272ccd429089664ca8e772afc3864714b2105f2cddfbdc88e5e8d59e
data/raw/Training/notumor/Tr-no_800.jpg,notumor,2,Training,train,084e3535059ecd9c8ab9f30734eaa0a703a9eb9d18a2d6ea1ff7d0fbcaa75674
data/raw/Training/notumor/Tr-no_802.jpg,notumor,2,Training,train,60ec4e67e4c126c8889cb5321148433359a7256cedec00f1da9fe70e5ec52523
data/raw/Training/notumor/Tr-no_803.jpg,notumor,2,Training,train,2c93d20ef3a295ac3553ad5bffe56076753ee2cb65f30e62022bd5c9ab32dfd4
data/raw/Training/notumor/Tr-no_804.jpg,notumor,2,Training,train,0c7c551a0a247e33aa03901bcfa5a3cc63d72dab805d03ac6c7d7854decd640c
data/raw/Training/notumor/Tr-no_805.jpg,notumor,2,Training,train,65012deda604e6f1461b2f55d0fd5d831b8e40bc4c98f291b1ba9edef231331a
data/raw/Training/notumor/Tr-no_806.jpg,notumor,2,Training,train,0f2549d28e6393bec633a58842b5410e2d73c5dd7b3a35cdaca4745e9aa37726
data/raw/Training/notumor/Tr-no_807.jpg,notumor,2,Training,train,82272975b1bc03cc0b9a0816d6a2f9a8d1c3833fe4d359853aa4bcf19ddd1322
data/raw/Training/notumor/Tr-no_808.jpg,notumor,2,Training,train,bce62a8ea2cf130bcf91de7c03c2c6e9c8e93d4f0b0fd07915dcc493a5af0b52
data/raw/Training/notumor/Tr-no_809.jpg,notumor,2,Training,train,7eea0661786fe6467878af7385145e28c36462c18a4bf4388c99aebe85248792
data/raw/Training/notumor/Tr-no_811.jpg,notumor,2,Training,train,5865295199900345459fc27f5627714da942a67d44d5005f43fb7d31d1f6889c
data/raw/Training/notumor/Tr-no_813.jpg,notumor,2,Training,train,d07ac7d4c62a45c3ca88e4b57cf485acd22b5d5f5e519110f769eb0cd9169d47
data/raw/Training/notumor/Tr-no_814.jpg,notumor,2,Training,train,e4a82bfba02292959b4d9798a67a9faf223f047031d07e8b1a7285c0ac404389
data/raw/Training/notumor/Tr-no_815.jpg,notumor,2,Training,train,b1b3498c1f371d2edad9ddcd8ae37af2fa9768ca12e9b14412e31217cfc486fa
data/raw/Training/notumor/Tr-no_816.jpg,notumor,2,Training,train,f1aa73c33c56a13b8fe3b256ba2e6e3d2d84ddc6f3ed814d874bc88726ac1f9d
data/raw/Training/notumor/Tr-no_82.jpg,notumor,2,Training,train,a638ba6f81ce54a12698eeb5abda3ad60665ecb817d3d94ebeb5ffc73aff5a38
data/raw/Training/notumor/Tr-no_820.jpg,notumor,2,Training,train,69707646dfb0dbebd705608020ebbe6aa8af87e6911c2b1ea8ccd6a523c8bf48
data/raw/Training/notumor/Tr-no_823.jpg,notumor,2,Training,train,80e8ad1c7729005d2b8472f9419d38c0bf6ed9906376bd44b0ac5a06cfe032cb
data/raw/Training/notumor/Tr-no_824.jpg,notumor,2,Training,train,c75e3a81c47a1fe7741c595eccc96456a9e40abe992e9ba537ba52de622bbdc7
data/raw/Training/notumor/Tr-no_826.jpg,notumor,2,Training,train,07066a9fbd5996b6a2db1f21ad2cb12f9c324e68619eaea954ea610b216b217f
data/raw/Training/notumor/Tr-no_827.jpg,notumor,2,Training,train,998c2a4700692782dcac1615edfacd957299b9d32a58a5b38a3640913e0e2005
data/raw/Training/notumor/Tr-no_829.jpg,notumor,2,Training,train,c4eb8c4679e9db838599df9ff85253dc6b326e160b356c619f74875688244620
data/raw/Training/notumor/Tr-no_83.jpg,notumor,2,Training,train,1b4a6568da8580f8bb597211cb2edc505efae4cfc9cabcd78eeea2a081fe6724
data/raw/Training/notumor/Tr-no_830.jpg,notumor,2,Training,train,0cc3de7aa5dd5d7b3456f85f323f0049d6fbbc32a08d3bbc9c087145bc1d290b
data/raw/Training/notumor/Tr-no_832.jpg,notumor,2,Training,train,9e4d567cc1c9654db6c31518f61e6f3832fd18f2c07551468ab0becf30ccd345
data/raw/Training/notumor/Tr-no_833.jpg,notumor,2,Training,train,7586d1abc51137bd6659b59e83a38e9561fbe09cf300944459f4f08ccb56cae1
data/raw/Training/notumor/Tr-no_834.jpg,notumor,2,Training,train,543743f311ac7ede8d2814ef7f2173f3fa5bbbb6f60df490ad4654ed1d141d16
data/raw/Training/notumor/Tr-no_835.jpg,notumor,2,Training,train,f2de2f425f3bb3992229478d49d3ca7e10d1a0a32f301d88c8e5b93873538e12
data/raw/Training/notumor/Tr-no_836.jpg,notumor,2,Training,train,d10c29554c3eccaeaeff28573a81c71ea09483c27b23ab67693d5e2c1eb8509d
data/raw/Training/notumor/Tr-no_837.jpg,notumor,2,Training,train,763527a6a5d96c7c7777f109a2910dd11c3d9b8b94f1e59b21bc2a52226f756c
data/raw/Training/notumor/Tr-no_838.jpg,notumor,2,Training,train,07fcf1564f15ce96e1589d7186878ce55bec37950736fdb356d656ac1be21629
data/raw/Training/notumor/Tr-no_842.jpg,notumor,2,Training,train,9e33acc45971a6b56813bb3e155e49741aa84de6d4f2f8c7f37f77a181077447
data/raw/Training/notumor/Tr-no_844.jpg,notumor,2,Training,train,92477bd71863c6bb92a759c01baf1da541f95a14748204a33319cd7fb5201ed2
data/raw/Training/notumor/Tr-no_845.jpg,notumor,2,Training,train,1951d119c665308d6d1a1cbd3111392edca066f806f9f5e97ce65a4ab777ac28
data/raw/Training/notumor/Tr-no_846.jpg,notumor,2,Training,train,1cc081e753d825a7a043b7968fa48c166d3518426790468025d6674794791327
data/raw/Training/notumor/Tr-no_847.jpg,notumor,2,Training,train,7fee25502789cdb5539576d02fe3aa3ee9789559ded65b8fc7d67606d69f7ff0
data/raw/Training/notumor/Tr-no_848.jpg,notumor,2,Training,train,fbaa8d065f778f2b7e1b7723351fcbd2347756bc00a0c7b5860906bcb8af68cd
data/raw/Training/notumor/Tr-no_849.jpg,notumor,2,Training,train,84796689afa1621f1e129492fb53963dc9304027f334e4821050c8741ebef28e
data/raw/Training/notumor/Tr-no_85.jpg,notumor,2,Training,train,216144235f80341092abdc4fd447133b0981352ced3a46f0edc78ba423031585
data/raw/Training/notumor/Tr-no_851.jpg,notumor,2,Training,train,53440686dc5d33a9b5f0d3a63e70b3e6310766078ed4693bca3ad3fa1e444b86
data/raw/Training/notumor/Tr-no_852.jpg,notumor,2,Training,train,efb3c3916e81dfe696832d0a8f8192b95b150930e856582ab241e04897c30098
data/raw/Training/notumor/Tr-no_853.jpg,notumor,2,Training,train,d030727998485dde92c001f43f924606d27d28d1d02ba4da1abf4d015e5ff20f
data/raw/Training/notumor/Tr-no_855.jpg,notumor,2,Training,train,d8723069d6425a30345f16d9aba46c4205ba21532cc55ef038bf947264550903
data/raw/Training/notumor/Tr-no_856.jpg,notumor,2,Training,train,bbb969da9e00cad757ce4cfed82cc780afa9a95f02720d0a9dcbaf64423f166b
data/raw/Training/notumor/Tr-no_858.jpg,notumor,2,Training,train,9e38578d8d8cd7dd19b789f441377e08abca23b363e785afdf8e0412d9129fbc
data/raw/Training/notumor/Tr-no_859.jpg,notumor,2,Training,train,36f99ff27130d024d8519002146f1bcfa1412717beee43f017d52711fd5b7a06
data/raw/Training/notumor/Tr-no_86.jpg,notumor,2,Training,train,a826e407f87a0c96e01fa1d61e788c550a848ebab4de59677ea66fd066430aaa
data/raw/Training/notumor/Tr-no_860.jpg,notumor,2,Training,train,d47e918928c4d21e7e6d266c1ce4013a9a99a0417eeca7680abdf3ae56ebf713
data/raw/Training/notumor/Tr-no_861.jpg,notumor,2,Training,train,3ae166857f23d999883374bd2cfe6b5eb17ecffb809dc18f35c4131a312a7b5b
data/raw/Training/notumor/Tr-no_865.jpg,notumor,2,Training,train,0e4c329816794910ea5acc4201d05217b93c22bbf138aa55cee98ae7680e1320
data/raw/Training/notumor/Tr-no_867.jpg,notumor,2,Training,train,93171133cad17dcc6a31c80aca685a9a5ffec083cbddcb3be5242547a19b3962
data/raw/Training/notumor/Tr-no_87.jpg,notumor,2,Training,train,9a858533a6d8ca133d2c6d83a8ae92115d1df82a57d88b8a57c77e3b145d38d7
data/raw/Training/notumor/Tr-no_870.jpg,notumor,2,Training,train,04d198008786b8d2c347edd4d2f4273cbcebbe7085a1837c6cb91db5a0219e23
data/raw/Training/notumor/Tr-no_871.jpg,notumor,2,Training,train,c715d389f6f52d451d66f141f87fb421f675e159129ada956a1e3ca54a231915
data/raw/Training/notumor/Tr-no_872.jpg,notumor,2,Training,train,c50e621a36b08a9c2f28e239dc00b27ce321bd8ed715a48ced97515e965473d2
data/raw/Training/notumor/Tr-no_873.jpg,notumor,2,Training,train,a85697f68f9915cb255d94d8fd874b23aaebf2ef6f89eef06521cc9a16af32d7
data/raw/Training/notumor/Tr-no_874.jpg,notumor,2,Training,train,708374fafe25fe9ac4a30a9007674ebe32c6eaae7e07aaa91eab26b5cd6ba259
data/raw/Training/notumor/Tr-no_875.jpg,notumor,2,Training,train,cfadafdd993e776771e13f5e398f295c662fdce13df92524fadc4c28c0a95a4a
data/raw/Training/notumor/Tr-no_876.jpg,notumor,2,Training,train,c0811ba93dc812d4aefab3efcc7539791ee64b31f37e3b5f7964d92867664e93
data/raw/Training/notumor/Tr-no_877.jpg,notumor,2,Training,train,b5f0f3d033c33e2435028ab956443bbbeb97dffda41e0afe175e81e286ff2431
data/raw/Training/notumor/Tr-no_878.jpg,notumor,2,Training,train,684796fa57521bf38e64647b6b68ada66d4e8aeb30cafcfec67cb70b674b977d
data/raw/Training/notumor/Tr-no_88.jpg,notumor,2,Training,train,e14c98975c713efa6057723a4d1b5c8fabe76bde9a82528ad61e8099b8fcd8d1
data/raw/Training/notumor/Tr-no_881.jpg,notumor,2,Training,train,2e1bb67ed663d3411dd867c433498aecb0aa50b426f2933a6d7b6ce194a116ae
data/raw/Training/notumor/Tr-no_882.jpg,notumor,2,Training,train,873702425e38ee8c1e71bf486ed9c5aa4000bdde152ffa19e49f1d2f7672ce17
data/raw/Training/notumor/Tr-no_883.jpg,notumor,2,Training,train,f51d0fd545e66208eab8dd175f613462addcfb0d5dbdb6d493aedb8fa8cc11b6
data/raw/Training/notumor/Tr-no_884.jpg,notumor,2,Training,train,4215a056888ab3ce72818e5b604cad965a3ae6026ede59e5752ac55cbbceb389
data/raw/Training/notumor/Tr-no_885.jpg,notumor,2,Training,train,1c3e63f75925d079060da9dcad74463d1ef6f7c4055fb0ff2d4daa2001711425
data/raw/Training/notumor/Tr-no_888.jpg,notumor,2,Training,train,a0cb6052d255d5932ea2df3aba1f86071f28cba129fa567b96b346977f85e43d
data/raw/Training/notumor/Tr-no_890.jpg,notumor,2,Training,train,9e3ef8b3dacc3d4f92b27370f8ecced01626827073e4e4bd44f8970884f5c791
data/raw/Training/notumor/Tr-no_891.jpg,notumor,2,Training,train,c187507616186b4a2e341158a41f000310d2665e522ae2cc7412fc8c0ec2b61b
data/raw/Training/notumor/Tr-no_893.jpg,notumor,2,Training,train,59870eaca7eb7777eec53f8d67aabfd31b287723dff1753991fcf05e9e341652
data/raw/Training/notumor/Tr-no_896.jpg,notumor,2,Training,train,410e3ae47ad56ed269b81be74e42519dfaba661fd9429449b21dc0d505533bb9
data/raw/Training/notumor/Tr-no_897.jpg,notumor,2,Training,train,1f157cd64610853d031b7b98fb5cabcfc7f589fe3ac1d425f17d4f3fb999ba7e
data/raw/Training/notumor/Tr-no_899.jpg,notumor,2,Training,train,e48a3849e2f1c02119c0eec442c26175e2832c2db14ce722fa9a9f814fc37f61
data/raw/Training/notumor/Tr-no_90.jpg,notumor,2,Training,train,d8ea17fdb98908199591b41310c56ae6a2b90408287403a45333653e079944b1
data/raw/Training/notumor/Tr-no_900.jpg,notumor,2,Training,train,06da2b63483ae3906acb5ae1e2c4b2056c28217f45d0e6183d68d08c31e717eb
data/raw/Training/notumor/Tr-no_901.jpg,notumor,2,Training,train,a5a11e528b6d4756c9a8b3180d40410efe1b27b2a5ad13ecce512fa3bf214330
data/raw/Training/notumor/Tr-no_902.jpg,notumor,2,Training,train,6c634cc4ac61fe526e6dbec903195ac33e498cf60906e1f6e143a588796bc636
data/raw/Training/notumor/Tr-no_903.jpg,notumor,2,Training,train,8c8a599794a2d0c950d35630524037ff3411d4741086084b9c6e3152cd401ff0
data/raw/Training/notumor/Tr-no_905.jpg,notumor,2,Training,train,c5c3c342a808665131f102225f3cae7fb3234dfa5395ab9945cfd01e11fab6db
data/raw/Training/notumor/Tr-no_907.jpg,notumor,2,Training,train,8b885da37475916c262dbbe902a956cf428c25a50341a9f90a2bf1b1593e1600
data/raw/Training/notumor/Tr-no_908.jpg,notumor,2,Training,train,01d1c6fbd532ffcffc8e8a12c8ce33f0f06a18d934e6a8eefd129837a318346e
data/raw/Training/notumor/Tr-no_909.jpg,notumor,2,Training,train,a4ed4586d703009da60b5a21b1202e9b828cf9e49bb29ccf38deb34756ce035e
data/raw/Training/notumor/Tr-no_91.jpg,notumor,2,Training,train,11abcf6010655f673b3f17e466a15566ead35777d4f48e6b38c59bc0353cf2f6
data/raw/Training/notumor/Tr-no_910.jpg,notumor,2,Training,train,7bc71c9c82e90be7aabf30fef051d022f3e6311ff563e26b109cee89ad971d85
data/raw/Training/notumor/Tr-no_911.jpg,notumor,2,Training,train,a3b52d8a675f4344381842cea58e6966d3a9bd4fff0e77685c0656b1838cce9e
data/raw/Training/notumor/Tr-no_912.jpg,notumor,2,Training,train,e34b6fd8d386909b5697d82c506f20094d1fdbde49009baf7dfb2009fa43d07e
data/raw/Training/notumor/Tr-no_913.jpg,notumor,2,Training,train,da99d997905f712cfb948d63b23a292382cbb2954e55ebda62fe39f160b50686
data/raw/Training/notumor/Tr-no_914.jpg,notumor,2,Training,train,e130cfc24e95713dda3b1d5df0143d1a50a63e68c0e915f64d2a83a65a8e7524
data/raw/Training/notumor/Tr-no_915.jpg,notumor,2,Training,train,c0d1e5abda85523b9d0dbe2bccc28a00e966e0f67a3e4168e39ad497ac7158e1
data/raw/Training/notumor/Tr-no_917.jpg,notumor,2,Training,train,b944ccb1f8b4c09fb5231419837ef912d06e10d001ef0768cfc227c0e80d8e7f
data/raw/Training/notumor/Tr-no_919.jpg,notumor,2,Training,train,71cc91673927e9148f575e602494044857ffecbd3a5f21de266639d4186a9e64
data/raw/Training/notumor/Tr-no_921.jpg,notumor,2,Training,train,59fb3e772b92db63f473d2a2678efa29bb3ea681a1d7f8650127f03fc74ded3c
data/raw/Training/notumor/Tr-no_923.jpg,notumor,2,Training,train,7ee836b109f2c2c06227d2a76c839e8cb12031490f8aba49ebc97d42f6a96b0b
data/raw/Training/notumor/Tr-no_924.jpg,notumor,2,Training,train,531e6649cb61bc0642c26701799dad7ef2551fa122e88218106c52a30204f4a8
data/raw/Training/notumor/Tr-no_925.jpg,notumor,2,Training,train,36c69ebf62395f88607b82f7a9ebb541f8afde5ea753316bcaa7daacc0ad4dac
data/raw/Training/notumor/Tr-no_926.jpg,notumor,2,Training,train,d2ccd37df0f04d84305b75efcb278e75be720bb3b3d463610e8a86ffb72a85eb
data/raw/Training/notumor/Tr-no_929.jpg,notumor,2,Training,train,3f3bddf1bfd9c18fada07d9a90325f3b238bc2249f27f9fc494c1d6cbfe5ae53
data/raw/Training/notumor/Tr-no_93.jpg,notumor,2,Training,train,f312e388a4ef96442e3e21fbbfd789d5d5b0f66a7a5dc73a69fc0bfc59a8ab11
data/raw/Training/notumor/Tr-no_930.jpg,notumor,2,Training,train,9af05acd768793e89fc6776c3af838b0bf0747cfc3a3737e1cd3af44ea09c930
data/raw/Training/notumor/Tr-no_932.jpg,notumor,2,Training,train,55a5c27e341608b7608d0fae31ea7a3db7eb111f99fed274c9cf0d6b081fa973
data/raw/Training/notumor/Tr-no_934.jpg,notumor,2,Training,train,7ab20a3b021fbf7cb74678540d6a5c85dbcca57d176928188cf9d8b008a28bb2
data/raw/Training/notumor/Tr-no_936.jpg,notumor,2,Training,train,6e19d56c4541641458145227f5d6ce8970d34f5555df32b06a041401bcb90838
data/raw/Training/notumor/Tr-no_937.jpg,notumor,2,Training,train,2e8f3621ffd3aca8f681bea21f60c6af8958877fc6dcee69e02b5df94e114b36
data/raw/Training/notumor/Tr-no_938.jpg,notumor,2,Training,train,4aa6ed6c6badda46f69ad31fa48b99534fd40a155bb0025229ec3671d1481a8c
data/raw/Training/notumor/Tr-no_939.jpg,notumor,2,Training,train,a95b8b97b1987417234f09cf286460225e2f7b6b5ed1b9de00435a16e4947b93
data/raw/Training/notumor/Tr-no_94.jpg,notumor,2,Training,train,6dd5c3eae38413e4cb80e761c0930b7bdd92d1031a085074007d1bb183ee3e1f
data/raw/Training/notumor/Tr-no_940.jpg,notumor,2,Training,train,c2ba1e2132c272097f3b8ed80fbe3a13c932c20e0a058859fd9956702153048d
data/raw/Training/notumor/Tr-no_941.jpg,notumor,2,Training,train,b8052107fc01a03c9ea936bb3cc16b50ecea33821b76b93d15403cbf3330cad9
data/raw/Training/notumor/Tr-no_942.jpg,notumor,2,Training,train,60a26980077fb81c2b22a7a836a45a929a2e7e2768568d8f3c492fc7abef78e5
data/raw/Training/notumor/Tr-no_943.jpg,notumor,2,Training,train,289666d15eefec218618c28416b4d944ce4f993c0ff407daa16c37c43dc36e84
data/raw/Training/notumor/Tr-no_944.jpg,notumor,2,Training,train,7c253da5718d4579027b2a16b0fbb52bdaea592c53b85fafbf0940733daec2b9
data/raw/Training/notumor/Tr-no_945.jpg,notumor,2,Training,train,e25de45b12843e4596ffca6e61d1a26a0589069ed0a81a0bb36c5ea763c8cc77
data/raw/Training/notumor/Tr-no_946.jpg,notumor,2,Training,train,fb9efc392533bc8dbbc3d107a43a31b16d512b881955e4a9c37592305dbe58da
data/raw/Training/notumor/Tr-no_947.jpg,notumor,2,Training,train,5f6bdd7669245dd73ea4024663fa2240a13ba3bfc812c6442a23d9067aa96d8d
data/raw/Training/notumor/Tr-no_948.jpg,notumor,2,Training,train,ba0eb3efd6559c9ca78d043c9e7d29646f87eda93d6e0966b0b4e2edbb74f210
data/raw/Training/notumor/Tr-no_949.jpg,notumor,2,Training,train,0729ee61cd7d09d2ec6ec054328331a5a76f30092cc882ca318532b20a024dc9
data/raw/Training/notumor/Tr-no_95.jpg,notumor,2,Training,train,c97a66ac98a7dae4dcba99e0d895143ddb9c8f46fdb14db0ddfff6a3773fae24
data/raw/Training/notumor/Tr-no_950.jpg,notumor,2,Training,train,5a3188e76509aef2e0668b515b6d88786e7f9e61aaf49f02f083e842ffbd4235
data/raw/Training/notumor/Tr-no_951.jpg,notumor,2,Training,train,59a2c84bbdc184158eda535ce9f97ece585bc385ea594f878394f8eff78efeca
data/raw/Training/notumor/Tr-no_952.jpg,notumor,2,Training,train,61f9ff0caf5f1a1a84743aec1ef38f6760e2d3feca81875c89cbbaefa31d2d23
data/raw/Training/notumor/Tr-no_953.jpg,notumor,2,Training,train,2da4892ae42747cfdda846378af2e16282996d376d758a5700e8a2c297080a33
data/raw/Training/notumor/Tr-no_954.jpg,notumor,2,Training,train,55bbc9f7d883be81454a90632b3b241b57e8e073b407b88f8e472125be05fb1b
data/raw/Training/notumor/Tr-no_956.jpg,notumor,2,Training,train,959ebfac7337756ed63684f218ab32f4181277e25990ae91accdc8f696cc4da1
data/raw/Training/notumor/Tr-no_957.jpg,notumor,2,Training,train,1347df364f2c0743fd69f248c9eac6aebc183cc2221a07854ff6aafab040966f
data/raw/Training/notumor/Tr-no_958.jpg,notumor,2,Training,train,0a832deee2b11878df626c5873e48ec32f206016d3d5e0492d6b32fc929e6c2c
data/raw/Training/notumor/Tr-no_959.jpg,notumor,2,Training,train,a8155f8b8f640f8464b58a380026d01471800d15e76cbfd9678848d669c7e3a7
data/raw/Training/notumor/Tr-no_960.jpg,notumor,2,Training,train,06e3ba420bfe3e67af202f95309456d158c6496f86dce107aa546dd0a74b1ba4
data/raw/Training/notumor/Tr-no_962.jpg,notumor,2,Training,train,c59d4c3294098e50c969e58f7e834eb8146a5fb17b6b79660291a7c6a3cad4ad
data/raw/Training/notumor/Tr-no_964.jpg,notumor,2,Training,train,36d2baee29de4e8dcea2bcbe2bdb22ce156cd2171a3f8f5437794b5d0f87d86e
data/raw/Training/notumor/Tr-no_965.jpg,notumor,2,Training,train,9ac7747e95f562d77113e20b433fe5c0431bcb4120356bbddd9d8e34290b1112
data/raw/Training/notumor/Tr-no_968.jpg,notumor,2,Training,train,27c9acaa0b75f4e86a4dfd8a1bdc1063e867598257e3b36365561a4c06ec37d7
data/raw/Training/notumor/Tr-no_97.jpg,notumor,2,Training,train,1046691dbc5f4354039ab7a946f1c13ba1f0021cde258cf5a1fbe7611528b3bb
data/raw/Training/notumor/Tr-no_970.jpg,notumor,2,Training,train,848319fa803a07c09363808d245bba2de5e74d769cf46770d39d357a3dad6b0b
data/raw/Training/notumor/Tr-no_971.jpg,notumor,2,Training,train,dcec21068465d771bb815fe25baafbe607a6452e4d3d35060aaff7f1748dbf4d
data/raw/Training/notumor/Tr-no_972.jpg,notumor,2,Training,train,34999f909bda8394863f361b692821390122dbddcff11a32633525b222247a1f
data/raw/Training/notumor/Tr-no_973.jpg,notumor,2,Training,train,7656c4aaa80937bc0135b900897e98862c15ef668d9db3c301d81bd05bae1cdb
data/raw/Training/notumor/Tr-no_974.jpg,notumor,2,Training,train,c6eab5a180a3db800d5eeb4531d01b57ae5aa432171cfafa8b1f8cfecfed4c53
data/raw/Training/notumor/Tr-no_975.jpg,notumor,2,Training,train,7d3ed9bbd82529237c3a31107966ecad504ffb5d3ed73ba36d19d8cd1d8e0d48
data/raw/Training/notumor/Tr-no_977.jpg,notumor,2,Training,train,b23fe6dad4ff5e7e0fe80d1d315399658298647951c5f5e148e8c0d6ff6e3b5e
data/raw/Training/notumor/Tr-no_980.jpg,notumor,2,Training,train,b2fd5ee388ee55d2379d51713bed67a7cca266291e8f3a8c6a1fbeef449f49e4
data/raw/Training/notumor/Tr-no_981.jpg,notumor,2,Training,train,0a716d5b83133cb727381d1383d5c59e23c11b7fabdbf7dbc579acb879f6efa7
data/raw/Training/notumor/Tr-no_982.jpg,notumor,2,Training,train,0104aa775534f5dab977014bb0256368f96f262f3c377bcd14a103b65679f73f
data/raw/Training/notumor/Tr-no_983.jpg,notumor,2,Training,train,02c8798f25febf7249e74bed752f4a25e205e674a647f0f37e2ba2b7cdcea275
data/raw/Training/notumor/Tr-no_984.jpg,notumor,2,Training,train,173a41b949f0af0ea4e90b335de0e1885e92e9ad296cd59ab88646ac39e17fc7
data/raw/Training/notumor/Tr-no_985.jpg,notumor,2,Training,train,9330a2005429b499301a0573847d1fcfeb71276420068a5817fec5c9cee5be26
data/raw/Training/notumor/Tr-no_986.jpg,notumor,2,Training,train,cf295c8a79eac47c584277004796711036d122ae829ceaca90099f1ec93f3884
data/raw/Training/notumor/Tr-no_987.jpg,notumor,2,Training,train,233a5d8b0deeed1fc4a2d8ba343d38c761b76ed8b751945e350ca7e03aaefda5
data/raw/Training/notumor/Tr-no_988.jpg,notumor,2,Training,train,2a3b9b423f3d550d79219fca9633548aeb909b9b514497dca4e662829a1fc094
data/raw/Training/notumor/Tr-no_99.jpg,notumor,2,Training,train,29bd72d00d4c467e039beaaf119d9aad893f402adc94c19cdd203a7ec8b4aace
data/raw/Training/notumor/Tr-no_991.jpg,notumor,2,Training,train,e55bb9a6583a9504dbc7db02b03c81ff314943755f5b14faf4b405a61daf4edc
data/raw/Training/notumor/Tr-no_992.jpg,notumor,2,Training,train,e0c4e90be96ecadc5b633a6dea95cbafefd17bce417e81291ff9c6e778b621a5
data/raw/Training/notumor/Tr-no_993.jpg,notumor,2,Training,train,c9687992fb9b08ab473b261f402dcf5c196db74f8f5b0a68a8dde724e6a58280
data/raw/Training/notumor/Tr-no_994.jpg,notumor,2,Training,train,c6deb2680ade67d4dd9abecb7e6c3fa420dab1022d8b3678a48d9ac66fd5ddce
data/raw/Training/notumor/Tr-no_997.jpg,notumor,2,Training,train,11710fc637162c21b6e62968d417c852ec8daa3c4cb42a403b775db39b44e3f0
data/raw/Training/notumor/Tr-no_998.jpg,notumor,2,Training,train,7d0e904594eb462df4711a65e663881b180690be7c6d70c2279323332c468c86
data/raw/Training/notumor/Tr-no_999.jpg,notumor,2,Training,train,c9717a332981ffed9fe067fa13b61c369ea87f8b2450e50fe38c9b126c9fcd94
data/raw/Training/pituitary/Tr-pi_1.jpg,pituitary,3,Training,train,85dcc55ce7154e7d2dfae90fc92cfa21cbb1786fd10c6e320870d2f255a1fa48
data/raw/Training/pituitary/Tr-pi_100.jpg,pituitary,3,Training,train,e80f43f4f1febc8a8031b42cfaf228b1764355e42d0512505b8929ebf432dd60
data/raw/Training/pituitary/Tr-pi_1000.jpg,pituitary,3,Training,train,4dfc272a54cb24534f43f84a144e0b5892dfdb1bef2b45c8ae51c93a20752dea
data/raw/Training/pituitary/Tr-pi_1001.jpg,pituitary,3,Training,train,a52d8f94f6c05eb03bd3f45b4bc71a933a598f2f1f9fb900207688308a0f562f
data/raw/Training/pituitary/Tr-pi_1002.jpg,pituitary,3,Training,train,23703e283ae0fb06613fe7e3c8977a535ff2f3d046e8f9623b4c2d6f703d54ce
data/raw/Training/pituitary/Tr-pi_1003.jpg,pituitary,3,Training,train,c8dcce3bcef1c7f20a760c7c45ecd1fd2b3d63db6a68dfc1ce3a778055f2fbf6
data/raw/Training/pituitary/Tr-pi_1004.jpg,pituitary,3,Training,train,a2cf5cc53e074a31781ab40fa1c6c3879be8a508d7551ffd053198c70f82f66c
data/raw/Training/pituitary/Tr-pi_1005.jpg,pituitary,3,Training,train,1dbe4efa3047cd8f8eb027ed7f13e58eaa5a74a326ffd1102a4c235bd7182f7f
data/raw/Training/pituitary/Tr-pi_1006.jpg,pituitary,3,Training,train,337dc53236cb4b2d78a50b5c73323c66787fda550cf3fef17cb70603f7b8b370
data/raw/Training/pituitary/Tr-pi_1008.jpg,pituitary,3,Training,train,0b4f0872cbd52f120a5574d50595ebcb7fdd1a76c6a77591593a905aff13bea2
data/raw/Training/pituitary/Tr-pi_1009.jpg,pituitary,3,Training,train,36ae31f0ee0de7f7b50e3b77fde7bf81a67b3c5830824e988de1e173104f98df
data/raw/Training/pituitary/Tr-pi_101.jpg,pituitary,3,Training,train,86bbe427251aa3f43574586c1de02534944e78d54d64375d4a2d92d6f348f40f
data/raw/Training/pituitary/Tr-pi_1010.jpg,pituitary,3,Training,train,278c865065e2744ef9904c76c2b15595e63023bb6167bb419facae9b2a267eb8
data/raw/Training/pituitary/Tr-pi_1011.jpg,pituitary,3,Training,train,dd75fa635943e0d2b29360aa4a6fb53859fd1ab037dc8de7fd8324ef3345599b
data/raw/Training/pituitary/Tr-pi_1013.jpg,pituitary,3,Training,train,f1d953aa17ddfa85687a527c573a814876e3ed157e844fe78ad3abd3017ee46c
data/raw/Training/pituitary/Tr-pi_1014.jpg,pituitary,3,Training,train,03dad77027ac10c2591e81b6cf40020a5ae088eca22d27675758dfc9184eae46
data/raw/Training/pituitary/Tr-pi_1015.jpg,pituitary,3,Training,train,2679e952f4c5c4fc70323698b1dd73c732fa4d363f9cb8b0290e6020205f0833
data/raw/Training/pituitary/Tr-pi_1016.jpg,pituitary,3,Training,train,a30c747f99de63bda282fdbe6835268357bfe99dcd6e644ca1b2dc22a1f6d6ff
data/raw/Training/pituitary/Tr-pi_1017.jpg,pituitary,3,Training,train,5356fe18570b280ba478b8334ff4ff1bb06131fecd66bbb8c92db12f79803a32
data/raw/Training/pituitary/Tr-pi_1018.jpg,pituitary,3,Training,train,11576cbb30883fcaae6d7bf292b4753abc5c8504d913a5d70e2874e09349d9f6
data/raw/Training/pituitary/Tr-pi_1019.jpg,pituitary,3,Training,train,89164c880fa1cc1525551d67a32afdadf06c9e69cd149a6612419d2b5cefec69
data/raw/Training/pituitary/Tr-pi_102.jpg,pituitary,3,Training,train,888ae8d9710ba7e7b12900ee9ab10ca1452ce99f7be22fdaa0f6e65b9838d1dd
data/raw/Training/pituitary/Tr-pi_1020.jpg,pituitary,3,Training,train,40e0f7a8a41dc0ec853c05882665b4be20f4694fd566bac8ebf8ad3613b4e06e
data/raw/Training/pituitary/Tr-pi_1021.jpg,pituitary,3,Training,train,5b39d33facdf14cafe67f35029c5784f6c69928ca1c0d400558032b82c8c242d
data/raw/Training/pituitary/Tr-pi_1022.jpg,pituitary,3,Training,train,01e9e945d414f2393b28b31868c26cab1a36437e53940f3c93d61b0e8197579a
data/raw/Training/pituitary/Tr-pi_1024.jpg,pituitary,3,Training,train,2215206c95fadc542497cc6e26ec8f8579f0aaa63d954a1319043adb49028634
data/raw/Training/pituitary/Tr-pi_1027.jpg,pituitary,3,Training,train,cc622752849a3bac19daa1e3a9bfe657aa51e1aa136c7dfc752e8c35d22ceecf
data/raw/Training/pituitary/Tr-pi_1028.jpg,pituitary,3,Training,train,692fe274c703ec9d6861cea9c8111df3070cc94be9b6474df3c43e4f8d64bd8f
data/raw/Training/pituitary/Tr-pi_1029.jpg,pituitary,3,Training,train,ee78940b5ae5d8ca3af0fa6dd1bc77b1e522373cdf266c44201bb39fe4a91260
data/raw/Training/pituitary/Tr-pi_1030.jpg,pituitary,3,Training,train,813c365fd68794ca865c5d6a68581feafe2c797859e959ac5ecf9fea022627ec
data/raw/Training/pituitary/Tr-pi_1031.jpg,pituitary,3,Training,train,b0834d7d889af8355b81ca21c81a15e55e703727b2e9400aa772e9826455c7e0
data/raw/Training/pituitary/Tr-pi_1032.jpg,pituitary,3,Training,train,8d7cb01aae04aabca3bb7a8c237e3465c0d005ca43c1c434ddc54171c003911a
data/raw/Training/pituitary/Tr-pi_1034.jpg,pituitary,3,Training,train,28a5f64b741d9a8a8921caf15668bef7da8525dcb4680697be2c63ab197471e7
data/raw/Training/pituitary/Tr-pi_1035.jpg,pituitary,3,Training,train,13a3b308144b209a488737415f09f37aac496bbb8f628e8a7d9752199a047ae1
data/raw/Training/pituitary/Tr-pi_1036.jpg,pituitary,3,Training,train,966b783f0904f0a1e269638cb29afe60b93072a5023abcc4096fceb87d0bf69e
data/raw/Training/pituitary/Tr-pi_1037.jpg,pituitary,3,Training,train,87a234c75bc70fe66ae99094400eff598ea41581f8807842f4c357cd0e0e2b01
data/raw/Training/pituitary/Tr-pi_1038.jpg,pituitary,3,Training,train,cbf0c6e83823bb9deca10e8df22caa30990ff5c1638d2808ed648deacfcd75e4
data/raw/Training/pituitary/Tr-pi_104.jpg,pituitary,3,Training,train,096bd5b8b49079020efdeda50c921c727dfe610aec78228af8904f77caa19fad
data/raw/Training/pituitary/Tr-pi_1040.jpg,pituitary,3,Training,train,dafea7ca2e91e4e2533efa2f56686a463ee0de34a4822cc6a8ed3f4d4efa824d
data/raw/Training/pituitary/Tr-pi_1042.jpg,pituitary,3,Training,train,0b9e076d1b9f7777c48a1a9f84fcee4f1e7ec3eeee3b9131b2e192899a841c95
data/raw/Training/pituitary/Tr-pi_1044.jpg,pituitary,3,Training,train,65f15f0f7f6c56a3367511ac01007b6459f28285c0f623da5bc8c3f822a353d4
data/raw/Training/pituitary/Tr-pi_1045.jpg,pituitary,3,Training,train,c2eb40de407cccb68b425748f0fabae16ecd3745ff2f53b5f4b2367756b3fb49
data/raw/Training/pituitary/Tr-pi_1046.jpg,pituitary,3,Training,train,0a460f8b5dc7a944d20023245fae69c49f08753986de3a9a79b31cc156b7eb1e
data/raw/Training/pituitary/Tr-pi_1047.jpg,pituitary,3,Training,train,b52b210dcbdc4488777b4d8991fca0b982eb3ee2e5df62a042f54362c0f4371d
data/raw/Training/pituitary/Tr-pi_1048.jpg,pituitary,3,Training,train,23566c7893061bc4c9fc965dace7da9b0756c8a143078ffae8e02fd17153e116
data/raw/Training/pituitary/Tr-pi_1049.jpg,pituitary,3,Training,train,0489b766cec142559599eebca9ddd5fb27390a6140dc3d15887f03563cc6e034
data/raw/Training/pituitary/Tr-pi_105.jpg,pituitary,3,Training,train,b75093dcc93238d15dec03fad81ad2dc37035a955a59f83e0717881082b76fc6
data/raw/Training/pituitary/Tr-pi_1050.jpg,pituitary,3,Training,train,0c1a09af2ede5982a12730325549fc53b3304ebf1fb21683a4dcb1559d595d37
data/raw/Training/pituitary/Tr-pi_1051.jpg,pituitary,3,Training,train,2b2547b2824b6e38856072cf15b03ecdce80ffebe802175fc32593ea7103523c
data/raw/Training/pituitary/Tr-pi_1052.jpg,pituitary,3,Training,train,2cfdbb9ec9817e1c3d082e05bafbda873564cd306a497c5d766ffe5ce0ed1f57
data/raw/Training/pituitary/Tr-pi_1053.jpg,pituitary,3,Training,train,bf3930763e2ca22755d8472d76ab37ce8bd476333e4abe349c6b8ca0610f4851
data/raw/Training/pituitary/Tr-pi_1054.jpg,pituitary,3,Training,train,9cf9b7c9e35b9f5a7ef60e9448f60bc89b5b3b28efd605f8087514a61a160886
data/raw/Training/pituitary/Tr-pi_1055.jpg,pituitary,3,Training,train,54cd82638bdd10c0d459ec7ff9417b813ccc44cc41471d959add974cd302cb24
data/raw/Training/pituitary/Tr-pi_1056.jpg,pituitary,3,Training,train,ea7d6b08b7112c10cb818c2ebb590ce9bb2cc5bb52f93bc37cc664cf881aefd8
data/raw/Training/pituitary/Tr-pi_1058.jpg,pituitary,3,Training,train,a7292299596072d5318e91c7d72ebf6b709ad656a75e204e917ce257ea32048a
data/raw/Training/pituitary/Tr-pi_1059.jpg,pituitary,3,Training,train,a3cfad8a47b6c8c3aca6a2b4421a8ee81382a7aeff0002fc49bb562ce06250c3
data/raw/Training/pituitary/Tr-pi_106.jpg,pituitary,3,Training,train,e9ccc36ccdbefa5fb2d05b38469d98e77aea14e7a4a7a35c6e45896cd27bfab8
data/raw/Training/pituitary/Tr-pi_1060.jpg,pituitary,3,Training,train,eefbca2e0cf43f1331b1b8155ed7f7293a3d3f02a7965fbe02954a832cc97c5b
data/raw/Training/pituitary/Tr-pi_1062.jpg,pituitary,3,Training,train,ac7cc8a3e74548137747b5e8f49a349fbfe53413fd4f270e1c50be94b923b22b
data/raw/Training/pituitary/Tr-pi_1063.jpg,pituitary,3,Training,train,0b8eb0d5ea57ea7f094ed9fa29350f7201fae8333e044b89c70bb09664b6a6d0
data/raw/Training/pituitary/Tr-pi_1064.jpg,pituitary,3,Training,train,0b0f63dfce41d1dfd813b0ccbff38db680918a47f8712f3ae042ab248f947548
data/raw/Training/pituitary/Tr-pi_1067.jpg,pituitary,3,Training,train,7aec92ccd62386da2ef724e12486ce23443737754717b8e7e564080a58a6e17a
data/raw/Training/pituitary/Tr-pi_1069.jpg,pituitary,3,Training,train,794624ac5739eb6e1101fb344278641978b97280e159f6fb6610d4a7105d8175
data/raw/Training/pituitary/Tr-pi_107.jpg,pituitary,3,Training,train,86137c9107b4d273aa49a3ae9c7e1b19852242f83eea452a781c9be9e14b5aed
data/raw/Training/pituitary/Tr-pi_1070.jpg,pituitary,3,Training,train,11a8060eaee0a8236dcbbeed8a226a125be3afcf6ba376d8f9f2fc42efa7dbfd
data/raw/Training/pituitary/Tr-pi_1071.jpg,pituitary,3,Training,train,b204aa522460d1a772549e65023ac4f67b3ad1f57a1be54c59ece19fcd2d0081
data/raw/Training/pituitary/Tr-pi_1072.jpg,pituitary,3,Training,train,8cc006891641c908e4aec0c2a10f2d84a59a90b843c0ebf23a27a2258a0c84da
data/raw/Training/pituitary/Tr-pi_1075.jpg,pituitary,3,Training,train,64da1e2ed0df51e4ec91d439e8fef6bd923ed3992a78ad72b0cc073bb6dd1184
data/raw/Training/pituitary/Tr-pi_1077.jpg,pituitary,3,Training,train,d55f5e1110988831e955b84909a0175cf29d478ab715385996763d39e4d36274
data/raw/Training/pituitary/Tr-pi_1078.jpg,pituitary,3,Training,train,0bff7bed09773012f217adcab9a0bbfb25111295433cb93fe7a85753dbef3471
data/raw/Training/pituitary/Tr-pi_108.jpg,pituitary,3,Training,train,7a37832960f5af36ad7ed583953d14e26870b1e85db3fe6651869eaedafca54c
data/raw/Training/pituitary/Tr-pi_1080.jpg,pituitary,3,Training,train,3c42d2b7bd1d413ebbf053e0eab076e287b961acee51b864ec21f156bdaed437
data/raw/Training/pituitary/Tr-pi_1081.jpg,pituitary,3,Training,train,4d6466d2d97189dc544936d99e09ba5045e739d7a25325018ab10b2d957c42d0
data/raw/Training/pituitary/Tr-pi_1082.jpg,pituitary,3,Training,train,2fc97fcdbb74907e1f32a2ee95a97353a26c40076a53628a530f738f3292a1ee
data/raw/Training/pituitary/Tr-pi_1083.jpg,pituitary,3,Training,train,d475af6f922f35665a02ef8b0a272eca7561db5df1f2384d28b025d1973e1f9e
data/raw/Training/pituitary/Tr-pi_1084.jpg,pituitary,3,Training,train,d81e993e706045e6d7950a3ca07fa9268a4957b9ff0e3c84bb0be10ee345e5e8
data/raw/Training/pituitary/Tr-pi_1086.jpg,pituitary,3,Training,train,63cf4a70dbad6c02b2c70d260aa7adc7196eac66490fe5debab01b023711559d
data/raw/Training/pituitary/Tr-pi_1087.jpg,pituitary,3,Training,train,65ceccb445979d6cd2dd4df7c1b9ab24376e1ac904959aca82a5513d9168031f
data/raw/Training/pituitary/Tr-pi_1088.jpg,pituitary,3,Training,train,d90c88b227a505cda8e51e39715edff3109fd89669047cb7fb9d7e7bb7c2722b
data/raw/Training/pituitary/Tr-pi_1089.jpg,pituitary,3,Training,train,4b9d301cb859f22fda8dd8b44a8d1df0a3a8e8364850196b0d7b78cf5659345d
data/raw/Training/pituitary/Tr-pi_109.jpg,pituitary,3,Training,train,559afe311562c0dc04c739d25fdb0921ff752d5b7f9f14f574930c24ec226e23
data/raw/Training/pituitary/Tr-pi_1090.jpg,pituitary,3,Training,train,6d8f3393815909950e3f14c042567f84cd6e6a901b331a3a9822992d42cc6ae8
data/raw/Training/pituitary/Tr-pi_1091.jpg,pituitary,3,Training,train,9d38c41cd3a4cc9f80907a1ce7335efb151b605cfe15b2ce31ec47da7a6cf6eb
data/raw/Training/pituitary/Tr-pi_1092.jpg,pituitary,3,Training,train,c82b3f451d34671e317619130567064628a5e6fe6f6d98b3d75a4d0b8b0d2777
data/raw/Training/pituitary/Tr-pi_1093.jpg,pituitary,3,Training,train,a9621878f7ba2bcb032775326139a3c6d3282ab79bfeee39e768f75f2daf53c6
data/raw/Training/pituitary/Tr-pi_1094.jpg,pituitary,3,Training,train,0e83f73c27a75d6063ff2ce1d0608e483eb67c67a2245240f0d0b462ebc4265a
data/raw/Training/pituitary/Tr-pi_1095.jpg,pituitary,3,Training,train,c1af54f2f9bdee2d2ecce4de81e56045b46c2bb70988dee44a73c4ea6331c846
data/raw/Training/pituitary/Tr-pi_1096.jpg,pituitary,3,Training,train,175adcad60ecfeaf4eaf91256e11a581dc5684fc3babfd8ef901a8f614bdc264
data/raw/Training/pituitary/Tr-pi_1097.jpg,pituitary,3,Training,train,4cb7bc160d3349f441a476260a5a171115e07aaf9bf7ac22fe9bd98837b6ec75
data/raw/Training/pituitary/Tr-pi_1098.jpg,pituitary,3,Training,train,93ea61a9b554ed27c76d767221bba1d6c8b24a03521aee53f4b822b89efa41b2
data/raw/Training/pituitary/Tr-pi_1099.jpg,pituitary,3,Training,train,7d5fd4745b9a6ce5cdcf9b2d1dd31c6e36a1a9e1aec63e656369022dd0cd9a7c
data/raw/Training/pituitary/Tr-pi_11.jpg,pituitary,3,Training,train,c86a932b2313c54b5ee10adf14da318ad76d07c9de0df5301c29bcc8301d56aa
data/raw/Training/pituitary/Tr-pi_110.jpg,pituitary,3,Training,train,79e5e65d8fe4327a500b0c0cdfb88f63d2de66f860fc80c5de26273abc7d96d7
data/raw/Training/pituitary/Tr-pi_1101.jpg,pituitary,3,Training,train,546213e80f28768a32499a8e999ef4f66fb6cf26a3fec5b678620a571b10e436
data/raw/Training/pituitary/Tr-pi_1102.jpg,pituitary,3,Training,train,8598bdd31b3b440d5121f6c84ac721bbc9f005997523f832570876aaf8bd8a3f
data/raw/Training/pituitary/Tr-pi_1104.jpg,pituitary,3,Training,train,f3d5b508c07875febcede2f8acbd89ca0685693338c7c2648821c3abce04d7b1
data/raw/Training/pituitary/Tr-pi_1106.jpg,pituitary,3,Training,train,e280df4632d8cc0f1b7a7287cdb10b344a15fa346e18a8acbd9e89168a20dcff
data/raw/Training/pituitary/Tr-pi_1107.jpg,pituitary,3,Training,train,10fe39e9e871b0c2987ce17f526fd67141d1ca91bc23cdda4cbe44adf196ce1d
data/raw/Training/pituitary/Tr-pi_1108.jpg,pituitary,3,Training,train,19ff858279ad5e5fc13995a694954ebc16bc5b0c5d9c555e96e6920f27b51272
data/raw/Training/pituitary/Tr-pi_1109.jpg,pituitary,3,Training,train,c5662b6a9ac5ff4083d41ecd6be33e4692ffe16248596d5db04e3706d8b386ea
data/raw/Training/pituitary/Tr-pi_111.jpg,pituitary,3,Training,train,b7dd89650ba1ebe258f3093c457b6a4f17e204f682115cb8a87e7b7a5e696b87
data/raw/Training/pituitary/Tr-pi_1111.jpg,pituitary,3,Training,train,c583dc707de5486fbf3dc0e774bf8fdf600ba420be452f2df812d74376d9b65e
data/raw/Training/pituitary/Tr-pi_1113.jpg,pituitary,3,Training,train,c311a5a5f69d793b73860932397a7b85db7c52bd86bb3b209c01666a259c38df
data/raw/Training/pituitary/Tr-pi_1115.jpg,pituitary,3,Training,train,4f81bf5bea728dd3780e779548921ac365edfdfe5729ce6f729f67290efe6676
data/raw/Training/pituitary/Tr-pi_1116.jpg,pituitary,3,Training,train,f08ac5f66d70af4a0c3f66181b7ef8ebfed0c9c597bf0cc164d0da5c97613e4d
data/raw/Training/pituitary/Tr-pi_1117.jpg,pituitary,3,Training,train,093339c41d9946158257322dbd4a2aeb5e56fa736aeea67c8333318ad5434aad
data/raw/Training/pituitary/Tr-pi_1118.jpg,pituitary,3,Training,train,4ec4a8bb61f8eafd1be3ef1f140ba4a3ae7eaba72c137cd6555451dc3ac3614e
data/raw/Training/pituitary/Tr-pi_1119.jpg,pituitary,3,Training,train,5e066539936f4693c92f1b465478dc6fd5182c2b477f3b1fd5be4bbfa63f6376
data/raw/Training/pituitary/Tr-pi_112.jpg,pituitary,3,Training,train,e815467a5ef6c8653d3fdf189e52a214756174fb4a2c9cadb309bf2aff964344
data/raw/Training/pituitary/Tr-pi_1120.jpg,pituitary,3,Training,train,de2effab2ee069e4a228e6f72a9304979cab18164901f9ef301bfa79ec0f2c20
data/raw/Training/pituitary/Tr-pi_1121.jpg,pituitary,3,Training,train,59d337700c5185898453a717e791fb93403609f150138c2016976b990752f535
data/raw/Training/pituitary/Tr-pi_1122.jpg,pituitary,3,Training,train,ac081dc77c62c1902feb757aa652c2af19c67d31ec646fd3f2a50249729f570c
data/raw/Training/pituitary/Tr-pi_1124.jpg,pituitary,3,Training,train,3a0726d0d352e0b2ff95be596a176b987eb5afa5fe369cb3c26f32c6c32ebcc4
data/raw/Training/pituitary/Tr-pi_1125.jpg,pituitary,3,Training,train,d4d574ce487be642016532453336ca6403b65971034e325fae945cf62db00f6c
data/raw/Training/pituitary/Tr-pi_1126.jpg,pituitary,3,Training,train,9922577861439c4f6eb2518eb54377db4bc147811dc55ef06f6b8f7f658985a1
data/raw/Training/pituitary/Tr-pi_1127.jpg,pituitary,3,Training,train,ae575f364fc31a8adb82e64e401564882c462ffd3efa67d7a2e90958ce7c9c6e
data/raw/Training/pituitary/Tr-pi_1128.jpg,pituitary,3,Training,train,aec694abf291378cd7ea72cf9ade0ebf0a48b8571edf8a4df58fbcff6001054a
data/raw/Training/pituitary/Tr-pi_113.jpg,pituitary,3,Training,train,e406e11fc41eeeadfb90f8ddb5202af455f2e953f0b5ab2154713f5f1163db68
data/raw/Training/pituitary/Tr-pi_1131.jpg,pituitary,3,Training,train,0a45a995e13a0ca574cc5e0efd9757e62c93130b3a086235d9383cf4abd81280
data/raw/Training/pituitary/Tr-pi_1132.jpg,pituitary,3,Training,train,a85299682d201c279642624cbd064fb1962c15c3acc252ba9c5bda078b7ffad2
data/raw/Training/pituitary/Tr-pi_1133.jpg,pituitary,3,Training,train,2040c161f3fc7f7e7202c8b6f6ab502fe7e6e8cceb10cd4a6a8d02fa2216f8e8
data/raw/Training/pituitary/Tr-pi_1134.jpg,pituitary,3,Training,train,ca1bc7dc7e5c20459779884e37f46b44e365a7c99a3dad494a72d36e97dd62bb
data/raw/Training/pituitary/Tr-pi_1135.jpg,pituitary,3,Training,train,32c47f4c09f46695c774e6e261fea52ef4862476faf5b395ef7a215066899e5f
data/raw/Training/pituitary/Tr-pi_1136.jpg,pituitary,3,Training,train,17348de7094bd75efa8be700086a44d480d539446cfd66f640d0cdb89644fcc9
data/raw/Training/pituitary/Tr-pi_1137.jpg,pituitary,3,Training,train,6e37891401bb4ed6151f239a5dff69bc3528790f6c672fc85d78b0dd8fae6dc8
data/raw/Training/pituitary/Tr-pi_1139.jpg,pituitary,3,Training,train,da789c5da48dd6ef19caee5eba19a1371806120fc65c83f7e86c98a7e676d3d5
data/raw/Training/pituitary/Tr-pi_1141.jpg,pituitary,3,Training,train,123586f85b52e7a9e4429bb3ccf198dada162fdfef3997644029f27f68453a8f
data/raw/Training/pituitary/Tr-pi_1142.jpg,pituitary,3,Training,train,4a29de6f50164f818ad07ce19ac301ae24bd35f24f2bbddbd5477a8ad52ff67e
data/raw/Training/pituitary/Tr-pi_1143.jpg,pituitary,3,Training,train,f0cb894e428939d6397f7d7cd979b9ca20a130cc82c31ec97b94c4529623a03f
data/raw/Training/pituitary/Tr-pi_1144.jpg,pituitary,3,Training,train,6a3cbd7cfeec3597f894288b1c7abdce35da39896cb6884a10264ac8c5ff5695
data/raw/Training/pituitary/Tr-pi_1145.jpg,pituitary,3,Training,train,ea6473845efd6cadd2065b34f346cc32cd58b25d4f6b4a2c90b265119b8e0099
data/raw/Training/pituitary/Tr-pi_1146.jpg,pituitary,3,Training,train,669c9deff6239c893d4aa6b2582029c843509648fd3ab8f1ff81626bb87da901
data/raw/Training/pituitary/Tr-pi_1147.jpg,pituitary,3,Training,train,2630c5486d28e06466ccf17491279ea6ec6ba9e26158b98606256e4090e53e69
data/raw/Training/pituitary/Tr-pi_1149.jpg,pituitary,3,Training,train,6e7df1c2518806102376ee4fd86b7512535cd89a8272c185d1932a438eb9eeb4
data/raw/Training/pituitary/Tr-pi_115.jpg,pituitary,3,Training,train,3a12147171e02ecf0cf6a0ef637c8bfb20e54911572d1d805cf04488349b336a
data/raw/Training/pituitary/Tr-pi_1150.jpg,pituitary,3,Training,train,b41c73b1bccaaf3d1d613f90ecac9ca4dd941667bf41d49d08889e2911ab2fac
data/raw/Training/pituitary/Tr-pi_1151.jpg,pituitary,3,Training,train,ee1f01512eaf7c962888aa9f2b772a524c6edc53fadb5d4d9f7f138d522f1da8
data/raw/Training/pituitary/Tr-pi_1152.jpg,pituitary,3,Training,train,fa1cd4c3598c3d5352be3c9211f555cdd4f94e21e5be76efc572d994c379b874
data/raw/Training/pituitary/Tr-pi_1153.jpg,pituitary,3,Training,train,9191713973a0c1785dac224231a09c94236776ba630a032b554aaaf5b1b033eb
data/raw/Training/pituitary/Tr-pi_1154.jpg,pituitary,3,Training,train,de35915b30be9cb513305bb03b1fcf263dadf7259aa666e02f09215118f7f65a
data/raw/Training/pituitary/Tr-pi_1156.jpg,pituitary,3,Training,train,29f7d8cbe83c3d4f13c2a7a09bea6479aaadd3744a4db0b07cd35b159013cab3
data/raw/Training/pituitary/Tr-pi_1157.jpg,pituitary,3,Training,train,9ae6a3343b970e96387ae95f6ee4d97e918a0b5c179db22f4702e85516e03975
data/raw/Training/pituitary/Tr-pi_1158.jpg,pituitary,3,Training,train,7e754b053fde0b657d3f4c4a3d4808304b6c2d39a31c75522185e42dd67e2183
data/raw/Training/pituitary/Tr-pi_1159.jpg,pituitary,3,Training,train,b35e517f8f891c6c79cfe47473d96a085550c9a3178413792693f24cda4ff097
data/raw/Training/pituitary/Tr-pi_116.jpg,pituitary,3,Training,train,bb1d8ffa07a806808055bce4f80b01cdebef7b9d94f6cfb86d1cae55977583b4
data/raw/Training/pituitary/Tr-pi_1160.jpg,pituitary,3,Training,train,394a2a3ce6712585c59208a38a4ce0dde271ed671c4ea0eaebf12e3796dc3b19
data/raw/Training/pituitary/Tr-pi_1162.jpg,pituitary,3,Training,train,b85b0f35fd606fd6d98280f06500206ebc9038bad3e88f23965a036a0812e685
data/raw/Training/pituitary/Tr-pi_1163.jpg,pituitary,3,Training,train,99ea012f84dd9079b3e807e061efa3dd4dba3968c9ef293051d280494a95178b
data/raw/Training/pituitary/Tr-pi_1164.jpg,pituitary,3,Training,train,5e45a52938fdb2aedd6a97516145a95e0ecaaed6267a35e82539f5295b32ddd0
data/raw/Training/pituitary/Tr-pi_1165.jpg,pituitary,3,Training,train,6cba0227284eda770556edcd432d889a63f2d06206a9cc2dcef0fc1924d312c1
data/raw/Training/pituitary/Tr-pi_1166.jpg,pituitary,3,Training,train,a4ac81339ffc1bcdcd0e538f53cde3102baed27f5787c5d1952529f8193a9a31
data/raw/Training/pituitary/Tr-pi_1167.jpg,pituitary,3,Training,train,f8df03b7caf49fdeec2121098b04cfc78dd8b46b8b4a4e03d8edcbe829d28d9f
data/raw/Training/pituitary/Tr-pi_1168.jpg,pituitary,3,Training,train,13b5d2994a046400cddce42771ad82a47ee704a1734bd5ed27449826528d8878
data/raw/Training/pituitary/Tr-pi_1169.jpg,pituitary,3,Training,train,b425d9c3aae91e0723ab0fd2746afecc501de42afd78ab3e86ef9d1c82f9f531
data/raw/Training/pituitary/Tr-pi_1170.jpg,pituitary,3,Training,train,1fa4832f992ad72fab13a481f6cbccfa6e67daf32af33677bd05ade98158d412
data/raw/Training/pituitary/Tr-pi_1171.jpg,pituitary,3,Training,train,babe2204448db7fda826482dd1e2b5bcf360708511c1bcabacd7c923d3562d64
data/raw/Training/pituitary/Tr-pi_1172.jpg,pituitary,3,Training,train,d08e46aaa1920d88737b604e9a67cdcb7a9b5eac72916e1ac2717ab73846cf38
data/raw/Training/pituitary/Tr-pi_1173.jpg,pituitary,3,Training,train,e3632c3db28f34854cc5cdccb42da8fa98e8207ea5449cea36acffa8aa1a245d
data/raw/Training/pituitary/Tr-pi_1175.jpg,pituitary,3,Training,train,866daaf8eb6f40b5007d37f96c47510876674603048185d5bdf4e19b0dd45da1
data/raw/Training/pituitary/Tr-pi_1176.jpg,pituitary,3,Training,train,3d4ec2b45be65b6c7e010e10d7aaf6876ac3b711c12d3d4bdbfb0852c47d6c43
data/raw/Training/pituitary/Tr-pi_1177.jpg,pituitary,3,Training,train,f8416150f3beafa3a37bbb140aa7240858c1cfbad066cf0a63324df906255c59
data/raw/Training/pituitary/Tr-pi_1178.jpg,pituitary,3,Training,train,0776b47cd9935257742f82453873feeb3c8802a5ffcf9005f1714bf8d4cf70d7
data/raw/Training/pituitary/Tr-pi_1179.jpg,pituitary,3,Training,train,b07040fcda8d8834793e632594237c4fe8ad01dca02acd27d87fa9a9e5c08b9b
data/raw/Training/pituitary/Tr-pi_118.jpg,pituitary,3,Training,train,19ef5a1c7b40af8108cdc471d43b53af4d0e4717edce1868476dffc6f4126d1b
data/raw/Training/pituitary/Tr-pi_1180.jpg,pituitary,3,Training,train,513e4222e5b5085fa99a0d614326401325417985a1c2ac8357e16e0754709838
data/raw/Training/pituitary/Tr-pi_1181.jpg,pituitary,3,Training,train,f764c8846c7fe11dce4e99b2bfa153347eb2976ae53857392f31f82b127b2270
data/raw/Training/pituitary/Tr-pi_1182.jpg,pituitary,3,Training,train,6202045c980db4efd0747cf0ff62880374c25d24a1b528d35ee8815744ff432f
data/raw/Training/pituitary/Tr-pi_1183.jpg,pituitary,3,Training,train,444bc9b4a0a897da27850c1643469a7d672e9688e5c8c628f0eac658c23dc7cb
data/raw/Training/pituitary/Tr-pi_1184.jpg,pituitary,3,Training,train,5aa00eb43b76989355553eb41ad34e4b1cb0cef508e8e6e32678224731df6018
data/raw/Training/pituitary/Tr-pi_1185.jpg,pituitary,3,Training,train,a30902b53ded75d82bc63044ff156a3cc12c52a8b1d12cd860777c2dbe0fe5ab
data/raw/Training/pituitary/Tr-pi_1186.jpg,pituitary,3,Training,train,1ddc5ccc4a192592b15e96d23e5bc20536915b59931a6e87b0fa629b9f24225e
data/raw/Training/pituitary/Tr-pi_1187.jpg,pituitary,3,Training,train,aff49c4e9fbe859bc0608338e96e8e4eab4743e7100c05f81b48e68a799d38d4
data/raw/Training/pituitary/Tr-pi_1188.jpg,pituitary,3,Training,train,a9cbb1ae743bdb7cfdcdbfd6e35d730fad5c823157d94bcfa9602c32bf222adc
data/raw/Training/pituitary/Tr-pi_1189.jpg,pituitary,3,Training,train,9f99d911e66ecc5e010cff0694465df42eb8be2fcd747cba19dc102276faf4c8
data/raw/Training/pituitary/Tr-pi_119.jpg,pituitary,3,Training,train,4984ea2d2d3b0d6d6308ab42e2e3bbbc024c116120cb72c537e3d7c3017e8f19
data/raw/Training/pituitary/Tr-pi_1190.jpg,pituitary,3,Training,train,f60ed46213fcd857140781cb2b82c4074e70b1c4ba336f3ed529fa52ad4dbe0d
data/raw/Training/pituitary/Tr-pi_1191.jpg,pituitary,3,Training,train,b2c737427a055d59157685b672fbc68ee66aa972bf15d4134c4ea3e48f71781e
data/raw/Training/pituitary/Tr-pi_1192.jpg,pituitary,3,Training,train,1caa281ff54d3afc746ceaca1364152234450bbd17153687abf022012417959d
data/raw/Training/pituitary/Tr-pi_1194.jpg,pituitary,3,Training,train,18e44e5affbae16520ae1113a4fc2677aab36f7339fecacf5fb376fac686ba40
data/raw/Training/pituitary/Tr-pi_1195.jpg,pituitary,3,Training,train,ae9b5d9d602146ccb2bdd92a9ccb616f9bae77f36a90e719efad40454019337a
data/raw/Training/pituitary/Tr-pi_1198.jpg,pituitary,3,Training,train,b119ba991ef9234c8c7ba8eaf4b385c4aecea15ddbeef76e526d2b966bd63e23
data/raw/Training/pituitary/Tr-pi_1199.jpg,pituitary,3,Training,train,1fadb135a51ace8f7a2a26560928bf8c7f705b1583306954c0fb2fd902c83a13
data/raw/Training/pituitary/Tr-pi_12.jpg,pituitary,3,Training,train,2ff7c93f77b773d2d436a3e30afd02c385b8c13b59f0a0cb315394b6517c6855
data/raw/Training/pituitary/Tr-pi_120.jpg,pituitary,3,Training,train,ac76926d9f73fd42c57092e3f991abe3036320552092ebf8d69d60d736a93622
data/raw/Training/pituitary/Tr-pi_1201.jpg,pituitary,3,Training,train,6b01920202a8fcb9c1d8be891edde76ecd87e4ea43561d187a086497da9f7846
data/raw/Training/pituitary/Tr-pi_1203.jpg,pituitary,3,Training,train,fa7bcc1175b6196b2b341fc02685f6f1776ed84e110c658a98af3308460941f3
data/raw/Training/pituitary/Tr-pi_1204.jpg,pituitary,3,Training,train,de0474536d195a0fc4209cb2707a6a7d20fa3e6158989071c8815b09d2546c5e
data/raw/Training/pituitary/Tr-pi_1205.jpg,pituitary,3,Training,train,b58211c1dec524e93b3a0623da4ee3009219f43882366797562a77a168b15b52
data/raw/Training/pituitary/Tr-pi_1206.jpg,pituitary,3,Training,train,36364649c785250940500a0111d7b342ca74877571905282c78baae191513036
data/raw/Training/pituitary/Tr-pi_1208.jpg,pituitary,3,Training,train,4192a45ee0dca139358cdc81af4b9baa9a2a34a642ababbba6081d21af32b884
data/raw/Training/pituitary/Tr-pi_1209.jpg,pituitary,3,Training,train,53446ebefbb558643e11fe7ecf3059737e2814172797c680e50463dd03656fdf
data/raw/Training/pituitary/Tr-pi_1210.jpg,pituitary,3,Training,train,e5f2fec461da2a4b8e940a4044ee9e53a56f545cd5fc4b1a927de22627288f90
data/raw/Training/pituitary/Tr-pi_1213.jpg,pituitary,3,Training,train,cfea4c73b72d4405d9a78c084eab728b58d621876727407e9c3e8b447dd523a5
data/raw/Training/pituitary/Tr-pi_1214.jpg,pituitary,3,Training,train,899b1a25a7f144e7646ecc9fa10e0ef9721dfdb54ed4689556ae0db8907af393
data/raw/Training/pituitary/Tr-pi_1216.jpg,pituitary,3,Training,train,e3f1f2b2b0ecd24a4b1b9e1b6b118dc9730cc8fe9d449b90da1c414a7e5f0286
data/raw/Training/pituitary/Tr-pi_1218.jpg,pituitary,3,Training,train,6fceaa0c3235e9fe2105f1e1beeb9bc3334396aae30eb9aba6ad3936531a4527
data/raw/Training/pituitary/Tr-pi_122.jpg,pituitary,3,Training,train,e8b051083198eb9e96432fcb89e2c8b574dc7298e4e390e60e9e1b54d0ff4b63
data/raw/Training/pituitary/Tr-pi_1220.jpg,pituitary,3,Training,train,85d11b02e9fd30c5809c37b8ea79ec22516e69a6937769dad3313dcdf38332b5
data/raw/Training/pituitary/Tr-pi_1223.jpg,pituitary,3,Training,train,b516b70c6785e9ca133745b3486e6e6639fd00be5ce542d27d2b8276ed4dd476
data/raw/Training/pituitary/Tr-pi_1226.jpg,pituitary,3,Training,train,dab849140b486429e3763e3381fef6c290718ba82870e80038264e19bbcb7b17
data/raw/Training/pituitary/Tr-pi_1228.jpg,pituitary,3,Training,train,e6d2957611dd36324ac338eed0f1c17acd611ba81b81ebbb380bf3b9c97186e1
data/raw/Training/pituitary/Tr-pi_123.jpg,pituitary,3,Training,train,4f239acf3708e5f75b7eaec0dca36200a11b7ef898aa375288b0ecd4596c414e
data/raw/Training/pituitary/Tr-pi_1230.jpg,pituitary,3,Training,train,6d6db7080f888869bb383d3012022bd0ed6fc01f8a2d45c4f083f60c07611523
data/raw/Training/pituitary/Tr-pi_1232.jpg,pituitary,3,Training,train,734034483d077f452f315dbb3e44bb398c3b74e6d8d3f82689415ae4e2bf788d
data/raw/Training/pituitary/Tr-pi_1233.jpg,pituitary,3,Training,train,f201e240c765dd650146cb09c8197069a6f7fda60be0f6b9ca1286f15d02eb16
data/raw/Training/pituitary/Tr-pi_1234.jpg,pituitary,3,Training,train,eb10ebba7e693453aed271c4793e128bf65c42def092932638d7ef6b49559e2d
data/raw/Training/pituitary/Tr-pi_1236.jpg,pituitary,3,Training,train,5504d039c5fce630ee62e490be6f028137d8ecc52a8a6e33a67221a898d80277
data/raw/Training/pituitary/Tr-pi_1237.jpg,pituitary,3,Training,train,0aacc35e5930ea8e75ec9e42976bc4f4d104ec618d8797e5c5c3341df88fee42
data/raw/Training/pituitary/Tr-pi_1238.jpg,pituitary,3,Training,train,160ad8c4fca9d3ec97982c855c9025bda10c03d554a2049306d64ca3bec995b2
data/raw/Training/pituitary/Tr-pi_1239.jpg,pituitary,3,Training,train,238bff96b589925f9190d940c659b9a42e2f6db9c225101d012605b86b8000aa
data/raw/Training/pituitary/Tr-pi_124.jpg,pituitary,3,Training,train,e91215407672f252077cdd5c063455438c1c55ce0a8c76e79e5c88d91aa6f8fb
data/raw/Training/pituitary/Tr-pi_1241.jpg,pituitary,3,Training,train,874ea23fc0bd01f04545ed6f880a492866b976d3d0731842883b630355e23b54
data/raw/Training/pituitary/Tr-pi_1242.jpg,pituitary,3,Training,train,8d301a1109a04cb3844e786c5d7c81a31ae2548129d71cb85db96063a3cada50
data/raw/Training/pituitary/Tr-pi_1244.jpg,pituitary,3,Training,train,c9ff6c4dca1b3894225d3b343e6cd954457e20cf1d92e507a3b1f217488a0bab
data/raw/Training/pituitary/Tr-pi_1245.jpg,pituitary,3,Training,train,4226cdcacfe5729e7e7643cec5a2131359e75db088a69e4e96fb190a8e37df65
data/raw/Training/pituitary/Tr-pi_1246.jpg,pituitary,3,Training,train,3e4b037418a95624d7b9b553bcfac3f2b6abc36c5c29e49e6457a3a65301c673
data/raw/Training/pituitary/Tr-pi_1248.jpg,pituitary,3,Training,train,2aead0b5290aabb6692ebc13e1f3903f775d5a4e3fae743807329c8eb057690c
data/raw/Training/pituitary/Tr-pi_1249.jpg,pituitary,3,Training,train,9273fc5e305b3c9dc9eee8a222097c3d95d1f4795bb7b8af6071b24a9652e722
data/raw/Training/pituitary/Tr-pi_125.jpg,pituitary,3,Training,train,b2832fb6c2ccdc84d802a60fc2feeb8e19096149b4e9ddb59431baccc16716d2
data/raw/Training/pituitary/Tr-pi_1250.jpg,pituitary,3,Training,train,d927f8b4b691186b8070f2161d1c6dd13fbeadf51d2319689787308ff817c6e6
data/raw/Training/pituitary/Tr-pi_1251.jpg,pituitary,3,Training,train,b66a6c1e11f627956b224a451cb4e4c5e0f291efb98de6587e4c2a459e71753b
data/raw/Training/pituitary/Tr-pi_1252.jpg,pituitary,3,Training,train,dc8ef910fb6a27abfe1862e83beeacb91864e160cd6919e5f0b2ebc039b865c4
data/raw/Training/pituitary/Tr-pi_1253.jpg,pituitary,3,Training,train,e99c672f26af250b3eded9b23e6ac650ffded757868636f7483b30e7bbcb7a1c
data/raw/Training/pituitary/Tr-pi_1254.jpg,pituitary,3,Training,train,2452fcecdd1db18968cdcfd4b6a8a33da671ea1899a3fff889847521fc728167
data/raw/Training/pituitary/Tr-pi_1255.jpg,pituitary,3,Training,train,ea3bde674f5a2db1efc1cff4c02cb12f3333048beab21e26cc2c20ac99a869b4
data/raw/Training/pituitary/Tr-pi_1256.jpg,pituitary,3,Training,train,72c4d736543b2a020e0ae6392ca9885e3a1fbb6566aa5b8599087125add8790c
data/raw/Training/pituitary/Tr-pi_1257.jpg,pituitary,3,Training,train,64b43067ccd1a28335c4e35a19309afb76d8498b6caced0120640639967df41a
data/raw/Training/pituitary/Tr-pi_1258.jpg,pituitary,3,Training,train,0dd42bcae44d080bbc2678c42ca3884e8c8682b95a0255ca19872029a36491d4
data/raw/Training/pituitary/Tr-pi_1259.jpg,pituitary,3,Training,train,348d58cfc04120f075df4bf25f5f8ce5264c8c4db354c1f31ecf2b0d5e157703
data/raw/Training/pituitary/Tr-pi_126.jpg,pituitary,3,Training,train,d5550bfb5701fb6ae38c580c6fb96b381cd7370bfbada6b325128b354f92e8bc
data/raw/Training/pituitary/Tr-pi_1260.jpg,pituitary,3,Training,train,ed149475c7a9435e7b615565966a4ad952e1d3dc9cd4c950b930bc16e6111141
data/raw/Training/pituitary/Tr-pi_1262.jpg,pituitary,3,Training,train,a5a95cb000ce8bfec97505017cc8778f3731aa8ef5186727ece718a859ea3530
data/raw/Training/pituitary/Tr-pi_1265.jpg,pituitary,3,Training,train,cb34b62f0297ae9a5bd7f8e3989186bc82dfbd32cb1ce880bfb1f2d53c39456f
data/raw/Training/pituitary/Tr-pi_1266.jpg,pituitary,3,Training,train,d1c6272bc41e0f7182df50629509b379b2195b0793edb71feed5ecce748e8cb8
data/raw/Training/pituitary/Tr-pi_1267.jpg,pituitary,3,Training,train,a107f5db04acfc1f59203ba956dc582d209f492cca27e47fde2c4e2256e4d597
data/raw/Training/pituitary/Tr-pi_127.jpg,pituitary,3,Training,train,efe1e6fe0be253ca90c4a2e1475afe42260c625522c6e49e946c085f1bd1e3ba
data/raw/Training/pituitary/Tr-pi_1270.jpg,pituitary,3,Training,train,da51f7b055ccab4ca496e94860db20edcc7dad22563851b13a7eab56b411d259
data/raw/Training/pituitary/Tr-pi_1271.jpg,pituitary,3,Training,train,3eab9d2399e5d3b1e754f3e2a8c55f975d418947a4315501777e21c7e534675d
data/raw/Training/pituitary/Tr-pi_1273.jpg,pituitary,3,Training,train,046d5c9778b50b9b16df3b053817af4112fb4b2c7caeadc5ea074db83a6a8fbd
data/raw/Training/pituitary/Tr-pi_1274.jpg,pituitary,3,Training,train,b3fea38d6f576e971a91686d98d213961ca5bc00c72e3f85cd68d509ec182426
data/raw/Training/pituitary/Tr-pi_1275.jpg,pituitary,3,Training,train,fa40724a7210c30ee619fb77af6ada50148e70e55216d40bfbaf8e9c3f7ae462
data/raw/Training/pituitary/Tr-pi_1277.jpg,pituitary,3,Training,train,588e8d23aaf881095407a159556d25ad2a15b52ba6dbac06d0ede34fce3f6864
data/raw/Training/pituitary/Tr-pi_1278.jpg,pituitary,3,Training,train,07636e1aeae516fe77d7ed57d0b1ce0bb95bd0f439b32f755af4457e58e90e22
data/raw/Training/pituitary/Tr-pi_1279.jpg,pituitary,3,Training,train,445b8aa5930df30748b06fbac0456c9c9e256953d4d841a6f42d99153eab6fdc
data/raw/Training/pituitary/Tr-pi_128.jpg,pituitary,3,Training,train,34f754e5c3defdcff383cd805d52508f88ea26fea150be3d4ca986a1222a4792
data/raw/Training/pituitary/Tr-pi_1280.jpg,pituitary,3,Training,train,f0f807c33e892a71ec56d183f5a5956c2ffde3cfc9334aafe4fb748a5790a1bb
data/raw/Training/pituitary/Tr-pi_1282.jpg,pituitary,3,Training,train,3434bfe5604d8dd0e0aad8e50b1a42b378b9b31e4e68a3988e22566d8a9f16da
data/raw/Training/pituitary/Tr-pi_1284.jpg,pituitary,3,Training,train,0f669fc64de815a3e71c5f7ad39a6367c7b34d6bdaa42c2a7695152e9baab435
data/raw/Training/pituitary/Tr-pi_1285.jpg,pituitary,3,Training,train,5a557308c28993b00e888916cb92c947b13bd5b550167b040be7ce2fd3023030
data/raw/Training/pituitary/Tr-pi_1286.jpg,pituitary,3,Training,train,d622c25575d638cf3ff8995d9c5d66b2a0c954f7156fe322284ef4bc8329e620
data/raw/Training/pituitary/Tr-pi_1287.jpg,pituitary,3,Training,train,cd9b3882004231dd7d2676caceaa6914f9f906b088a065079392aa1f6ef019d6
data/raw/Training/pituitary/Tr-pi_1288.jpg,pituitary,3,Training,train,d53bcaf8a4046c4bd275827f8be0d4382061b685180a0a32285fc9884a052f08
data/raw/Training/pituitary/Tr-pi_1289.jpg,pituitary,3,Training,train,7f13792f6fd81317a0556882b2c4efd4232f3de0020e502e8d603433e775e7fd
data/raw/Training/pituitary/Tr-pi_129.jpg,pituitary,3,Training,train,174fe12e5c249b8c43b4fc1ef2930311380ca961f077581433b26279a1b1aeb2
data/raw/Training/pituitary/Tr-pi_1290.jpg,pituitary,3,Training,train,84bff75699f713c58a751ac2e0b557568b15b78ce4307101c0520ad1c495a641
data/raw/Training/pituitary/Tr-pi_1291.jpg,pituitary,3,Training,train,e8ae2877be78382ab2cb00041e44099e9c195b0a654e7ed9de61897e759e4090
data/raw/Training/pituitary/Tr-pi_1292.jpg,pituitary,3,Training,train,270e1278a573a6a559075a6a01d412d00f72ad831c457138db6dad38aacf870b
data/raw/Training/pituitary/Tr-pi_1293.jpg,pituitary,3,Training,train,0101f4332fd57e4812af6093f471cdfaf9db4bf976192c64fb4f0e169fb15787
data/raw/Training/pituitary/Tr-pi_1294.jpg,pituitary,3,Training,train,3e970de0a5eb345d460395176dd4524185ea19d9a6ae39beaad1aac7f3574137
data/raw/Training/pituitary/Tr-pi_1295.jpg,pituitary,3,Training,train,d6664db9856b5f89f699099e4e591b9a872c0ef693f51efc918e6ae28bfbc76c
data/raw/Training/pituitary/Tr-pi_1298.jpg,pituitary,3,Training,train,47fb0e56ae77b0729a47f21cd1226910be3d42eec971376a62737ca4c448d9ef
data/raw/Training/pituitary/Tr-pi_1299.jpg,pituitary,3,Training,train,1038636f0570797c8a38542d6707b7c2c59b8bee01569302182cfe9defc3c6ba
data/raw/Training/pituitary/Tr-pi_13.jpg,pituitary,3,Training,train,d60ecf5a2ea3fe4315dbf40a023dc838c66ae07266b3ab49be8beeb3733cd326
data/raw/Training/pituitary/Tr-pi_130.jpg,pituitary,3,Training,train,7a1b03d1697f629529105f3a9ff944ca7f9c1a04b4f68dae6e2f5357a75b307a
data/raw/Training/pituitary/Tr-pi_1300.jpg,pituitary,3,Training,train,ee3f9b41c2d75bf117fd49cbef26f526dc53cbac73066818dde1429bb7e0e367
data/raw/Training/pituitary/Tr-pi_1301.jpg,pituitary,3,Training,train,8e73907ba360c769eef51cc7dc98f465ce4be5a1bf186914bde9f6176a0f0365
data/raw/Training/pituitary/Tr-pi_1302.jpg,pituitary,3,Training,train,00c30197dc30f7dd8b029ebd3a700d0d63833a434fa54a1fa869c421494a7544
data/raw/Training/pituitary/Tr-pi_1303.jpg,pituitary,3,Training,train,5e14dc2513d85e4f09ab6237dbe6d3670134e435c303fa79d88ebb5f45967862
data/raw/Training/pituitary/Tr-pi_1304.jpg,pituitary,3,Training,train,611fe8ce7986149f0693be2fa5ca0b07276487417ae90dedac16b83e4f6fd951
data/raw/Training/pituitary/Tr-pi_1305.jpg,pituitary,3,Training,train,1ee599ef78a688ee97a1b76f5fa577e47b377e4798e6892da63540dd3a8aae9f
data/raw/Training/pituitary/Tr-pi_1306.jpg,pituitary,3,Training,train,3270a6e9b2e07e7c0224f46dcc598da765547514317d8f191b9e0950df296065
data/raw/Training/pituitary/Tr-pi_1307.jpg,pituitary,3,Training,train,5f9ce08383990a78a03bcdb239f221b090e4d3e586f9bd065d510c4d2aa4b61f
data/raw/Training/pituitary/Tr-pi_1308.jpg,pituitary,3,Training,train,8ed0a76fcaa76c9c90af5710ecb7abd5dc2331aaadba48ecd8487a4ea4ee76f7
data/raw/Training/pituitary/Tr-pi_131.jpg,pituitary,3,Training,train,676b8ece5576809886faaac26dba4160774c826c8d0adecbb41d42d74f281756
data/raw/Training/pituitary/Tr-pi_1310.jpg,pituitary,3,Training,train,c7aa36d6c962a00fa8c86c30fc4c570b7a884f44d50a4d38e039e0a70dd14577
data/raw/Training/pituitary/Tr-pi_1312.jpg,pituitary,3,Training,train,fac669efa56016704c36ff0e1063f361c975478822fff0d2b1939dd664356a13
data/raw/Training/pituitary/Tr-pi_1313.jpg,pituitary,3,Training,train,3209b6829c3cf24515eb71b4375eb2550a99b7cdc9c37a9f085b4c3a29654f50
data/raw/Training/pituitary/Tr-pi_1315.jpg,pituitary,3,Training,train,0f5fdff06241b338b3b5d27c52c110ded1017194e4113e043726b7d61af42a8b
data/raw/Training/pituitary/Tr-pi_1316.jpg,pituitary,3,Training,train,cd84d6c1a32dda1d5657556f1a0399c4cad978887b9258395fcf3729dbeb8f2a
data/raw/Training/pituitary/Tr-pi_1317.jpg,pituitary,3,Training,train,eeef379fa149ea360e72ed9393cc9d3ccff15068bee8777a36433ad99ec37262
data/raw/Training/pituitary/Tr-pi_1318.jpg,pituitary,3,Training,train,83d1ef63ae379a75fed4555f47178c0ca28e5cb993ff4567b68992d12853874b
data/raw/Training/pituitary/Tr-pi_1319.jpg,pituitary,3,Training,train,0387e6ee3b4a1219be979c1b1dc000cfa6ad105d3770738f7337ccefbc522ccb
data/raw/Training/pituitary/Tr-pi_132.jpg,pituitary,3,Training,train,a1ee82164acd190067400d50f236fbb6004c0002fe3c09e4cf2d71752865140b
data/raw/Training/pituitary/Tr-pi_1320.jpg,pituitary,3,Training,train,857318e9eb1f335d05f4700258466a78972a3e147365b2e3d0405def9eee3d26
data/raw/Training/pituitary/Tr-pi_1321.jpg,pituitary,3,Training,train,d70092fd40326446db4941b7677828920cd04b7c5885867e858189d4f898ff8c
data/raw/Training/pituitary/Tr-pi_1322.jpg,pituitary,3,Training,train,f2704934bf4c3fafb58b89eec7e2ec75fbe55dc80ff163ba4eb13505f27011a0
data/raw/Training/pituitary/Tr-pi_1323.jpg,pituitary,3,Training,train,dea65808e631f46024aaa034984629ab8a455f2b951ca7022f12fa9e62b7c8ff
data/raw/Training/pituitary/Tr-pi_1326.jpg,pituitary,3,Training,train,034fa02cddc4161d999241e4617fd1d1223249b8aeb76fd6f3e82349e33b41f0
data/raw/Training/pituitary/Tr-pi_1328.jpg,pituitary,3,Training,train,a31a892f2589e15d5841388859b06416c1f5465e74fdcb35369e3df6cdacf220
data/raw/Training/pituitary/Tr-pi_1329.jpg,pituitary,3,Training,train,064e1587f9ec449a4f7bf29302220a8ff9f75dcbffb01b168f84b2343f470a91
data/raw/Training/pituitary/Tr-pi_1330.jpg,pituitary,3,Training,train,004fc7f2f08330c9489e7095ee49b960fbc8c5c50c23855117499271ecc28cc6
data/raw/Training/pituitary/Tr-pi_1331.jpg,pituitary,3,Training,train,6d5041976ac234dd6163a564439d2d052cdd5c139c1f5d29b50f76457ac98ff6
data/raw/Training/pituitary/Tr-pi_1332.jpg,pituitary,3,Training,train,f78384bc60ccf5f792f6d97ee8b4c9d30bcb0a69aa884e58c98fbebc5dc0cf29
data/raw/Training/pituitary/Tr-pi_1333.jpg,pituitary,3,Training,train,e96976dd8f85ef37224765a65ee592e8148992ec50dad8e6cf66c0bb1c5c8e8d
data/raw/Training/pituitary/Tr-pi_1335.jpg,pituitary,3,Training,train,0d021d5403a52cbea118a8582bbeaed84b1eb7dfd8ed4ca412957a8e9b8d054c
data/raw/Training/pituitary/Tr-pi_1336.jpg,pituitary,3,Training,train,185d4d9ad36cbbdbc7b6b70977c6975b9a9cec691225d6798868fa99e0bcc6b6
data/raw/Training/pituitary/Tr-pi_1337.jpg,pituitary,3,Training,train,619c95d49f80460a2723aca7b699d93583746b71cbf38cc878d85bf07bfac9e0
data/raw/Training/pituitary/Tr-pi_1338.jpg,pituitary,3,Training,train,2732c9941ece0e9403ba78accf55708d2816dbd67a3e8581c857a981fd47053a
data/raw/Training/pituitary/Tr-pi_134.jpg,pituitary,3,Training,train,7fbf37b7327bbdce9557e0199ae44f502984266154386673ee08ed3c9ae467e6
data/raw/Training/pituitary/Tr-pi_1340.jpg,pituitary,3,Training,train,68fbf9942b76cad1883696e51d5d86baa5b8049af7bf3bfd8f4018f23d7ea004
data/raw/Training/pituitary/Tr-pi_1341.jpg,pituitary,3,Training,train,84475f1c4dfae5e5b16b5f8dbaede29b77a0d9cfbe5f892ffba2124dc88a3780
data/raw/Training/pituitary/Tr-pi_1343.jpg,pituitary,3,Training,train,4a26ee3d6ee6caf1b7ceb44a837f60e10796e713112abae315ea4ce5ba4a36fe
data/raw/Training/pituitary/Tr-pi_1345.jpg,pituitary,3,Training,train,0320f2ea582ad1dfaa9c05864360b873f5fec1fee3e35cf6b5e6237c53351497
data/raw/Training/pituitary/Tr-pi_1346.jpg,pituitary,3,Training,train,a1a596cb0d5260808b5743fb727e8b81ddaeaa4a8e3bb095eec949e3ff8a561a
data/raw/Training/pituitary/Tr-pi_1347.jpg,pituitary,3,Training,train,f98c189594f4ec3664de95c882f05b701aa3aaed37295404e258b76c1bb5b7d6
data/raw/Training/pituitary/Tr-pi_1349.jpg,pituitary,3,Training,train,53b899408d8068fd71e574ff4b61b547572668c74f53f888c042983148f5b5d6
data/raw/Training/pituitary/Tr-pi_135.jpg,pituitary,3,Training,train,81920af4b5738e9cd262af33d4cdea2d30410b7942ec4e550a4d30fd5e2f484c
data/raw/Training/pituitary/Tr-pi_1350.jpg,pituitary,3,Training,train,eae34319770192325978813354c35f4c938c94bf18f95a79f66c40ad853a95fc
data/raw/Training/pituitary/Tr-pi_1351.jpg,pituitary,3,Training,train,05e94a7495d6ad9167059d51bab54a91d28abcad187b11205937d8f91bd1af27
data/raw/Training/pituitary/Tr-pi_1353.jpg,pituitary,3,Training,train,3a94f090c2f5e925afe5d137eacb8ea77b32dce334f7856415afbd3be28e2cde
data/raw/Training/pituitary/Tr-pi_1354.jpg,pituitary,3,Training,train,bea491c50e5d3a060156e6871748d8149f7f62982579afbdfe81bec49c642730
data/raw/Training/pituitary/Tr-pi_1355.jpg,pituitary,3,Training,train,bdbe95f9ec6b7a87890ac7d288932d2f4fb7c522bb876009ec57023a8a36510b
data/raw/Training/pituitary/Tr-pi_1356.jpg,pituitary,3,Training,train,8d7477dd9677e2b1f4b39b130787ffc3748050472348c56e2aee605be83da45b
data/raw/Training/pituitary/Tr-pi_1357.jpg,pituitary,3,Training,train,39d223a3c7295c47330997068b4dc4f14d85afa76b8a8b41d285c51b38413cea
data/raw/Training/pituitary/Tr-pi_1358.jpg,pituitary,3,Training,train,6dfe0ffeeb7b19416e8f6efdc019817736c4f4a9a003dc0e331b19a8f1770437
data/raw/Training/pituitary/Tr-pi_1359.jpg,pituitary,3,Training,train,5b9f0e5c909d3087a9350490ade735eb27e10007babc76d582b5d406eefa1957
data/raw/Training/pituitary/Tr-pi_1360.jpg,pituitary,3,Training,train,98dad9659eb6bb1504d09d240a10a980e5f78db48340e098127b91a3b928665b
data/raw/Training/pituitary/Tr-pi_1361.jpg,pituitary,3,Training,train,88b362d8c30cc058afb8199a5555a6ffd3dae1d27cdb73f8a3fdc4b74e82f034
data/raw/Training/pituitary/Tr-pi_1362.jpg,pituitary,3,Training,train,67be465cd4b08a09327b4bfa6728226fd234cfa12e5c6c5cf0cb2fa1998fa596
data/raw/Training/pituitary/Tr-pi_1363.jpg,pituitary,3,Training,train,d490013a548d4650f795d0c5068b435ad8b99f95ee6dec3fda5c971196770776
data/raw/Training/pituitary/Tr-pi_1364.jpg,pituitary,3,Training,train,0d91dcc0f1145077c4d46aae43e32a232dd437a6c4c052c16c37a819ae2219d3
data/raw/Training/pituitary/Tr-pi_1365.jpg,pituitary,3,Training,train,85b2b50cbb2fe555ec127e1e3dd192cc0a0a3dd6f17abf916298954003a2e2e6
data/raw/Training/pituitary/Tr-pi_1366.jpg,pituitary,3,Training,train,193c915569ac5ac68e10d96e637a5f171f2f143cb6f72162103271b264bcf464
data/raw/Training/pituitary/Tr-pi_1367.jpg,pituitary,3,Training,train,b8a43367bff395d122fb645791fb48ca6d0f3331c268aa7898112e9a6397b48c
data/raw/Training/pituitary/Tr-pi_1368.jpg,pituitary,3,Training,train,3b43fd98ee693140dc5a59301ba0d52de9cbe93dfd0d663cdfd5c392cb64b93b
data/raw/Training/pituitary/Tr-pi_1369.jpg,pituitary,3,Training,train,2bf901bbe9c81f23f75e6c8b8f6ba3644015c844dc4d180dfa42c5c28c8c97e5
data/raw/Training/pituitary/Tr-pi_1370.jpg,pituitary,3,Training,train,14fb1c17d91efa30b2b00c22970cc73817a7a9eb489329fbcc0b35206eaaea51
data/raw/Training/pituitary/Tr-pi_1371.jpg,pituitary,3,Training,train,fed0dbb8a45355a437b239f4e1a3e6b480b4f91601c6529eb5da1dc6b1e3976c
data/raw/Training/pituitary/Tr-pi_1372.jpg,pituitary,3,Training,train,f42e328ad28f07a73b2a3763a41f5fcfa4ddf76833f36e67113854aa2cd331a0
data/raw/Training/pituitary/Tr-pi_1373.jpg,pituitary,3,Training,train,8d52e0a5cbf361241e7776466ebaafde61838820c9d718c03f138c6a0f73717b
data/raw/Training/pituitary/Tr-pi_1374.jpg,pituitary,3,Training,train,67430307dea958013dc0a0c638c386ec11c7fd947e4883e291a74b13bb51341a
data/raw/Training/pituitary/Tr-pi_1375.jpg,pituitary,3,Training,train,cae5bc54935b055a2082ffdd505abe014160234770705edccddb0f9f91e968ff
data/raw/Training/pituitary/Tr-pi_1376.jpg,pituitary,3,Training,train,844ac34753345dbef7de30703c493ef11dfb5b135f72f83896b5caa938161653
data/raw/Training/pituitary/Tr-pi_1381.jpg,pituitary,3,Training,train,f1715a121119539eb8b4f725904859587e45cbcf9f2d2ec279e03ba68e5e436e
data/raw/Training/pituitary/Tr-pi_1382.jpg,pituitary,3,Training,train,4f50ceba4e5670e0b94aa4527280a79a6414a8a77e8c2fb0fd1edd4ea8f9e238
data/raw/Training/pituitary/Tr-pi_1383.jpg,pituitary,3,Training,train,6cabf743e282ecf390c97829e5914fbb72c2dfaa11d54dab0f810681e8e7be4d
data/raw/Training/pituitary/Tr-pi_1384.jpg,pituitary,3,Training,train,07098fbf1270f93c1cab9c4b90f19ba1605f5bc8489d264b615f93f41f18e06d
data/raw/Training/pituitary/Tr-pi_1385.jpg,pituitary,3,Training,train,bc47b354bb396bd3c9cb95b3c4bdbd5f5a49213a7e4613bd094160460ba31dd2
data/raw/Training/pituitary/Tr-pi_1386.jpg,pituitary,3,Training,train,d3c223dcf1b2332a7af38e9dbf941e1f125e20874307d14247d5f51939d61506
data/raw/Training/pituitary/Tr-pi_1388.jpg,pituitary,3,Training,train,b2cb2d85ac9a7812c0accadd910ca71740fb24e2a85da482c3237b2448456021
data/raw/Training/pituitary/Tr-pi_1389.jpg,pituitary,3,Training,train,076c03f7cdbb31442cb8bc5e96fd3f28fcefbb7b3d47c6f859e4b48f230531be
data/raw/Training/pituitary/Tr-pi_139.jpg,pituitary,3,Training,train,3d4b908d39922072dc4ef972216f4062adaa62c3ce6622f860f21a039e171a89
data/raw/Training/pituitary/Tr-pi_1390.jpg,pituitary,3,Training,train,bd5410edd670e33c589528b639860071b8e36cd5c80b6f0525cade35dbe1d46c
data/raw/Training/pituitary/Tr-pi_1391.jpg,pituitary,3,Training,train,18f9ce91ea4fc88aacee4ab5a3a82fe3f67c53395209275eaf94dd78f1cf59e8
data/raw/Training/pituitary/Tr-pi_1392.jpg,pituitary,3,Training,train,1917cf11a66f068be75028215d0795510db90c59c333653e904340889c38e490
data/raw/Training/pituitary/Tr-pi_1393.jpg,pituitary,3,Training,train,ae1c5cf7abefbcd014e92cd4181cee593cdb382726647e6e8bbcc044ca0680c9
data/raw/Training/pituitary/Tr-pi_1394.jpg,pituitary,3,Training,train,5534abc53fbac7fbffe4af8f436237c415f70bc3e5360117e7b2c90a0a253728
data/raw/Training/pituitary/Tr-pi_1397.jpg,pituitary,3,Training,train,815182933c6348858cbfda6c071b4519bab68bc8d37446fc000d79b42aa432a6
data/raw/Training/pituitary/Tr-pi_1399.jpg,pituitary,3,Training,train,2ff387b9c84bad104f2f095f9832781f634931e584e02a1afab513037079eea5
data/raw/Training/pituitary/Tr-pi_14.jpg,pituitary,3,Training,train,0b6aecf17d845b06faae1131b291236b4a0e543810b9e0b25fc9ba635d5a236d
data/raw/Training/pituitary/Tr-pi_140.jpg,pituitary,3,Training,train,c7f66f83f1c6b20c3aad82ff4fb4df53e01b14c8b52db1db656fa7007ae39f6f
data/raw/Training/pituitary/Tr-pi_1400.jpg,pituitary,3,Training,train,3bd4e3a1635729598f0f665ed24acbce0695e9c2d9f1abda4050a36ee9e28b26
data/raw/Training/pituitary/Tr-pi_141.jpg,pituitary,3,Training,train,8b788e8a182f0a6887745fa53a028eb94866990855439b4c31d9bd48692d667c
data/raw/Training/pituitary/Tr-pi_142.jpg,pituitary,3,Training,train,70334e5860fa4fb7b90aad8b0f4610f0a844d8f41954ba921ff4e07dad757249
data/raw/Training/pituitary/Tr-pi_143.jpg,pituitary,3,Training,train,16ba35333cd948f093af0fb54743c7c2ba41f057f1ed7c543dc0d5b5243903ec
data/raw/Training/pituitary/Tr-pi_144.jpg,pituitary,3,Training,train,2af57862df9fe2789c5922f99686ec2fb448ea49549f23914ac7dbc777af0666
data/raw/Training/pituitary/Tr-pi_145.jpg,pituitary,3,Training,train,3725a1aafb5c03578d2695afbc29212649cb8c43d55b3e9703282dfabfca6773
data/raw/Training/pituitary/Tr-pi_146.jpg,pituitary,3,Training,train,02d4fec0fd4a18bf63b64d7d87d22c63f2216c830db752108883afd5c59d4599
data/raw/Training/pituitary/Tr-pi_147.jpg,pituitary,3,Training,train,a05c9ce5e5d881a699864e9191a29a86dcbc615a4bbb7102974985d8b77c4fab
data/raw/Training/pituitary/Tr-pi_149.jpg,pituitary,3,Training,train,41d493e7365275dd23c5db1a71436f28dff436547f1fa7d8857c11f1847367aa
data/raw/Training/pituitary/Tr-pi_15.jpg,pituitary,3,Training,train,1cc6dd52e9e3f6b90046cbcf4fbb22ebb1388256d6ef6f3178499080f635f4ec
data/raw/Training/pituitary/Tr-pi_151.jpg,pituitary,3,Training,train,dffc9f9c9478154c0f85370871fe4245522c8eff460bd7a2b6c63216a0d86dff
data/raw/Training/pituitary/Tr-pi_152.jpg,pituitary,3,Training,train,b4791cb819757886feb5ce14d531a4e24bdf9d3eafc7c52f9070019c359c6e8d
data/raw/Training/pituitary/Tr-pi_153.jpg,pituitary,3,Training,train,17ec1daf360621a7d62aeb222a542eef0e0a9d4994f3afbd79015f68ac4d66ac
data/raw/Training/pituitary/Tr-pi_155.jpg,pituitary,3,Training,train,352e008e1018d3c2819adac79f88d5c22c147ea8eb9c1f36d8cebfc488e8229b
data/raw/Training/pituitary/Tr-pi_156.jpg,pituitary,3,Training,train,56604f94de8b6aae46a57dc660acd6a4850a9c473c6fd5aad87a32d0528845e4
data/raw/Training/pituitary/Tr-pi_158.jpg,pituitary,3,Training,train,889e556b5d106131225daa3c350c8a7ada3f0bdd4269f25266f476dfa01b46c7
data/raw/Training/pituitary/Tr-pi_159.jpg,pituitary,3,Training,train,309fa403cb3b19f98f910c2380104e52fdab120c56385456f5afd6183ae1db04
data/raw/Training/pituitary/Tr-pi_16.jpg,pituitary,3,Training,train,03abfffad1040b692d33000086c2a2b1737f7ea025905d9dbd71176af2b57be4
data/raw/Training/pituitary/Tr-pi_161.jpg,pituitary,3,Training,train,6d7a48f8eb7196e7111676510bc0983b7a110d21a1d5843fe9bf010c5c15be80
data/raw/Training/pituitary/Tr-pi_163.jpg,pituitary,3,Training,train,690ed9d73b96706b833cfbb95e40543fe022c7579ab74693873e2c26766c5efb
data/raw/Training/pituitary/Tr-pi_164.jpg,pituitary,3,Training,train,026e8df9f23edbd0caa5c1f130587abede8609a95fe334391459f8853a9d5a66
data/raw/Training/pituitary/Tr-pi_165.jpg,pituitary,3,Training,train,c4f788cb092c7e0fc5a4ee000f148bf1b855558b661caaab88d3e5a04cfe5fb7
data/raw/Training/pituitary/Tr-pi_166.jpg,pituitary,3,Training,train,53a5b3234d4d85f45c1812436e9eea9140e9d8f438a1eedcddb736fc72e8eeb2
data/raw/Training/pituitary/Tr-pi_168.jpg,pituitary,3,Training,train,14c093b2bd4ce077350d71a4018c16de1e346ca1d4bb3c180fb5cc04fcd0d8dc
data/raw/Training/pituitary/Tr-pi_171.jpg,pituitary,3,Training,train,3281c9f58728cf3c81d7806a0b131ff087adffd3987edd36d74ed155281120d0
data/raw/Training/pituitary/Tr-pi_172.jpg,pituitary,3,Training,train,0a7449717c1352419403dfb54d64a7a0ee57853ca104902308f8bb1fa4633564
data/raw/Training/pituitary/Tr-pi_176.jpg,pituitary,3,Training,train,79553eb9e0da2f6f54a0909d59a4fb07e013219b70a12e9c8dc81e2d7cb0dfd9
data/raw/Training/pituitary/Tr-pi_177.jpg,pituitary,3,Training,train,d9927845d5e7112ff0e01628eece3452e178e3a773517746be130e40f949c85d
data/raw/Training/pituitary/Tr-pi_178.jpg,pituitary,3,Training,train,0352d35b21998d26f81825ab1d8d110de51e9688c4215c5597fd077fac4a1f22
data/raw/Training/pituitary/Tr-pi_179.jpg,pituitary,3,Training,train,b3f782714f66c3495c470c063affc8ccb18f6516a925a2cabc307f0c92a61d6e
data/raw/Training/pituitary/Tr-pi_18.jpg,pituitary,3,Training,train,1c67684ea8f3f1b08bf5105e46fa9b877e18eb8a78ffb500e117b54d3d7c3511
data/raw/Training/pituitary/Tr-pi_180.jpg,pituitary,3,Training,train,e46c12ebaf1d4e54f471a9b9ee8b69350f3d67bba871d5c6e5814a85c8b5dc57
data/raw/Training/pituitary/Tr-pi_181.jpg,pituitary,3,Training,train,9038765a6a4121bab8b4e47357ef593b200fa67d35b10e3d4a7141bab595f706
data/raw/Training/pituitary/Tr-pi_182.jpg,pituitary,3,Training,train,93192fe5666b9dc79cb659af97e18852315c1483245d3aebeda65968a2f2db96
data/raw/Training/pituitary/Tr-pi_183.jpg,pituitary,3,Training,train,18628e92ec08f071bbeaf5178fdec6f0bfbb5931d4f5a19702ea25c7b4356f0b
data/raw/Training/pituitary/Tr-pi_184.jpg,pituitary,3,Training,train,382e731c8bd40e71fe2753b9b8e23edc51315ee859be93ffea0b5fd2fd1ef037
data/raw/Training/pituitary/Tr-pi_185.jpg,pituitary,3,Training,train,c52c1de88a87a899f1c5db55927006d3bb41014e85554d95b586357246b14b61
data/raw/Training/pituitary/Tr-pi_187.jpg,pituitary,3,Training,train,8db77befa68a577e1727a8c534caef3b0d9157d87e7f70cc4f2f4cc866997798
data/raw/Training/pituitary/Tr-pi_188.jpg,pituitary,3,Training,train,eaa0b66cc09134ffd09995e10ce99c1c1326f742e80f317b11607ce5ea031f3e
data/raw/Training/pituitary/Tr-pi_189.jpg,pituitary,3,Training,train,1564442e03e45fa07892de9d58adce37a50851b07bee06e3b073b6ad7efdbfb0
data/raw/Training/pituitary/Tr-pi_19.jpg,pituitary,3,Training,train,d24ed1577de77f289d9fff6eb001012389a169e57e99a1d8a80d553ed1188d3e
data/raw/Training/pituitary/Tr-pi_190.jpg,pituitary,3,Training,train,e9dbc5350fb0f3f328d170e56058271e51119827a357e4f8f5bd1b0c0ce33b05
data/raw/Training/pituitary/Tr-pi_191.jpg,pituitary,3,Training,train,d87f55bc186dbab65af05275fd1a51aae018eb9faee0751d458a7790fbff800e
data/raw/Training/pituitary/Tr-pi_193.jpg,pituitary,3,Training,train,c27c953b150b8cfa6c2820bac42a13a5d1b5b6420409973ba07a18542429afd5
data/raw/Training/pituitary/Tr-pi_194.jpg,pituitary,3,Training,train,fb0ab523f605f46836eeecb5a6cbe34deb0c42fd14e8ea801048bffc6e6cb1c0
data/raw/Training/pituitary/Tr-pi_196.jpg,pituitary,3,Training,train,2f66e9f714f6422e5f88362cd90bd2dbc922843c6c8a2d456a41153b633252eb
data/raw/Training/pituitary/Tr-pi_197.jpg,pituitary,3,Training,train,be0a31d49954d8d60d618f2decb335c5528be43ad60011341b8a306c8e5896fc
data/raw/Training/pituitary/Tr-pi_199.jpg,pituitary,3,Training,train,3482831604d5b2de54c7d30dc3c6e5cb6281b7128f7a049161d64020f6691f26
data/raw/Training/pituitary/Tr-pi_2.jpg,pituitary,3,Training,train,f0de08e0db0b9700ae689d0e9328b2ba856d0194f15c58fbe80f666edafd6f42
data/raw/Training/pituitary/Tr-pi_20.jpg,pituitary,3,Training,train,6711d5d0c194fd7ec7eeac340570761cc263023055f4a83842d702d60881c620
data/raw/Training/pituitary/Tr-pi_200.jpg,pituitary,3,Training,train,0aad506c709fcdc275a946e718c85274f49b7b9c3034b48334bc701054592946
data/raw/Training/pituitary/Tr-pi_201.jpg,pituitary,3,Training,train,cecbf037af2f048672ef4ba07a0e74928f4ff2d672a537b9cdd10782a60751e4
data/raw/Training/pituitary/Tr-pi_202.jpg,pituitary,3,Training,train,6f0616cb4ad2e8c24edfe39fd14e5a7320605e5676f74da29463de74bc14a530
data/raw/Training/pituitary/Tr-pi_203.jpg,pituitary,3,Training,train,6c0a57ec9b31044d7ead0dd1ff3124a3c5ad222e31a8b2e8ddb700d20d3b865e
data/raw/Training/pituitary/Tr-pi_204.jpg,pituitary,3,Training,train,be696943c64f1968eaca33aaa76c39d2901873b1e2f59415e87d6844d13a7a28
data/raw/Training/pituitary/Tr-pi_205.jpg,pituitary,3,Training,train,f0d2fc593138f61e3e4813641580afff08621c19fbd0cc72daeccf0645a1e21d
data/raw/Training/pituitary/Tr-pi_206.jpg,pituitary,3,Training,train,24fba8ffc9164a5a20cc482473121deeb485cd25c7e8a03e737569bfe0f31494
data/raw/Training/pituitary/Tr-pi_208.jpg,pituitary,3,Training,train,699323cdaed52de139183980d96ddb55e87d6b92495de9b3b8895ad14625f9c9
data/raw/Training/pituitary/Tr-pi_209.jpg,pituitary,3,Training,train,87b8a4532f3734242ee45cd61680f8c00e5b6066e00bc1aad6765370a9fb1c8e
data/raw/Training/pituitary/Tr-pi_21.jpg,pituitary,3,Training,train,b42d5041d8c530b1dc2e8c3086426586e4c18b185d7f351c85b7ddbbb9bed9ca
data/raw/Training/pituitary/Tr-pi_210.jpg,pituitary,3,Training,train,3275c3825fe6ea7a94d7e958cf4fa15d0d3cf0337258abc843195bd9600b4bc0
data/raw/Training/pituitary/Tr-pi_211.jpg,pituitary,3,Training,train,aaeb1dce8d24e0cf72d22693e24a92f6deeded71fe78f8c36541b6870956772d
data/raw/Training/pituitary/Tr-pi_212.jpg,pituitary,3,Training,train,7632831f8e0a76e0e1abbf512bd7fdbcaf9b2926ada2ee880712b6eba8952e24
data/raw/Training/pituitary/Tr-pi_213.jpg,pituitary,3,Training,train,d8b0bbfe35228e4b8124450bcd35bcca61819a96eaf42118eaae1d02afd8a5f2
data/raw/Training/pituitary/Tr-pi_214.jpg,pituitary,3,Training,train,9409fd55579f6e70c839c1c5e6af747e7b3a3ea2b2bed9931d8941bb4430e28a
data/raw/Training/pituitary/Tr-pi_216.jpg,pituitary,3,Training,train,d32fc61fa7079a1c9b1dc1e46f959cc83ef4eb407f86b36e92ce08d282947882
data/raw/Training/pituitary/Tr-pi_217.jpg,pituitary,3,Training,train,8a8bf76f5ddc3f8100f8424cf1e3378736e2417d154e91bb48aec0998c495905
data/raw/Training/pituitary/Tr-pi_218.jpg,pituitary,3,Training,train,61b0802c890642f6a3642b23f437a83679add26373923ab9a4951ffefc89548b
data/raw/Training/pituitary/Tr-pi_219.jpg,pituitary,3,Training,train,ae4bcb9723206abafc6b2e1d6b8fd47cff87822ae2316626fa15e90a39c37508
data/raw/Training/pituitary/Tr-pi_220.jpg,pituitary,3,Training,train,81f2db419099188059876414898ec19a59145f8bb20fb1995a694d6352d1fefb
data/raw/Training/pituitary/Tr-pi_221.jpg,pituitary,3,Training,train,7d0738e4f6493b449e20a147b80f674c589dc478dd6b5ccd4fb6ea1c329f0cfe
data/raw/Training/pituitary/Tr-pi_222.jpg,pituitary,3,Training,train,c2d27aead070acc3319117253b69af78c2ba7b4530918716cfdb63742e707a3b
data/raw/Training/pituitary/Tr-pi_223.jpg,pituitary,3,Training,train,8de9bf73b9a2a5ea5df336195b0b1da7a75b56d63b436466a10fa285fbfc10e9
data/raw/Training/pituitary/Tr-pi_224.jpg,pituitary,3,Training,train,38ab38314afe35fd679fd4c68481f09d818dfab7bff03397394525828eb64571
data/raw/Training/pituitary/Tr-pi_225.jpg,pituitary,3,Training,train,6ef46426f641b1feb53d9648e37c41276be1d4c9359e061d809e28c2f42d5ac7
data/raw/Training/pituitary/Tr-pi_226.jpg,pituitary,3,Training,train,adfa04984681dcc8aa99c2a6f3ae5afb5b8acafbc8a6c935749fc4d137bbc771
data/raw/Training/pituitary/Tr-pi_227.jpg,pituitary,3,Training,train,c1a694d46fac8b5dd98328a67626e108bad691becebc7bbd76acadf089146394
data/raw/Training/pituitary/Tr-pi_228.jpg,pituitary,3,Training,train,7b0bc7ee320f1724100bfaa1484d63eceb50b02b5802a672532f79c1b56159a8
data/raw/Training/pituitary/Tr-pi_229.jpg,pituitary,3,Training,train,8a52c45a4b3561782cb59cbe55e16d6de30ebe13ee52dc9d3c1a0ad9f67502f1
data/raw/Training/pituitary/Tr-pi_230.jpg,pituitary,3,Training,train,28adb6b1b4ff20f5cc30f4647d56f26c8256fdedaf24ecf5918c5a0385babc40
data/raw/Training/pituitary/Tr-pi_231.jpg,pituitary,3,Training,train,688becb1a46d9eccf3ec8c54c10bc2fb060c8da0968b1c6645de3b94c667fa2c
data/raw/Training/pituitary/Tr-pi_233.jpg,pituitary,3,Training,train,5dbee04103ba69298735a82da51b30cb96449035c54592e8b0e36b77cd64d3cc
data/raw/Training/pituitary/Tr-pi_234.jpg,pituitary,3,Training,train,8a82830496d05db0282e78f624a861c74bd0ed23c4a731b879580a050feec4d7
data/raw/Training/pituitary/Tr-pi_235.jpg,pituitary,3,Training,train,9652199cdfa7c69285d570471399b2b8c892b6550d048f404ea138d1db882d6c
data/raw/Training/pituitary/Tr-pi_237.jpg,pituitary,3,Training,train,603857b3e7a0653753e5304fed14dcde90caba1d24259f3449dbe98ff75326ad
data/raw/Training/pituitary/Tr-pi_238.jpg,pituitary,3,Training,train,30ef5b3c34e6092c286a59f7783e8fed317eb1b27835df8853508d8bba3c9f4f
data/raw/Training/pituitary/Tr-pi_24.jpg,pituitary,3,Training,train,f6346cc85d2e6661bd1c8fc0f9ddf794c359bcf7d9602942430fe1263f1d53a4
data/raw/Training/pituitary/Tr-pi_240.jpg,pituitary,3,Training,train,5aae8a658c8a48719eb15a2006cfef7f2059106699215677f7c89b72ab5e7090
data/raw/Training/pituitary/Tr-pi_241.jpg,pituitary,3,Training,train,b1e756f5c57b34fe3e996c6cd456125878d7d1fe98f7645ebf5dd7f9d54a3172
data/raw/Training/pituitary/Tr-pi_242.jpg,pituitary,3,Training,train,c711207e6e46367c0f5003a1cbddf8a9ac90797eede32dd2d207e39c1e4eb016
data/raw/Training/pituitary/Tr-pi_246.jpg,pituitary,3,Training,train,14a873e8998c4a88896fd7be1155eeaf656b88209c8e9fcf7db731de3478484c
data/raw/Training/pituitary/Tr-pi_247.jpg,pituitary,3,Training,train,c05e778cda95f1aeeb1c6768862f59bfa76a4e53fa66bcd87735c6d99af1a38b
data/raw/Training/pituitary/Tr-pi_248.jpg,pituitary,3,Training,train,f37ee9f2897615a6a32a1547de64a9e5b0a4b385c8d7745156046ee9a009429b
data/raw/Training/pituitary/Tr-pi_249.jpg,pituitary,3,Training,train,ebbee2b534acbd79ae5f53288110c42c76f30d35244ecfe7b90b7d83d612e87a
data/raw/Training/pituitary/Tr-pi_25.jpg,pituitary,3,Training,train,81c7ef40437e991db214bcfd0552bc0215640a3dec9b82da622238ed23185e76
data/raw/Training/pituitary/Tr-pi_250.jpg,pituitary,3,Training,train,ffa9821fcc25c3f937cf0becd8be6dd011047bbcb9ead523719968e4496fb977
data/raw/Training/pituitary/Tr-pi_251.jpg,pituitary,3,Training,train,4d62d91117fc65fae4dc320473a8874037689c9a8be50cd227f9443b914398b8
data/raw/Training/pituitary/Tr-pi_252.jpg,pituitary,3,Training,train,62a78b702593ff7e379675b20afe6e79366db5ee72244976e51d21b58ca5e469
data/raw/Training/pituitary/Tr-pi_253.jpg,pituitary,3,Training,train,994b1b0c5ebadf7b59c7e56ce0b3d1d23c240c66e45a7486588377d0848eecad
data/raw/Training/pituitary/Tr-pi_254.jpg,pituitary,3,Training,train,31a9bddf62935ff2fed532e172c546f2a6de8170e24a2fe08653c8e888fe9364
data/raw/Training/pituitary/Tr-pi_255.jpg,pituitary,3,Training,train,05df7724bd5cd4cbb2a5ae616a7571d11835487858764b7bb8793d5eac2eda53
data/raw/Training/pituitary/Tr-pi_256.jpg,pituitary,3,Training,train,fc101304448f1f1c4bcf189855b2c213411523521f093fdbdb262b2c82a19ee0
data/raw/Training/pituitary/Tr-pi_257.jpg,pituitary,3,Training,train,c600ac973f16350d21eb0320df22be91c47fd047859b2bf4b63bef31e8bd92bd
data/raw/Training/pituitary/Tr-pi_258.jpg,pituitary,3,Training,train,ca65edca120b4d27367163604dbcc83479a842bbddb3841370250901404841c9
data/raw/Training/pituitary/Tr-pi_259.jpg,pituitary,3,Training,train,b3aa25154b8cc96cb537d78178e89eed1c3698c9b30d9fdb19bff850844d15ed
data/raw/Training/pituitary/Tr-pi_26.jpg,pituitary,3,Training,train,3527efa9cede765cf98fd0b1978b48b39738bf199d4eb9b7055b03ccc9419a41
data/raw/Training/pituitary/Tr-pi_260.jpg,pituitary,3,Training,train,4f050f4420c932757fc8c47b5a623bbe67815c5056b47a463dabd158bb40b52d
data/raw/Training/pituitary/Tr-pi_262.jpg,pituitary,3,Training,train,45e69cd71d4ae510bd69dad621a5b35e6d56d3eae11ef72dabd53872c4601882
data/raw/Training/pituitary/Tr-pi_263.jpg,pituitary,3,Training,train,d734601d756c04aa3bec67b45649077740e86e0838174057c1fa1eddef5ad0f0
data/raw/Training/pituitary/Tr-pi_264.jpg,pituitary,3,Training,train,32d3a461be9d58933094c2cbaf5f0e947b31c61a9fc980d91913469570cf964e
data/raw/Training/pituitary/Tr-pi_265.jpg,pituitary,3,Training,train,09206f2d5b723082801fbf8e4b4c9488b4483a7bf7e54c1b42ab4cd3bfee1cdf
data/raw/Training/pituitary/Tr-pi_266.jpg,pituitary,3,Training,train,2f8cd87f28a824a265269ec5cf2a6984db97fbb293f3573449e9aa740f024cd9
data/raw/Training/pituitary/Tr-pi_267.jpg,pituitary,3,Training,train,9960a7ff8e98e8eba2129d547a8aca3a0bd216c40066d075daf89406667926c9
data/raw/Training/pituitary/Tr-pi_269.jpg,pituitary,3,Training,train,605451ef8728da6eb9f33745b1362d9d855f6937aab1e922d0a9b59e4e0b0b2f
data/raw/Training/pituitary/Tr-pi_27.jpg,pituitary,3,Training,train,adc8a05eddedb0e7a505fb3295a1df5925fd36957f8edb3fabef9be0e89dcdf6
data/raw/Training/pituitary/Tr-pi_270.jpg,pituitary,3,Training,train,761943775874081c3c78264789fab68bf482f2dcc74fe40e1db47d28f7dedd6b
data/raw/Training/pituitary/Tr-pi_271.jpg,pituitary,3,Training,train,d3adaa44b503579e9db8f11cce818ace22e97e788f7cae315c2bea5cd147a57c
data/raw/Training/pituitary/Tr-pi_272.jpg,pituitary,3,Training,train,c707f62bd833251a20afe675431e77796960cf0d694567238db38408b3ed398a
data/raw/Training/pituitary/Tr-pi_273.jpg,pituitary,3,Training,train,27e656afcc646d764fb47785bc3fce63f62a83c06ca08495c986bd09ec8d9957
data/raw/Training/pituitary/Tr-pi_274.jpg,pituitary,3,Training,train,f30ed5f606402b91e4e5ec4fdbc0ab825cb494a48bcaaee4451f0dd1d09dacdb
data/raw/Training/pituitary/Tr-pi_275.jpg,pituitary,3,Training,train,6c8faf8ddb7eb55c5228605110f32660552f95cf8fe7e8704043d502075e328b
data/raw/Training/pituitary/Tr-pi_276.jpg,pituitary,3,Training,train,eecf037eadbb71a327d9260aec76502c330ae23316ae630f9f5c2ee67c961386
data/raw/Training/pituitary/Tr-pi_277.jpg,pituitary,3,Training,train,31192e8feffb05ffcea2b0953cbf12adfe27829cbf596fc54d159e98ccb6f840
data/raw/Training/pituitary/Tr-pi_278.jpg,pituitary,3,Training,train,9d52ef1e01a510dd5189e96e12daff9d03a95f82c4a4432b7673119ed2901c9b
data/raw/Training/pituitary/Tr-pi_279.jpg,pituitary,3,Training,train,540668fe197377a5f521b503dc71b92ddde622519eac3abbca513500ed70af96
data/raw/Training/pituitary/Tr-pi_28.jpg,pituitary,3,Training,train,0b4c122bd8f333d3e4c6a4b133f3cb713133ab6990fdb44a24a686d6ef69dffb
data/raw/Training/pituitary/Tr-pi_281.jpg,pituitary,3,Training,train,8d8d28f69b65a655c34bb5bebdfc8496d66af61c4a3025fa0dd33b8618def4ed
data/raw/Training/pituitary/Tr-pi_282.jpg,pituitary,3,Training,train,4aba3695ccb2578b8565d8760dc789af6479caac4ce5d70a042baf82f27abb88
data/raw/Training/pituitary/Tr-pi_283.jpg,pituitary,3,Training,train,0d9ef486eac4236b3b5c762c2bc4aadf237e2f4347fd0f4a45e5985d90c3d608
data/raw/Training/pituitary/Tr-pi_284.jpg,pituitary,3,Training,train,716da22a02b0f0f5b35ef26e210d116c4ffd554fdd26badb327e78ec64896c76
data/raw/Training/pituitary/Tr-pi_286.jpg,pituitary,3,Training,train,e99074ab025d65cc916b786675d37496c0f045c8267c222bfbc29c04dab42ffd
data/raw/Training/pituitary/Tr-pi_288.jpg,pituitary,3,Training,train,e2f6b85374e93981fc5362eda26d8487eed83981b23552cacc8089c2b810ede1
data/raw/Training/pituitary/Tr-pi_289.jpg,pituitary,3,Training,train,9d1436bd2db72d6b415d2e50ef22fcbfa942684931cb82da1aa43d23e6b2fbb5
data/raw/Training/pituitary/Tr-pi_29.jpg,pituitary,3,Training,train,4aab0d5e125c1aba01cff994911e87fabd5348087a300f3228eaba99114045fe
data/raw/Training/pituitary/Tr-pi_290.jpg,pituitary,3,Training,train,ce2c7d89d1a34dd00b55605b520d7a17a6a176d92ce4b91c69aa3f4fe437d90b
data/raw/Training/pituitary/Tr-pi_291.jpg,pituitary,3,Training,train,7d109cc2426e2c693af7ec965469b69ec937b9fbd0f8dfe65d5d3a043b44fc69
data/raw/Training/pituitary/Tr-pi_293.jpg,pituitary,3,Training,train,304abf91e762be0186a18eeb3c2ebdc4cb5614fadc9850393f5080b246285604
data/raw/Training/pituitary/Tr-pi_294.jpg,pituitary,3,Training,train,016b7ee664644ef3718bb33f63ec7e3d8fe9e8e625512ffe11c6ab73cb441494
data/raw/Training/pituitary/Tr-pi_295.jpg,pituitary,3,Training,train,69e80166e4e9903bdcf909fb33069d846ae20789d412be78830808a1e2fd9a7a
data/raw/Training/pituitary/Tr-pi_296.jpg,pituitary,3,Training,train,d7ea4a1e0a3385c37355c03fcd325351dfd9740d4a5da53f5646bdcbe5beec3e
data/raw/Training/pituitary/Tr-pi_297.jpg,pituitary,3,Training,train,e6418be9aa11335d363f66276839d35b82ec6b7def52135f934343b65aa4d10e
data/raw/Training/pituitary/Tr-pi_298.jpg,pituitary,3,Training,train,1f4da220ec9b219d0f0688c5124561d7795850d970da051b1dec56ca9b660484
data/raw/Training/pituitary/Tr-pi_299.jpg,pituitary,3,Training,train,3d1b5702ebfbdfd3c460b5d0cc82c2816026bf68197313ed2a2635c3e4b30c6c
data/raw/Training/pituitary/Tr-pi_3.jpg,pituitary,3,Training,train,9900224be3682ae6fb715a651c199461b10d5efdc480b6b16d8572a4555f31f8
data/raw/Training/pituitary/Tr-pi_30.jpg,pituitary,3,Training,train,ca3e36a6fe3d08360dcb5bba47e26cce07bb0046333a2e88e9fa2dd181096594
data/raw/Training/pituitary/Tr-pi_302.jpg,pituitary,3,Training,train,31ac1ace044ac3cf7b3e90c01f4cf0d564f59686fb291670cfacb8ecab9b4034
data/raw/Training/pituitary/Tr-pi_303.jpg,pituitary,3,Training,train,56ebf4c1a544ae1e4d998444cb08b4c03ebd7c4e51def7d060e69b1923c06d8e
data/raw/Training/pituitary/Tr-pi_304.jpg,pituitary,3,Training,train,39d9807c2c27d1d392583549d3b8621de14748bf20bf632a34b1177423d0164b
data/raw/Training/pituitary/Tr-pi_307.jpg,pituitary,3,Training,train,bbd45ab46b78d0c71a4d06b87a20cc8ced4646521db8b5d65ef450e8a7254bc6
data/raw/Training/pituitary/Tr-pi_308.jpg,pituitary,3,Training,train,3873f9a154315185f20744d373f2376f3578fee4256389f764bf70b0b55ffa54
data/raw/Training/pituitary/Tr-pi_31.jpg,pituitary,3,Training,train,4f6e88f42fe5fc77ace6a8ce229a13e9167eefb40b6d306685a1c0826de81e70
data/raw/Training/pituitary/Tr-pi_310.jpg,pituitary,3,Training,train,8a2d9f79cbfec824d28ad0dbd96c99aa23cce5ffa048474b9570580e8547dc6c
data/raw/Training/pituitary/Tr-pi_311.jpg,pituitary,3,Training,train,8afa71fed3d0307237b24872056b750f3c06ee0d9527c35241b908eb7404080f
data/raw/Training/pituitary/Tr-pi_313.jpg,pituitary,3,Training,train,a7b97ddff50de42ac10918d1ee94387d5579476cf59fd13fce3dd8aad2f0b9fa
data/raw/Training/pituitary/Tr-pi_315.jpg,pituitary,3,Training,train,c162de1261513b12fed6f5c8ab2b662984b76b49d82a0129799fa9ff318b897c
data/raw/Training/pituitary/Tr-pi_316.jpg,pituitary,3,Training,train,6fd1bbdeceb17b97157035d5eababa06fab8b0655d248531967fe58ac42be1ba
data/raw/Training/pituitary/Tr-pi_317.jpg,pituitary,3,Training,train,43da52f9e710014ebc7ed4fab024fd60c834c24cfe9977c4c7a63126639abff1
data/raw/Training/pituitary/Tr-pi_318.jpg,pituitary,3,Training,train,45bfb484733b3c9c87adf8053e8449d1a6e4f59c62acba918d38e394cf60a0cb
data/raw/Training/pituitary/Tr-pi_319.jpg,pituitary,3,Training,train,684b2f70702ff61f58f8b62f4ae748e0e17743e601d27e538730d2b623ea735e
data/raw/Training/pituitary/Tr-pi_32.jpg,pituitary,3,Training,train,6a47a85bf879219762cec2767066e692db1cde9740a6d3861410cc3bc707e8fc
data/raw/Training/pituitary/Tr-pi_321.jpg,pituitary,3,Training,train,99d9f2f00f96c99935898ec8e1f305eb0a8b82ea564993cc42e05eb98a81bdf8
data/raw/Training/pituitary/Tr-pi_322.jpg,pituitary,3,Training,train,c6abfbc5ea797c3ba4d75d17bd2ac8798a2f9b58f6633a4396616f3de9655922
data/raw/Training/pituitary/Tr-pi_325.jpg,pituitary,3,Training,train,2a3dbe101074f7c5d483c93b8a20c2dc710f1f1e24bf77bcf1ee128b61fe3e04
data/raw/Training/pituitary/Tr-pi_326.jpg,pituitary,3,Training,train,460d9f628c53b46d03cfad9589f853ef133d40a8ce3bd6bf7023b90fb1b8cfd0
data/raw/Training/pituitary/Tr-pi_327.jpg,pituitary,3,Training,train,8ed4accd7a09042e088ab54f6151af6ddd67b01286b0c280141f11aeadec80e8
data/raw/Training/pituitary/Tr-pi_328.jpg,pituitary,3,Training,train,5eef214999a0e35bd7b1cced1d58271ae93dcd032b2ce52ee782b1bec9e5b3b5
data/raw/Training/pituitary/Tr-pi_329.jpg,pituitary,3,Training,train,96ec0162d6e670af8c73e2079c8f4a8f6c1dd1e05bf998cd408c869c935bd115
data/raw/Training/pituitary/Tr-pi_33.jpg,pituitary,3,Training,train,5770383cf5e78f38c754c3b6c008762876870a649411597b947cdedfd6e74694
data/raw/Training/pituitary/Tr-pi_330.jpg,pituitary,3,Training,train,02d29847c192393f63c611d44d3e536c967913583dbde3f65aa9dac967435ede
data/raw/Training/pituitary/Tr-pi_331.jpg,pituitary,3,Training,train,9dd82ba057eed76ed646f547d3a24df84f66a3ecc4f50b23bd743c797f27b6fb
data/raw/Training/pituitary/Tr-pi_332.jpg,pituitary,3,Training,train,5dfc77c03494564ee66de0e89e78ccffe74036e5f1f4e8143439cc796c0eb24c
data/raw/Training/pituitary/Tr-pi_335.jpg,pituitary,3,Training,train,3ecda9413d53b2ce6b9f46f5730603028d7d607192e8c93c2a0c0c0d932e5171
data/raw/Training/pituitary/Tr-pi_337.jpg,pituitary,3,Training,train,b7aafafb3940a0611c76223ca4a1156dce7e9388a0d4c6b0dfe5f750b3856c7d
data/raw/Training/pituitary/Tr-pi_338.jpg,pituitary,3,Training,train,e87cfa11c08282fa7196ac1054f99bbc0630a1cb1fc8495215315f1c2860b925
data/raw/Training/pituitary/Tr-pi_339.jpg,pituitary,3,Training,train,9adc560600826dfa2f97817666c8cd26b5cc079bca177079bb437410b1a05eb0
data/raw/Training/pituitary/Tr-pi_34.jpg,pituitary,3,Training,train,7b620f6dc323d403afb8ffe83ac2c78116cc93849cc016f6f4217c94aa6e4a5b
data/raw/Training/pituitary/Tr-pi_340.jpg,pituitary,3,Training,train,67ee296e5c01518e303d90ed7d3034a39e3e8fdadfb53b27b15d000109c5acb3
data/raw/Training/pituitary/Tr-pi_341.jpg,pituitary,3,Training,train,6f58dfbade33923517d3941f9f72073de2c24e8e668c83e7eb898c43494b7dad
data/raw/Training/pituitary/Tr-pi_342.jpg,pituitary,3,Training,train,d44ef6cb6024cecc6bb3fc1b2becd77391080bd9b5b5d1212b0383cefbb8110b
data/raw/Training/pituitary/Tr-pi_343.jpg,pituitary,3,Training,train,47fcf8eb90047e9908b0bc23fecb2e71c2c9360cafa22bc7bd08745555998b2b
data/raw/Training/pituitary/Tr-pi_344.jpg,pituitary,3,Training,train,644685bd941f50c8b8d0fb7338fa4f4303e1240306565351378f58e3b925e990
data/raw/Training/pituitary/Tr-pi_345.jpg,pituitary,3,Training,train,2388416bf23a568115d8c48110c1d82626ece27b4fc8ef125c48dfd53207e69d
data/raw/Training/pituitary/Tr-pi_346.jpg,pituitary,3,Training,train,937e091f6ea63f9bac21a86ef0b98ff1dc4fb9778d78d43b4fab9ce9448c1145
data/raw/Training/pituitary/Tr-pi_347.jpg,pituitary,3,Training,train,39eac376ac3c6aebacff77655015b1e1eb4cc1e67a1853a69796822a7e43124d
data/raw/Training/pituitary/Tr-pi_348.jpg,pituitary,3,Training,train,0dec5bfe981da76279f9b98735d7adcbe30bcc5e61bb2c9d4611ba3c48a6fef3
data/raw/Training/pituitary/Tr-pi_349.jpg,pituitary,3,Training,train,415c893286a1a8c1777fb3ce59f71925bd312ab367524040024d16e9d39bbcbb
data/raw/Training/pituitary/Tr-pi_35.jpg,pituitary,3,Training,train,ac62dd6ff602203e01d2bb6cc6ec679dbd9ecfbdc5956b5d810fbb18d344c27a
data/raw/Training/pituitary/Tr-pi_350.jpg,pituitary,3,Training,train,2e005ff19bb2baf6f9696dbf6554d35d9718905318f0c9c8aa02b59d91093775
data/raw/Training/pituitary/Tr-pi_351.jpg,pituitary,3,Training,train,066b191d32c41e3832b347ae5fdb6f6930eb69e58caf500d67fd164a4becb04a
data/raw/Training/pituitary/Tr-pi_352.jpg,pituitary,3,Training,train,da37773fc37350e9fcab014dcb3009def0e4c4faf5bb6f6e3dc7652753b15ec2
data/raw/Training/pituitary/Tr-pi_354.jpg,pituitary,3,Training,train,38dccab5cc42e98bc5b09af4a6bee5a453cacd2b9d5c1150e9626543595e291c
data/raw/Training/pituitary/Tr-pi_357.jpg,pituitary,3,Training,train,ac99800ef216379ddc83e6a707047e311f92c2f5b155cc7c3dbac269720582f3
data/raw/Training/pituitary/Tr-pi_358.jpg,pituitary,3,Training,train,f979c2ffaff14bed490da1abc1da62e265cbc4fe7283ab32b76708963ac43bae
data/raw/Training/pituitary/Tr-pi_359.jpg,pituitary,3,Training,train,ce0aecf78b0bbb733b3ac48a7ef17017ff58ef74903b7f11f155f6b91e79f9c3
data/raw/Training/pituitary/Tr-pi_36.jpg,pituitary,3,Training,train,df30274174729c0df0c8fd4e94cc43d0f7904e2eee37aae34bcfcedd158df915
data/raw/Training/pituitary/Tr-pi_360.jpg,pituitary,3,Training,train,82fc4228e4a0c2137a3167ec0b34c1559cad191b8485090b01158e8db9342319
data/raw/Training/pituitary/Tr-pi_363.jpg,pituitary,3,Training,train,4280d9e41e42de3c020ccb13aa8c046acae89c5c7a4521e70009b7802ea41efe
data/raw/Training/pituitary/Tr-pi_365.jpg,pituitary,3,Training,train,6ce2d3b4c97155cbd928be90c112e2a45444f266c236844380151d73d84cea15
data/raw/Training/pituitary/Tr-pi_366.jpg,pituitary,3,Training,train,efa610b1f2367aca573bc4eebfcf29dcb589f8ce5f4cb5025afd13ad6361bf58
data/raw/Training/pituitary/Tr-pi_367.jpg,pituitary,3,Training,train,c1724a49e6d78cdf98935f1e8eb671d659c99b3f547afc98f9621efa88429804
data/raw/Training/pituitary/Tr-pi_368.jpg,pituitary,3,Training,train,553eb7217a3e2035de88d5ba71324e4a0b55879ea4ecb731184a055bd1208af0
data/raw/Training/pituitary/Tr-pi_37.jpg,pituitary,3,Training,train,965a01763a8338819299be72a1dde9fbfbf5518fb4c457f4d8537e7495e0fdf5
data/raw/Training/pituitary/Tr-pi_370.jpg,pituitary,3,Training,train,584e5c3ae82eebfbd089c0a33e772fa0d566da5d3f34ac042fd5cd0344e883e6
data/raw/Training/pituitary/Tr-pi_371.jpg,pituitary,3,Training,train,4585128888c08733ded0da513a9a06d9036a305690498308dd3e808ccbe3d055
data/raw/Training/pituitary/Tr-pi_372.jpg,pituitary,3,Training,train,a2144642197a1bc3b518f775a50406a704f36937d357c0384c3b9e000b859a3e
data/raw/Training/pituitary/Tr-pi_373.jpg,pituitary,3,Training,train,0ab597668fbd311a7f24b72937bf79ab52a0118802fc497d7d2f18289d1ed186
data/raw/Training/pituitary/Tr-pi_375.jpg,pituitary,3,Training,train,27b05cb14af81ac26fa2e95c57e935299e012cd33d4f7e56a8a1c59ea56433dd
data/raw/Training/pituitary/Tr-pi_376.jpg,pituitary,3,Training,train,c8c19ccfc1303e9dd26313fee866072437d944554c81a510c2b4b77a0e8d0ce5
data/raw/Training/pituitary/Tr-pi_377.jpg,pituitary,3,Training,train,f6a1cb41980bdda291824c6f73bc525c5ed8f1f68d05147141e4f5ad0c407c2a
data/raw/Training/pituitary/Tr-pi_378.jpg,pituitary,3,Training,train,42231ab7fe57d5d19f542c507fc4146aca2a6eefa4426992e6a1448784631037
data/raw/Training/pituitary/Tr-pi_379.jpg,pituitary,3,Training,train,84e577fd8f43864bfcd18563438878b07ca2bf460b5deee29c29ddb95ca8bedb
data/raw/Training/pituitary/Tr-pi_38.jpg,pituitary,3,Training,train,9b7c2aa172ab98e143b7e9ef9059b0365cf8b998ad5b971d3c5348130406f925
data/raw/Training/pituitary/Tr-pi_380.jpg,pituitary,3,Training,train,5072337e7f907af73f212ad03ff574dd4839d87afa68c62dfe999b812e313cb8
data/raw/Training/pituitary/Tr-pi_381.jpg,pituitary,3,Training,train,679631684a5682cfb59fde3416b9c8d65c9c525348132d598b8b14fe3c9ecf2b
data/raw/Training/pituitary/Tr-pi_382.jpg,pituitary,3,Training,train,f75bec4a247cc7c2a68717160d4302905cf47399875dda19674c6a97883e2b7c
data/raw/Training/pituitary/Tr-pi_383.jpg,pituitary,3,Training,train,933dabb7739d807944d505fe002b4bfa403e430f0f6edcd2df16846d072dfa9b
data/raw/Training/pituitary/Tr-pi_385.jpg,pituitary,3,Training,train,b009b05f96a1d7661e060f019d1a560e407777c947d0cbb3c666b57cf937d7c2
data/raw/Training/pituitary/Tr-pi_387.jpg,pituitary,3,Training,train,c92000e46dc946281e4e85f1160fed03a93d841bfa0318bf42c1659164d10253
data/raw/Training/pituitary/Tr-pi_389.jpg,pituitary,3,Training,train,9eac490c178c7d3bf571c70f7539297ba72c77134a435d5416dd26d81dbec50f
data/raw/Training/pituitary/Tr-pi_39.jpg,pituitary,3,Training,train,805a331f00d33a927555fb69eb3c694ae4f0f008cbecc892a666b9dd63b89518
data/raw/Training/pituitary/Tr-pi_390.jpg,pituitary,3,Training,train,4acbd12f65ce29de18070253e510bf2eef0690e76a0a6e4031e4bf4396d921f2
data/raw/Training/pituitary/Tr-pi_391.jpg,pituitary,3,Training,train,53a7cc5a84fc54cccda7288d9c89c6d3beff638273ce61c3dd6fef8ccec9df2d
data/raw/Training/pituitary/Tr-pi_392.jpg,pituitary,3,Training,train,ab8ab7cc4ee406a8d8b708773da397a08396a7319d0e773c8ca61299a5d2fe33
data/raw/Training/pituitary/Tr-pi_393.jpg,pituitary,3,Training,train,ec1613b2f8e28abc1327eee31b6b4decb83d15f97422c9fcbcacd2fd1c4b3714
data/raw/Training/pituitary/Tr-pi_394.jpg,pituitary,3,Training,train,a6a96199edd6b7394588d6ffb33860f6940fa97c7df39a3b2e8622aee3ce10b2
data/raw/Training/pituitary/Tr-pi_395.jpg,pituitary,3,Training,train,d18e158bc00f01d81fc4c7adbac7d4cedae5eb0090d49a0f839c251adea724b4
data/raw/Training/pituitary/Tr-pi_396.jpg,pituitary,3,Training,train,59b7545faed7fe8962c1853d6dd379ab5e5ddfe6970a42a0017a4114fb1a95ad
data/raw/Training/pituitary/Tr-pi_398.jpg,pituitary,3,Training,train,ccf576e4a922bc6d5d45c2df317026a7f39e37cb44587d0bdb4da2e5468c7fcf
data/raw/Training/pituitary/Tr-pi_399.jpg,pituitary,3,Training,train,643a183fb0f167032628a1f260c8842e829987b57212527eaf13096017e11ce4
data/raw/Training/pituitary/Tr-pi_4.jpg,pituitary,3,Training,train,f2dc762be0431c060995d1dfd4d725b2cc02ba967bbd269142ec3dc20323a55b
data/raw/Training/pituitary/Tr-pi_401.jpg,pituitary,3,Training,train,ef78100b55df5e524435a5a555d42fc7d0e909b6400f17917b655c504b192371
data/raw/Training/pituitary/Tr-pi_402.jpg,pituitary,3,Training,train,2e60bcc6f9117340d6e69a7a175345081e9025262dc4029f63d8195b564a6bff
data/raw/Training/pituitary/Tr-pi_403.jpg,pituitary,3,Training,train,8e2a3b157a7649233a936aa55b4b3c3174ab2d651fbf87f1af9070a58ddaef1f
data/raw/Training/pituitary/Tr-pi_404.jpg,pituitary,3,Training,train,200bebcb6cf85e20d26fd99d394da427ffab3381aa751c3970c2c7ca1b588293
data/raw/Training/pituitary/Tr-pi_405.jpg,pituitary,3,Training,train,6e4a32b7a73554a9a26b0e594f63d76920f7caeea52be19c323f8ad755d17f8b
data/raw/Training/pituitary/Tr-pi_406.jpg,pituitary,3,Training,train,943e7c08106fe08edb2148d5221eb35292dc46234b836d8de9a8ab824f5b385a
data/raw/Training/pituitary/Tr-pi_409.jpg,pituitary,3,Training,train,37a4f0b19b916529241a370c8c23e4364173d1a5a6333ab1014257cd81806a3c
data/raw/Training/pituitary/Tr-pi_410.jpg,pituitary,3,Training,train,6c374ab41105e5927d08e15103c8c27416f8e7d03c15c03d104ace5b310bd0ed
data/raw/Training/pituitary/Tr-pi_411.jpg,pituitary,3,Training,train,fc8974c04a97fd0115d433b4a99ed5f6e5fdf52a7afdc270dfc461d816a7baf4
data/raw/Training/pituitary/Tr-pi_412.jpg,pituitary,3,Training,train,2ef5ee3a753e06b1cbaf151c1ba493506921b1e41e0ed49184ec045035616ab1
data/raw/Training/pituitary/Tr-pi_413.jpg,pituitary,3,Training,train,f205a3db058de969817ebf824a7586f87db0d11c27861b86ec523c593a18bd05
data/raw/Training/pituitary/Tr-pi_414.jpg,pituitary,3,Training,train,c6c1383d57e844cb3e94b6b53128a2a981a65d0bf150adae3e4e59d5ee939ee1
data/raw/Training/pituitary/Tr-pi_415.jpg,pituitary,3,Training,train,eaea1fd087d0fa735ee3dd676adffc6577fb15427445c7ac53bd3f8dc8eca04d
data/raw/Training/pituitary/Tr-pi_416.jpg,pituitary,3,Training,train,1331dcc11d7fa358653b0a63a4c2f17c9741f2643e384bc3370e8ba910f1dac7
data/raw/Training/pituitary/Tr-pi_417.jpg,pituitary,3,Training,train,db031aba8ea9a7b4946ca4ba06e0d3247fa5a6e786c791f6c095703f7dcd0fe9
data/raw/Training/pituitary/Tr-pi_418.jpg,pituitary,3,Training,train,2887fd122d7e0131cf4f31e57c2cae9e550aa63852452632eb168f33bc707084
data/raw/Training/pituitary/Tr-pi_42.jpg,pituitary,3,Training,train,1e7427e18eda9a569729c4617ebb6c0bb646baae199ff99c4586924c6d9bd1ef
data/raw/Training/pituitary/Tr-pi_420.jpg,pituitary,3,Training,train,5e0ee7fc360a26a2f470612de72fbbdf903fffe139c098c68c0f6d6f0d8f7459
data/raw/Training/pituitary/Tr-pi_422.jpg,pituitary,3,Training,train,bb3ab9784ed96aab6710aecc230d606becbd60a5a2e28f8deebe1922807c8414
data/raw/Training/pituitary/Tr-pi_423.jpg,pituitary,3,Training,train,c236714d558942b424ad540d445ff8a24a10a23a1d427c3884b315daacfe8d45
data/raw/Training/pituitary/Tr-pi_424.jpg,pituitary,3,Training,train,f7e9212f0be6b82943dc10864e037aacc0c58b0d4f320ecc7807a536e0d75dc5
data/raw/Training/pituitary/Tr-pi_425.jpg,pituitary,3,Training,train,072c7b150f63eaae6d47414087c2802a9a0f03f6f03a19072588df9525f5e7c5
data/raw/Training/pituitary/Tr-pi_426.jpg,pituitary,3,Training,train,b43008d80d9962a942b3a5e094bccba4986140eb882b59729fde9b7cb1e5fa5e
data/raw/Training/pituitary/Tr-pi_427.jpg,pituitary,3,Training,train,1df5eb93b14ce767d7cd1b1b9738008e09117265d9a0c7051ebb5cfb86320283
data/raw/Training/pituitary/Tr-pi_429.jpg,pituitary,3,Training,train,fcca8529a47eba7ccf20ba3bda07e181ac9203c45da7ada3c5be3abc020bb36a
data/raw/Training/pituitary/Tr-pi_431.jpg,pituitary,3,Training,train,fdf47eeeeecb6468e2eb2d64c7b76dccc4efa41f803266e33a917fb24bafd082
data/raw/Training/pituitary/Tr-pi_433.jpg,pituitary,3,Training,train,0658cca24ed6e02cc6d8779d0e65732e284b6f8e6cd861c3455c18ff4fd4b78c
data/raw/Training/pituitary/Tr-pi_434.jpg,pituitary,3,Training,train,4a13f200a3c2377b9cf9552ada7dac9122421074bf22943fd8a19a7cc57032a2
data/raw/Training/pituitary/Tr-pi_437.jpg,pituitary,3,Training,train,268f79fb85ac7c3c8ecff68dfdd25a25d06bb7d571789469bd5382b66ffc9473
data/raw/Training/pituitary/Tr-pi_44.jpg,pituitary,3,Training,train,8082b25fcb59c0adc03966144585a364dabb720055655e61eb2245166908b1df
data/raw/Training/pituitary/Tr-pi_440.jpg,pituitary,3,Training,train,e9732ddbbbe4891f6d1cefc7890f2bce1b7bd714c93351e3e4b55ed6a2365572
data/raw/Training/pituitary/Tr-pi_442.jpg,pituitary,3,Training,train,ba39b457e101851b31300eb8c347a96c52b5d269c6b680187c63d09f8cff819e
data/raw/Training/pituitary/Tr-pi_443.jpg,pituitary,3,Training,train,d1dfa44b4b2bedf9364d31cf92808e05442a1a3ffc0e43a983c0f09befbfc198
data/raw/Training/pituitary/Tr-pi_445.jpg,pituitary,3,Training,train,c7c25ee8a29e06b0a1291dc13c488c021d4043633102a221b0cbb6bf4ad60cf9
data/raw/Training/pituitary/Tr-pi_446.jpg,pituitary,3,Training,train,105aa22a22ce6dc818191eb9f738f74599b266f88c4f108454bbac1c1e1fd911
data/raw/Training/pituitary/Tr-pi_447.jpg,pituitary,3,Training,train,4942c3df21bd714e4d0fe9db03de2c005143ca836e4f22d7aae05e9d6206ae90
data/raw/Training/pituitary/Tr-pi_448.jpg,pituitary,3,Training,train,4fc337076cf1158c9d05af3369fb4a2eaed4e3a8b21666af5274fedb0c3b9cbe
data/raw/Training/pituitary/Tr-pi_449.jpg,pituitary,3,Training,train,173352bd120da4ef01cd87ecacc9ac4a55fcbd5b89f1d7807a39871c78455b02
data/raw/Training/pituitary/Tr-pi_45.jpg,pituitary,3,Training,train,bcb3854cccf1921b2c0d7d7301e0a64c571818adb3d05b85e14cc5ea8b6e9009
data/raw/Training/pituitary/Tr-pi_450.jpg,pituitary,3,Training,train,c3ff671aef3b76640bb5f052501c662619f5f1c63a3fea3b7dcbdea749a203b8
data/raw/Training/pituitary/Tr-pi_451.jpg,pituitary,3,Training,train,b843611b7381ac2326524d41ef5cd990358d49076bf7b043e85b4bc57f7a696e
data/raw/Training/pituitary/Tr-pi_452.jpg,pituitary,3,Training,train,e44308756c14f8a6b9cbb7073ef16959faab0729c14acdc7b595693bd1dd149e
data/raw/Training/pituitary/Tr-pi_453.jpg,pituitary,3,Training,train,59f1f1e66a11861289de1957bbe33cf3030971c7419ae792fb2d3f361a398ece
data/raw/Training/pituitary/Tr-pi_454.jpg,pituitary,3,Training,train,283fab2c9a0259b5348c9058246ab9f177a28f73a683676f9795f15b5a7d6afc
data/raw/Training/pituitary/Tr-pi_455.jpg,pituitary,3,Training,train,4734a9b288206d24d8a867d2696ae31516e788435fc383987440e3d0726054fb
data/raw/Training/pituitary/Tr-pi_457.jpg,pituitary,3,Training,train,3cf9bbb6ce5295cad9e903a3b404d87e6347cf8b0917b84c53c7c8cf092d5893
data/raw/Training/pituitary/Tr-pi_458.jpg,pituitary,3,Training,train,9c2c4b66957c20ce74ed30e23571e885877da32ae12de47f99a9b008f5745fb7
data/raw/Training/pituitary/Tr-pi_460.jpg,pituitary,3,Training,train,73b4d1045f85de28c25ac7cd09eb62f151c5fc94de4cd8270ccb6cedbb8ef384
data/raw/Training/pituitary/Tr-pi_462.jpg,pituitary,3,Training,train,1c46e75ea767287555fe60713098012ddf168ab90459c2206353dbf302396c40
data/raw/Training/pituitary/Tr-pi_463.jpg,pituitary,3,Training,train,e09c0efd7275fe6dcca7d375884a8a3bfdb440ccf7db0fe590457059f1daea1b
data/raw/Training/pituitary/Tr-pi_464.jpg,pituitary,3,Training,train,8a4a14e666a67b90bf01bac1b85170bacf41fda33c7a7394d5e82e83c6f6f324
data/raw/Training/pituitary/Tr-pi_465.jpg,pituitary,3,Training,train,599c1570a495e2a31f2e272e7a3ca53437f27a07d22871b83f9709cebeb2c0a3
data/raw/Training/pituitary/Tr-pi_466.jpg,pituitary,3,Training,train,116e7940cb16530a4773424e373c4666c90d2ca7b13b482aa31a43ff55e29760
data/raw/Training/pituitary/Tr-pi_467.jpg,pituitary,3,Training,train,ce3f714e32bee416a61d22812a46f93a875a6c3022dac9d33160b950128675c9
data/raw/Training/pituitary/Tr-pi_468.jpg,pituitary,3,Training,train,5dd3957afc0f4b344338ac12091e02ca817ebdf78d590db5ff36c16ff14d90a2
data/raw/Training/pituitary/Tr-pi_469.jpg,pituitary,3,Training,train,f4222a5ad9f3b58f8bb00a22f4a306ab14b9b8deef1e94c998724f4fea92cf8c
data/raw/Training/pituitary/Tr-pi_47.jpg,pituitary,3,Training,train,612883797d661e00d1de5b584acd319684e96e687aec5182fec5021c1d2debf6
data/raw/Training/pituitary/Tr-pi_470.jpg,pituitary,3,Training,train,535de7eda579869cc1c1bbba650b32a4067b9868f20c24bc219c7c036d478297
data/raw/Training/pituitary/Tr-pi_471.jpg,pituitary,3,Training,train,d3092b7290507f5e0b336d7dff5f0c81a048e4e2fb1c7e8ee6fb0d51f7cdc429
data/raw/Training/pituitary/Tr-pi_473.jpg,pituitary,3,Training,train,47864d2cbb0014ecfdde55c7378cff1d6328e8888a386ea958e56c388cf01e0d
data/raw/Training/pituitary/Tr-pi_474.jpg,pituitary,3,Training,train,864731e9effe4831697ba57857d7207238ba8144a1f3fffb2b8009c8cb758a39
data/raw/Training/pituitary/Tr-pi_475.jpg,pituitary,3,Training,train,d4bb00896b12984eeac0ad1d64ec997aebd6193e9ba2978500794960f2eba344
data/raw/Training/pituitary/Tr-pi_477.jpg,pituitary,3,Training,train,98205ae2f74a822b06943f61ce321d68375cb8ee6ec9e2d78cd2c2f8a58e4db0
data/raw/Training/pituitary/Tr-pi_48.jpg,pituitary,3,Training,train,3d16e8686b1bc15f16d2936f4c839ed7fbc26f1599301972f74402a8fc528b00
data/raw/Training/pituitary/Tr-pi_480.jpg,pituitary,3,Training,train,b479c0fd90d3f50028c8d31fe6078c4a93ab0bd616c75ce04dc6037335eccc92
data/raw/Training/pituitary/Tr-pi_481.jpg,pituitary,3,Training,train,3e0458aa51bf4574bd16d42413768eb5451887b59c8b9cdf508ce7032b9edc71
data/raw/Training/pituitary/Tr-pi_482.jpg,pituitary,3,Training,train,cd7b0c3380b7f938d17927b7f1b15d3f180664589699cf42f2a0fc1ce15a7951
data/raw/Training/pituitary/Tr-pi_483.jpg,pituitary,3,Training,train,0e3d0c18da9f9c54c9957d7b1a5bf41795310b1710ac50dabffc5a8c69eb5e0b
data/raw/Training/pituitary/Tr-pi_484.jpg,pituitary,3,Training,train,fd924f149d4d7d9b46d77c728cd15f298c96c58aca33a9bce4bc21c493e7b4ee
data/raw/Training/pituitary/Tr-pi_485.jpg,pituitary,3,Training,train,35198c716edb5fdcc19a59d61dc606cbe5720ab9358096464ead604761f6861f
data/raw/Training/pituitary/Tr-pi_486.jpg,pituitary,3,Training,train,3b7aa24d390beb1641274fda437655f427898a8e7a142f6bf03324b5b361a845
data/raw/Training/pituitary/Tr-pi_487.jpg,pituitary,3,Training,train,0e746ed4aca4b1439885710cf7c5f51582460d3b495ea48a3c539054fe524c75
data/raw/Training/pituitary/Tr-pi_489.jpg,pituitary,3,Training,train,b157acf9ed953e2bcfc188db0f31a5f2ec36527b7ba405096116856567ce894c
data/raw/Training/pituitary/Tr-pi_49.jpg,pituitary,3,Training,train,b3702b83372ee6b6cf7b20eae6f27492db189f52a599be79233e6622f256006a
data/raw/Training/pituitary/Tr-pi_490.jpg,pituitary,3,Training,train,ee1f82ef6ec669fcf9acce1b77af8f7604a1880b15a3306e36f20d9d04e3ea31
data/raw/Training/pituitary/Tr-pi_491.jpg,pituitary,3,Training,train,f06ebc6ff91cc502a0d77c9909fc224e6ac4bc4e3b242d7c9c25c6fab895985d
data/raw/Training/pituitary/Tr-pi_492.jpg,pituitary,3,Training,train,5937e02fc13e1b4f94a346a12214ca0b44a2ce1b80e1aaf93ef5c3c0aba2625c
data/raw/Training/pituitary/Tr-pi_493.jpg,pituitary,3,Training,train,89ef780c0cd2b86da2dc97763f038defb5ff3307147dfce9901854616cf069eb
data/raw/Training/pituitary/Tr-pi_496.jpg,pituitary,3,Training,train,eb221075b4c98d851e75a3a58df90813e15077672ea696fca50956bf8bf5b50a
data/raw/Training/pituitary/Tr-pi_497.jpg,pituitary,3,Training,train,768d64dc5b61020b045cc30f7ce4e0d9b082266472c226296da6c875696400e2
data/raw/Training/pituitary/Tr-pi_498.jpg,pituitary,3,Training,train,ce0bcba0f4d073b4b72581878fd4b84039d3b7d5549bb0b72915ef3ee440edf0
data/raw/Training/pituitary/Tr-pi_499.jpg,pituitary,3,Training,train,0e765056f1a35344471cd0ccbd3e957daf6ea9930e00c95a2a37d2ef75368dc6
data/raw/Training/pituitary/Tr-pi_50.jpg,pituitary,3,Training,train,c3fb12f5983a520e72059ebfc838d6901a1eea60fa9bfe776970478844cfda9b
data/raw/Training/pituitary/Tr-pi_500.jpg,pituitary,3,Training,train,fa722d489855c3b86aee183ec10619a5fb285ea210b7b212de43a8e6ee4a290f
data/raw/Training/pituitary/Tr-pi_501.jpg,pituitary,3,Training,train,63da4ed73f4206e22fda56c313baec0210cc966e69967ef3fa061540b6d52534
data/raw/Training/pituitary/Tr-pi_502.jpg,pituitary,3,Training,train,147fbcf2213e48e51be15d22b5f59a450b4ed18f6c7b7cb96d9bf4de5596a0f1
data/raw/Training/pituitary/Tr-pi_503.jpg,pituitary,3,Training,train,22e3ca67aaf4ddfa9bc4edcbd1a18168d142af2c2dfb83bc420e0d7966554620
data/raw/Training/pituitary/Tr-pi_505.jpg,pituitary,3,Training,train,bfb27422febf755950e82f0403eacc775278799c400bd9e0278cc718bb630346
data/raw/Training/pituitary/Tr-pi_506.jpg,pituitary,3,Training,train,5b490174983013cfdf7fba18d2b522e46073c7d9d289159ca21a286d85665148
data/raw/Training/pituitary/Tr-pi_507.jpg,pituitary,3,Training,train,a5d80f7431c618a38e8c8554ba1a76d78cf67888a0eafa1b18949b543cc6a21f
data/raw/Training/pituitary/Tr-pi_508.jpg,pituitary,3,Training,train,ced10a5a01cb4cd0b47392feb3c1b673dc1a33dc68af69333c3ee8a1df951c19
data/raw/Training/pituitary/Tr-pi_509.jpg,pituitary,3,Training,train,61839d9f883352044be49023276e1a99613a6a0ba432686529d7b9c47c215a68
data/raw/Training/pituitary/Tr-pi_510.jpg,pituitary,3,Training,train,5dc617b4e5e82154c5626d11ba9c751b8bf549c6a355069ec3b41c225ffa9cd3
data/raw/Training/pituitary/Tr-pi_511.jpg,pituitary,3,Training,train,4d0f817cf442c516efe4950f981a743593db417941c67428ecf467234adcc00d
data/raw/Training/pituitary/Tr-pi_512.jpg,pituitary,3,Training,train,28253f27c4e65837b0f35488f2280f1b9e353622c80c817653f43f1326f4d8cc
data/raw/Training/pituitary/Tr-pi_513.jpg,pituitary,3,Training,train,a9cfb4ffb72014bb945b3a277a8104cf2002ce73783ac179d4b96bfdced5657f
data/raw/Training/pituitary/Tr-pi_514.jpg,pituitary,3,Training,train,1c88854a283f9450f2e5e9ec08eb658db6ad83a65ba30af8933ba27c8091f66e
data/raw/Training/pituitary/Tr-pi_517.jpg,pituitary,3,Training,train,e6a083352c7a1e645180237da0ccefd2012e957f528f5f981ced956953311af0
data/raw/Training/pituitary/Tr-pi_518.jpg,pituitary,3,Training,train,eb5e147c031d5cc6c777dce8c84088647632a92c8c7afec47e2f0dfd738a4a58
data/raw/Training/pituitary/Tr-pi_52.jpg,pituitary,3,Training,train,ec2f6975e8b6b00c308feea551d9650030660bfa51ca699df71dc60746dafc23
data/raw/Training/pituitary/Tr-pi_521.jpg,pituitary,3,Training,train,c73c58a9d14933ca8cd3b2a71d6450320dcb143054a384f069aea5b1871b3f13
data/raw/Training/pituitary/Tr-pi_522.jpg,pituitary,3,Training,train,c5de0aa9e0adb9c7d3e94228479b96f6aaaeaca521bc57aec49a247fe7790641
data/raw/Training/pituitary/Tr-pi_524.jpg,pituitary,3,Training,train,e0ccb5ebb712943da7ea7176ed5bf2612985622464519399e7fc85422a30efb6
data/raw/Training/pituitary/Tr-pi_525.jpg,pituitary,3,Training,train,c76083bc8499d21245bac4eb4cad4e0d6e8ec99e75201096927e495d73706025
data/raw/Training/pituitary/Tr-pi_526.jpg,pituitary,3,Training,train,7ad8f8b381fd8d6c40d2b8baba9b5be97f5bffab8d40c6db22b50dfa4b9babb7
data/raw/Training/pituitary/Tr-pi_529.jpg,pituitary,3,Training,train,ec5bc4b6f2fbf875b0fb9f0e9cef39b6cb53c3cac00e0ce6cc660ccc8f28e0ae
data/raw/Training/pituitary/Tr-pi_530.jpg,pituitary,3,Training,train,4cd9be28c335a75d975ffb5899844126eff977adf92eae4ac0fad646f9f15c8d
data/raw/Training/pituitary/Tr-pi_531.jpg,pituitary,3,Training,train,cd12a7d44549931add5490368ff8d34dc95e7612ad0babd2087d3a73af9c566d
data/raw/Training/pituitary/Tr-pi_534.jpg,pituitary,3,Training,train,09cd823a79f25b43c4cc77fa7a3d384abeb00f29625749532e893195341d046a
data/raw/Training/pituitary/Tr-pi_535.jpg,pituitary,3,Training,train,29ee791ab266a6d9cb1a7b30d61d8ba93b3636ea2aa68eafb5b13b450b5d2ced
data/raw/Training/pituitary/Tr-pi_536.jpg,pituitary,3,Training,train,96757b1c8a7fcdede67a6c1c66c75fda341e4606ab19605ad93367975d8ed5fe
data/raw/Training/pituitary/Tr-pi_537.jpg,pituitary,3,Training,train,a7e2c3a1c4cafcab4be2236e6bffc01e4f1ba131791ef1b73a018b6cab76c696
data/raw/Training/pituitary/Tr-pi_538.jpg,pituitary,3,Training,train,2a5a8b4fe4aae0487b4116c0d4525333fc7bb31be85af5cf3528945c37c2ee57
data/raw/Training/pituitary/Tr-pi_539.jpg,pituitary,3,Training,train,25f8a20c433412d24450f61d7051151c45a85dd5b9e2c7e4d4922d3d368ba5c1
data/raw/Training/pituitary/Tr-pi_54.jpg,pituitary,3,Training,train,cd3f4e97721fa8bb0a23d92945e6e258f2777038dd09b09b1338deb76a089f5d
data/raw/Training/pituitary/Tr-pi_540.jpg,pituitary,3,Training,train,247e415184c433b2d62ce0f917f41f5074e7b21cb840191f5c7f0582189975e8
data/raw/Training/pituitary/Tr-pi_541.jpg,pituitary,3,Training,train,f59605a9076d7a3cff5cca14c7ec768a40e00f4e47e9f2f6e929170d02396d81
data/raw/Training/pituitary/Tr-pi_542.jpg,pituitary,3,Training,train,4f6314d65c3d703caa7b94440365f4c89fa68a7069a0a10054e6604956f60f28
data/raw/Training/pituitary/Tr-pi_543.jpg,pituitary,3,Training,train,3369bd0b2fc6f289b3f65f40ef7e05a79bfb083a80e2cf45d9cdf2493fb499aa
data/raw/Training/pituitary/Tr-pi_544.jpg,pituitary,3,Training,train,021ee6d047629e09d4a1ca7edb1618046e0f61ce996a8dea861af2143761c1bd
data/raw/Training/pituitary/Tr-pi_545.jpg,pituitary,3,Training,train,0fa10a90752d99ee5543b3e76263ca7566a8e2f18d26e112c934d9973f5011de
data/raw/Training/pituitary/Tr-pi_546.jpg,pituitary,3,Training,train,097af0282e23e240abe6f6d6492d46cfa7992f374647989d77cefbc46c6ec2dd
data/raw/Training/pituitary/Tr-pi_547.jpg,pituitary,3,Training,train,d78d98cabe123566113be733a907aebb41fcbce1510655be1a5d560a2eb76019
data/raw/Training/pituitary/Tr-pi_548.jpg,pituitary,3,Training,train,b33e1f05e32d9bbe0bcd712b44ffbbe2971182c89887612ddc866a18c093b83f
data/raw/Training/pituitary/Tr-pi_550.jpg,pituitary,3,Training,train,4fa0587d9070123d715af0204fa373a64846bc42a6ed1d55e5017196bd7b0113
data/raw/Training/pituitary/Tr-pi_551.jpg,pituitary,3,Training,train,16d348ec88f78b272762e93c244d8555001602a05c12254d8c83c1c5748e5e23
data/raw/Training/pituitary/Tr-pi_552.jpg,pituitary,3,Training,train,0f1cb299ff1c665492699839b5bc951b24819e229d6a4d0cff8557f2e09343b3
data/raw/Training/pituitary/Tr-pi_553.jpg,pituitary,3,Training,train,23af532520d496eb5c76e72177abe55c6e6b3d6f2e82866db28895a66b724cd1
data/raw/Training/pituitary/Tr-pi_554.jpg,pituitary,3,Training,train,bcf975c9a4f371ea4e30a1c293dfdc32425777d4a7418007ae41fdf189364039
data/raw/Training/pituitary/Tr-pi_555.jpg,pituitary,3,Training,train,dec07729b572e234c1e842ad5fd5fc377be8b33cac553f1b7edd65c7a9ecbb7b
data/raw/Training/pituitary/Tr-pi_556.jpg,pituitary,3,Training,train,8840d527142d62d959ede782b425e7f8d0700935c0266757d48b3acf329ce1dc
data/raw/Training/pituitary/Tr-pi_557.jpg,pituitary,3,Training,train,767407813537627d8e7caec87f849847cc6f1f6d148ad61d85f625728c47e1e4
data/raw/Training/pituitary/Tr-pi_558.jpg,pituitary,3,Training,train,d36673febeeff80e670075dd8ee4cd3cc116237aff4ce5ce86dfdcc4e591b437
data/raw/Training/pituitary/Tr-pi_559.jpg,pituitary,3,Training,train,04c801927f76ea1db923da5c311315c9c48d672da9355db5d30ffc05b8801b14
data/raw/Training/pituitary/Tr-pi_56.jpg,pituitary,3,Training,train,ec80c8c8576fab2d6600af12200698ea11bcff4b4aabdbc56e2b6d0f883c7f2c
data/raw/Training/pituitary/Tr-pi_560.jpg,pituitary,3,Training,train,50471d99b5d71f3b05f6e013c639846b2245d67d5ae2ad0ba3c2514ed717bf75
data/raw/Training/pituitary/Tr-pi_561.jpg,pituitary,3,Training,train,904443faf3e2497456d640dac17ee07d2a8b5a86994b9585d4b2ae495a77a55f
data/raw/Training/pituitary/Tr-pi_562.jpg,pituitary,3,Training,train,7afbdea3da7eede0945b28d3a919d6c9d6e65336f17f9a0c856772920f26846d
data/raw/Training/pituitary/Tr-pi_563.jpg,pituitary,3,Training,train,c0e1eced705e35b7b4b5fee440b03a292e4f7d3001534669633009ce85139cc6
data/raw/Training/pituitary/Tr-pi_565.jpg,pituitary,3,Training,train,84cdcb9b556da05793446791a0e594fbecea807483d8462558278cdc51dc2d64
data/raw/Training/pituitary/Tr-pi_566.jpg,pituitary,3,Training,train,ba2c2e727b9563c494dc910f0503216ec9c38248af9e402421ae7cf274d56cab
data/raw/Training/pituitary/Tr-pi_567.jpg,pituitary,3,Training,train,3ff24fe01a22cc7a29b5da4937df7a4faa6acd36ff4d587cdb47fa0fc6d26df7
data/raw/Training/pituitary/Tr-pi_57.jpg,pituitary,3,Training,train,362f3c6f3ca707cd3dc6b4d78e45bbf2bc05b842cfe59f71e3fbab0686afb88a
data/raw/Training/pituitary/Tr-pi_570.jpg,pituitary,3,Training,train,f293d7b720c78b0cb89aced12e741c1eb6825e9adc038b356d52354723814995
data/raw/Training/pituitary/Tr-pi_572.jpg,pituitary,3,Training,train,fa8a37fdc76f2f6ca079fc38e4aa2af76f33ae768c19ce5a819d8cd45459fb3b
data/raw/Training/pituitary/Tr-pi_573.jpg,pituitary,3,Training,train,5d1aa1c333b2f962207ecbed3184eef5c7b10fa722ccd37a5a304b7da4a31393
data/raw/Training/pituitary/Tr-pi_574.jpg,pituitary,3,Training,train,b9cc133cfdf85c1d8e86590d9b1b0dd37de204dbf268557f89a2fe03be294130
data/raw/Training/pituitary/Tr-pi_575.jpg,pituitary,3,Training,train,6a236fc202b73ac0da364d1a23dc85075e157b1a0e369fb17dec47c65074bdeb
data/raw/Training/pituitary/Tr-pi_576.jpg,pituitary,3,Training,train,6c1e106147dd2ae9e4b6f78361f211d8d1f6deb7e53e219c10140e2b4cf9c3dd
data/raw/Training/pituitary/Tr-pi_578.jpg,pituitary,3,Training,train,36a29c054877743cdee0765607760598569bc949ad90ecdc90b4969e3212a987
data/raw/Training/pituitary/Tr-pi_579.jpg,pituitary,3,Training,train,852be46f03cb7b00ace268fabb7c03ddc9a3d506c519caf910d37ba1096b50e4
data/raw/Training/pituitary/Tr-pi_58.jpg,pituitary,3,Training,train,4acae295aaa6340a3d15c7a4f89f1faec9360399027cfcbbb170322c8814f315
data/raw/Training/pituitary/Tr-pi_581.jpg,pituitary,3,Training,train,2cee72de4b0234183c86e09a1a06af992ff34b060d58196bba3ed6502a4573db
data/raw/Training/pituitary/Tr-pi_582.jpg,pituitary,3,Training,train,496288b003f7863b7441767b1bc601c14f97639ae9821466a050e0f5caf87380
data/raw/Training/pituitary/Tr-pi_583.jpg,pituitary,3,Training,train,8917aca4efc5d2ccb439f75bb16e0e52aac2b80066f8c38fbbe4cc82b6d527ed
data/raw/Training/pituitary/Tr-pi_584.jpg,pituitary,3,Training,train,eb975fe37c2b670c57923f1195cbc5d678049ae20aec37cad252e5aa87ea40de
data/raw/Training/pituitary/Tr-pi_585.jpg,pituitary,3,Training,train,303e83613fa2aed8932bf7ca1035153e807541b5b4ad6eeb89b22225d175ebc9
data/raw/Training/pituitary/Tr-pi_586.jpg,pituitary,3,Training,train,750e8005bbe06ef89ba534bf54e3575bc2bf381076dde6dad69fdf5e93606017
data/raw/Training/pituitary/Tr-pi_587.jpg,pituitary,3,Training,train,6749f78b3b9ea7efa5baa387c6c684a95c6e98fb033102fc4958c1215c01023c
data/raw/Training/pituitary/Tr-pi_589.jpg,pituitary,3,Training,train,645df4a69cedf5ed8fd34976fd300304f805220e22bd5eed3ce2689a70ba55b1
data/raw/Training/pituitary/Tr-pi_59.jpg,pituitary,3,Training,train,82c88c6719d19311dac25cc5550726eef75353376d96faaa40c648e4a3ed768e
data/raw/Training/pituitary/Tr-pi_590.jpg,pituitary,3,Training,train,5d2460838911025131f9e667ce2afe1b9f0c160d171f47888bdb4324add71b9f
data/raw/Training/pituitary/Tr-pi_591.jpg,pituitary,3,Training,train,5c8bde4f66583b4bf64f55e6c9b86d66a709371f66c824d3302ea05c7a51ed14
data/raw/Training/pituitary/Tr-pi_592.jpg,pituitary,3,Training,train,937185fe3ffa6d0b991625ffdeab933af5a69486a79a21793b7feb1c49f60483
data/raw/Training/pituitary/Tr-pi_593.jpg,pituitary,3,Training,train,a3f2fbef5ba86a9391d686bba154ab3e45b05a3f5801cc659239723973338a9c
data/raw/Training/pituitary/Tr-pi_594.jpg,pituitary,3,Training,train,c629bfcb58cfba854e54216b7e8fc3b1396acc12b3dfd96f18d37cf85e0ba99e
data/raw/Training/pituitary/Tr-pi_595.jpg,pituitary,3,Training,train,6eeeb7b81b6cfaf43fe7052656ddb7dcd930af84923187f18ffd19b33750a019
data/raw/Training/pituitary/Tr-pi_596.jpg,pituitary,3,Training,train,756a3a43f041274c701aba1e0c1ca5ff0f2ec16b946c5aa2db05865cbb8c29ee
data/raw/Training/pituitary/Tr-pi_597.jpg,pituitary,3,Training,train,af8a3f12745af74ce90b86f240982c8e525ee803219731bdbf93a3e56f166e5d
data/raw/Training/pituitary/Tr-pi_598.jpg,pituitary,3,Training,train,788f2c670fc18ee25858b0ca87df641e2d17cea6702a9b2272002b99409ee345
data/raw/Training/pituitary/Tr-pi_599.jpg,pituitary,3,Training,train,fa835932d746ab2a7dfd382f13c8e7be99a2f60855bc484ac487d61ebebaf0b8
data/raw/Training/pituitary/Tr-pi_6.jpg,pituitary,3,Training,train,c5898d1c6a700de9bfa1bd82a802318501301bf59165d7fcad5818685713f0e8
data/raw/Training/pituitary/Tr-pi_60.jpg,pituitary,3,Training,train,6d6b4d334c499e02200885cf5d113ddf61b4f84355283e0bcfce9db248e77766
data/raw/Training/pituitary/Tr-pi_600.jpg,pituitary,3,Training,train,90c38f90445e35eb3247b27b72d7058386a8c60cafabf283138942db5258e98c
data/raw/Training/pituitary/Tr-pi_602.jpg,pituitary,3,Training,train,eb32825f129c509cabcb331ac2191a12850771eb5ae0ab048f1e7a30382c841c
data/raw/Training/pituitary/Tr-pi_603.jpg,pituitary,3,Training,train,3be9f22ed41991d9e8374961bea209242d1cc757331937a746dd4abe2e4cec4a
data/raw/Training/pituitary/Tr-pi_604.jpg,pituitary,3,Training,train,733c45d0ec6220baa6579657de738fa1d25d62ef2c726cb537082563a9bd0ac8
data/raw/Training/pituitary/Tr-pi_605.jpg,pituitary,3,Training,train,ed89b4c4359e5d632f1a783f8c4fe0786edd224c2bb0d86a908ba028a935b633
data/raw/Training/pituitary/Tr-pi_607.jpg,pituitary,3,Training,train,1e52268bb60aff5502ed380763af0a9e52b14f404fd638df9adfc3b146f295b5
data/raw/Training/pituitary/Tr-pi_609.jpg,pituitary,3,Training,train,1f0b1f08b16fd1d7172bc7633eca7d69ca10392607541fa45b1dc3c4282bf239
data/raw/Training/pituitary/Tr-pi_61.jpg,pituitary,3,Training,train,9cf5dddcd2fd828317ce24ba40e43ed593ca0033b59d7a581e523d99379923ab
data/raw/Training/pituitary/Tr-pi_610.jpg,pituitary,3,Training,train,f7c186036b81c58158458dd9c1e57cc79aa8ae07d9db36e9bba6873292209e50
data/raw/Training/pituitary/Tr-pi_611.jpg,pituitary,3,Training,train,89743222c471d2a9d693cdc67e96d8ca5685b0489df4547f7a4866e87da4e408
data/raw/Training/pituitary/Tr-pi_612.jpg,pituitary,3,Training,train,68d38ce323605033ba3fc6597cd59016e4d53ccee2f6e7b6dc06767abc0ada52
data/raw/Training/pituitary/Tr-pi_613.jpg,pituitary,3,Training,train,7d9c427a188bfc1e2ab6a0c45e3139b35065f697f9f869c47b850ca0bd45d03e
data/raw/Training/pituitary/Tr-pi_614.jpg,pituitary,3,Training,train,5438ee9b795115b63b875fed6a2b1907307a8d4109c9ae18071a4b081a256f8d
data/raw/Training/pituitary/Tr-pi_615.jpg,pituitary,3,Training,train,33a516631a63d33b2e822d5d080d0d41276aedb7897b3463eff5c86e0490810c
data/raw/Training/pituitary/Tr-pi_616.jpg,pituitary,3,Training,train,ccd3ca6bc5ffff3e4c53e71d5780f59e4474c609547490a5c2bc53bceb7644d7
data/raw/Training/pituitary/Tr-pi_617.jpg,pituitary,3,Training,train,eda90d9108bb00a0c4344d96acf7f90ba0f60bd98db3362834a5257d13ece4f6
data/raw/Training/pituitary/Tr-pi_618.jpg,pituitary,3,Training,train,87bcb7ff0b80ee6e111fa4b7fd6dba2d3e53323516597f9ea1c792e337308caa
data/raw/Training/pituitary/Tr-pi_619.jpg,pituitary,3,Training,train,427bf07b252f4195624a2ba37cfdaca038fd306cba31a86736c3afcb6b7d8ead
data/raw/Training/pituitary/Tr-pi_620.jpg,pituitary,3,Training,train,d330b7fa3112951c73bbfc0bc217a15aaae45158e1d8b9feddfaf0600e4e2218
data/raw/Training/pituitary/Tr-pi_621.jpg,pituitary,3,Training,train,155b204e07d34bad5b7250644ef9f3c80d1d47d62653c117c78929aa0b02b443
data/raw/Training/pituitary/Tr-pi_622.jpg,pituitary,3,Training,train,28ad332c89f823c1d9feb2c74dec045720c7a2d1b3e81b58197cc59f79000641
data/raw/Training/pituitary/Tr-pi_624.jpg,pituitary,3,Training,train,726145f565792e5a11493b9685ead964b689dec6a81d3fdc61dd7aaae6a2999e
data/raw/Training/pituitary/Tr-pi_625.jpg,pituitary,3,Training,train,6b17a5a26f33a48f265dc322915176bb5a039949516bb41a84e1972fc2af1685
data/raw/Training/pituitary/Tr-pi_626.jpg,pituitary,3,Training,train,cfe4ad7e1504a741c8a20e7c0006b41a2e5d2b4c29051f41c191f17533921f2d
data/raw/Training/pituitary/Tr-pi_627.jpg,pituitary,3,Training,train,0acf557ebea430cf45a626782df6e1e4ddf7f504884a0453d77282404f9d4e39
data/raw/Training/pituitary/Tr-pi_628.jpg,pituitary,3,Training,train,543320ab64731031acfbdafe905f380f4b25fe06b2b309770e5edda74b643f4d
data/raw/Training/pituitary/Tr-pi_629.jpg,pituitary,3,Training,train,009bb0f6f6174828718de2b4566718aabaf61e819e5676b175b04477d9cee02a
data/raw/Training/pituitary/Tr-pi_63.jpg,pituitary,3,Training,train,decd1d966e19fd5ba7cd8e11ea343212102f9a63e8a608a63d58ca0ac078db60
data/raw/Training/pituitary/Tr-pi_630.jpg,pituitary,3,Training,train,bee39ba336fa1aecfb79a929d3d4e9b2eb56a134d16c17f467c508a9bd32ba08
data/raw/Training/pituitary/Tr-pi_631.jpg,pituitary,3,Training,train,ce40872570c794587f3221ac6db546e448772aebc39b38d2287f2b1cd6e785bb
data/raw/Training/pituitary/Tr-pi_632.jpg,pituitary,3,Training,train,08cd316a43731a36ea32870b4250cf94d1263579ad9ea12a7a002161c6ce39a8
data/raw/Training/pituitary/Tr-pi_633.jpg,pituitary,3,Training,train,bfbf5bf0cceb59e2c024078ed0de539f7d98d0df7a521d6884c249791e8473cd
data/raw/Training/pituitary/Tr-pi_635.jpg,pituitary,3,Training,train,d0dfcbc779f79a3c48d165802c61972a1f3d3caaf9366c401218853a4c3663ad
data/raw/Training/pituitary/Tr-pi_637.jpg,pituitary,3,Training,train,d6addb59f4164bfdc94f2137f87f3e4462646e5f377aaf02129bea7e503c53db
data/raw/Training/pituitary/Tr-pi_639.jpg,pituitary,3,Training,train,75f49af5933b522f7708a6b1065428cc73a15d52113ba7e0838accb7f8c2953f
data/raw/Training/pituitary/Tr-pi_64.jpg,pituitary,3,Training,train,548cd5125beed486e139de3634db4dcf23c321d48b5ccd7c40513db4f009278f
data/raw/Training/pituitary/Tr-pi_640.jpg,pituitary,3,Training,train,822e33dbd71f34989a2c0a056cf52ca4fef933146de8c0c5c0b8a124f28b40d8
data/raw/Training/pituitary/Tr-pi_642.jpg,pituitary,3,Training,train,dfdb6e40b5fdb41ab638409b48971ab15aadd91a1ec60e3470109bf1d698f390
data/raw/Training/pituitary/Tr-pi_643.jpg,pituitary,3,Training,train,b1308af76b6cf8f9714c8724dcd9439ab8e794ec72cd46555ed04f30216acaee
data/raw/Training/pituitary/Tr-pi_644.jpg,pituitary,3,Training,train,e12510f20039c44510978f3a49f130bde75879ff5c7fed3dcbf766e201457c1e
data/raw/Training/pituitary/Tr-pi_645.jpg,pituitary,3,Training,train,3aa48dc87b01639c66569821f197a9681df3ac3dccadeafb69811a722e78b0b4
data/raw/Training/pituitary/Tr-pi_647.jpg,pituitary,3,Training,train,9954e4a8d90d70f3eb0d6acaaa365ddda31fe28b1a1257c8f97e9c91c5be840f
data/raw/Training/pituitary/Tr-pi_648.jpg,pituitary,3,Training,train,0b8a5cf23a74be6f00f353956632cd316743fcbca9f82a4494dc732a46709021
data/raw/Training/pituitary/Tr-pi_649.jpg,pituitary,3,Training,train,54cc35e1a7ec2b445398de2ffd13028d8a9a7ddf18f5aa97becbeb3aac773a7f
data/raw/Training/pituitary/Tr-pi_650.jpg,pituitary,3,Training,train,afb255c2742ac9f946ae3cdcf90d5a235999d10a76a9ea0f73d34b894424abff
data/raw/Training/pituitary/Tr-pi_651.jpg,pituitary,3,Training,train,f47c2a35aab50fe4076545244df0e888f1e94bd2523ee6850557c37a1fda5feb
data/raw/Training/pituitary/Tr-pi_652.jpg,pituitary,3,Training,train,3293977201549bf836f267330630728c527c3da7528298682f81efc21d0af509
data/raw/Training/pituitary/Tr-pi_653.jpg,pituitary,3,Training,train,bdbb4972f9a0720d289f9fb2a96a8c564d30ae2b43ff2559b723b80dd8faf93e
data/raw/Training/pituitary/Tr-pi_655.jpg,pituitary,3,Training,train,234dc23dead7c2de108b5f94d500e1a35b8239647dba2af6f00ac8e85bdd2ba1
data/raw/Training/pituitary/Tr-pi_656.jpg,pituitary,3,Training,train,411395c3c10c89ade0e4fe34a0debffb7c4d9f2ddf95396a9df60392dea546e5
data/raw/Training/pituitary/Tr-pi_657.jpg,pituitary,3,Training,train,68643c08b53b71bc9c95e4aa6f7eae2056f310597883c2c53ce650a783c98d66
data/raw/Training/pituitary/Tr-pi_658.jpg,pituitary,3,Training,train,ad50349c5d725c937e70f2286a7f00c865dad3ab012935ffe071142e9379b76d
data/raw/Training/pituitary/Tr-pi_659.jpg,pituitary,3,Training,train,82192070458c7aba527fd0c8a6adf25a3e2c98ae27f9832dffbad0b704acb20f
data/raw/Training/pituitary/Tr-pi_66.jpg,pituitary,3,Training,train,a8d143d9f0c6eba55fe2d91eed2d44404d5739bd83d76bc6b27f16dcd6da741d
data/raw/Training/pituitary/Tr-pi_660.jpg,pituitary,3,Training,train,0f35ccae7f3f4c5c26b23d94b72316a62048e7ebf3dd7bbda2f83e3c38cfbc8b
data/raw/Training/pituitary/Tr-pi_662.jpg,pituitary,3,Training,train,da4830061e4bdc6275a43661754de03ad6913b0c0636110ff069de7ce08fab3c
data/raw/Training/pituitary/Tr-pi_663.jpg,pituitary,3,Training,train,2d59841b61f3795785f46860ab4d79c697efb911f259f1ad7ad84d4659799b42
data/raw/Training/pituitary/Tr-pi_664.jpg,pituitary,3,Training,train,4cd2207a82a255664bc6cc96855daa94da4cb8affd6e919e3ef51f196e5e5df7
data/raw/Training/pituitary/Tr-pi_665.jpg,pituitary,3,Training,train,92a4ab952d824b44ba9f395a906b785238279b096a0f74e2ae2b5e0026adc635
data/raw/Training/pituitary/Tr-pi_666.jpg,pituitary,3,Training,train,0f471808f012fdc7fb7794315f707e02ba09d18493a217456cc85cd11b02c87f
data/raw/Training/pituitary/Tr-pi_667.jpg,pituitary,3,Training,train,b08f9fec3a8546c3b3ea07e0967a551f6b0f086d2d76bbb72c3ab6fb17ad8316
data/raw/Training/pituitary/Tr-pi_669.jpg,pituitary,3,Training,train,a3de65b332088979a3e9acc22fdc47e650b6b1b2d5aab39adf81f9d5bec4f06a
data/raw/Training/pituitary/Tr-pi_67.jpg,pituitary,3,Training,train,e5613b1d09318c6bbd168ce0e6b8410298f82683dff50c50b825cc03aa074363
data/raw/Training/pituitary/Tr-pi_670.jpg,pituitary,3,Training,train,b478155d69fca33844711948fdc01d0f8f3659d82e3a1bce6d9eda5818c5c569
data/raw/Training/pituitary/Tr-pi_671.jpg,pituitary,3,Training,train,9f63b6d6aa94de3d04b05a653bbe58a851edce2f20592baf5009e2501275b089
data/raw/Training/pituitary/Tr-pi_672.jpg,pituitary,3,Training,train,6df7823d2482095c088593459709b49edc1f91d162446bd72e4b83c8f8a0660d
data/raw/Training/pituitary/Tr-pi_674.jpg,pituitary,3,Training,train,23affe95d0bb96140f72e3f46e0179fecfa4cd9ce310088d725f101b966a2fd8
data/raw/Training/pituitary/Tr-pi_675.jpg,pituitary,3,Training,train,e20d72c0370abcda6b0416fbe0e9a404f4eebe817ebf7903d0f3fe9e9b56abfb
data/raw/Training/pituitary/Tr-pi_676.jpg,pituitary,3,Training,train,901543968ed4941110082f375b9f163d8866c8bc21135bf5598de4310157f579
data/raw/Training/pituitary/Tr-pi_678.jpg,pituitary,3,Training,train,d94441353e8d7ed1ee1c991fdfe82b29650db99a9b824c657b9595a4a63c9f71
data/raw/Training/pituitary/Tr-pi_679.jpg,pituitary,3,Training,train,82b1c1685bb58701d9a0853b9e5836c76be2f73d196c8bdbb6f82460c5a45ae7
data/raw/Training/pituitary/Tr-pi_68.jpg,pituitary,3,Training,train,8976e0731b8ca3fc0135e1ce633f0b8f1180e1bee54ef6be83e00c003e94e8b6
data/raw/Training/pituitary/Tr-pi_680.jpg,pituitary,3,Training,train,4bef4fa0c0e86ee50bf5a6dededb29e5468d10fd50ac29dd0d83f568f0290651
data/raw/Training/pituitary/Tr-pi_681.jpg,pituitary,3,Training,train,f8edba58055ca7e9b46b574a5e85717f1e8063cff4b93568526d32402f424577
data/raw/Training/pituitary/Tr-pi_683.jpg,pituitary,3,Training,train,be1b0d02304dc1a217826b1659f7349e926b9d08ac28feeb6ec6cbfbc202944d
data/raw/Training/pituitary/Tr-pi_684.jpg,pituitary,3,Training,train,d21d1082d8e040b22dd2bbcafd074bcb5b4e0f4944c43129e8e7a77f1c784438
data/raw/Training/pituitary/Tr-pi_685.jpg,pituitary,3,Training,train,91e5c8121738343f597bc25434938986569717b628bb65800a26281ad4f73494
data/raw/Training/pituitary/Tr-pi_686.jpg,pituitary,3,Training,train,8812ef8e88fca80388f8c2c2d94cd87d5c110dc498c34db3a423a9afd848c307
data/raw/Training/pituitary/Tr-pi_689.jpg,pituitary,3,Training,train,9effc73b7c67b23cd1d1e5f55cebb5d910ce0e8a2bbad83afacf23d4b9487f94
data/raw/Training/pituitary/Tr-pi_69.jpg,pituitary,3,Training,train,49711a556293889a8d0b8ee4a35d76c4f2132b9e7b9ac8ac6bd2d76b7618e773
data/raw/Training/pituitary/Tr-pi_690.jpg,pituitary,3,Training,train,b5c34922668edbe4cab27b82376b29074c9c6d007829f0246ca95d89abc50f4c
data/raw/Training/pituitary/Tr-pi_691.jpg,pituitary,3,Training,train,7a3964761e1ce5edfdf6e169b8eb758ca57fa331c0c0290cb888081fb586705a
data/raw/Training/pituitary/Tr-pi_692.jpg,pituitary,3,Training,train,fc092ed78ea1933ce3ea2e6b61d202ee8d65ccddc769160cde5f0e3e61eef32b
data/raw/Training/pituitary/Tr-pi_693.jpg,pituitary,3,Training,train,e6d97c4f8c3ba3b5739ba21c182ca6afae14ef272d358464fd1f9a9d733db04e
data/raw/Training/pituitary/Tr-pi_694.jpg,pituitary,3,Training,train,2612867e90b790affacfcd5588c07d84079de0e900d2730f80db3e82a02ed943
data/raw/Training/pituitary/Tr-pi_696.jpg,pituitary,3,Training,train,5365a851fc1ee55019434142312aa3e8157e00ea8e6d81f06b0f433c6970cba7
data/raw/Training/pituitary/Tr-pi_7.jpg,pituitary,3,Training,train,19a6c0a87129e3bc3be050bfb95355f21a14788b9fa5d8ec1358f76488bda1dc
data/raw/Training/pituitary/Tr-pi_70.jpg,pituitary,3,Training,train,1ffc396a73047d5737df4c77752830b2ff2a6b83500db43953e031a5315d376e
data/raw/Training/pituitary/Tr-pi_700.jpg,pituitary,3,Training,train,6d8b42fc5d2e90a795d64323a8a729f263e4123d124afbb39ef558dc87bee365
data/raw/Training/pituitary/Tr-pi_701.jpg,pituitary,3,Training,train,d9adabf0b0ea24661b38872c9689bce9d0f84899b3e46fad6aebeccade28ffd1
data/raw/Training/pituitary/Tr-pi_703.jpg,pituitary,3,Training,train,7faa62cebc2aeee8be60da975c2e918cec90dc220ad9da886e680c926a4092dd
data/raw/Training/pituitary/Tr-pi_704.jpg,pituitary,3,Training,train,f4e926de3e4713048d9660d8367ef4ae3033a6c90bf6b3edbd889ec45c06d35c
data/raw/Training/pituitary/Tr-pi_705.jpg,pituitary,3,Training,train,6723a2f9ea2b76f42613efae363c7b2332ddf347f7f0eef13dd81bcb96c8ca99
data/raw/Training/pituitary/Tr-pi_707.jpg,pituitary,3,Training,train,16ff9fb169a6a472535da28292346f219d4ea96ea4330e292a558329bf4f245c
data/raw/Training/pituitary/Tr-pi_708.jpg,pituitary,3,Training,train,0a62519a926698e3094235b8a17785cdc624ff65ce79c66b5eb3d81305bc2d67
data/raw/Training/pituitary/Tr-pi_709.jpg,pituitary,3,Training,train,33bd306ff08ab52bc90a4399dfb40d1c66619acd8d137071f9ddf979474f57e1
data/raw/Training/pituitary/Tr-pi_71.jpg,pituitary,3,Training,train,dc7024c5becfb5e95f87452725502f1d5cafba36713512d023b3ead227e5c9f2
data/raw/Training/pituitary/Tr-pi_710.jpg,pituitary,3,Training,train,c3dd440ac7db75f0656ddaf396879e77033654896cb45089b5b653164cad7b71
data/raw/Training/pituitary/Tr-pi_711.jpg,pituitary,3,Training,train,06f85fe1e21a7aeb01b970b8561bc3059fa77daa01cb35d2bcc269a4100d3c9c
data/raw/Training/pituitary/Tr-pi_712.jpg,pituitary,3,Training,train,d8976d3ba61c32573aa2e3a6b3ea8bfa75809ca046b12f049d0a8c8467018d0b
data/raw/Training/pituitary/Tr-pi_713.jpg,pituitary,3,Training,train,49b584d177db7878b14a8d13276701673c047560845d4880d9cd0ead40f08afd
data/raw/Training/pituitary/Tr-pi_714.jpg,pituitary,3,Training,train,f453fb86935f756c13266c7c6aef9bd6dc0e026378219d7113a27ebd9ec2b186
data/raw/Training/pituitary/Tr-pi_715.jpg,pituitary,3,Training,train,fc848452cfe821fcf1d013530ae002c2f863447e453ffce056d61cea5d1d9d2b
data/raw/Training/pituitary/Tr-pi_716.jpg,pituitary,3,Training,train,0b3f6def454efcb1fd21b5a0bbb0edab25e75a482253408e17c16c946a5bfc15
data/raw/Training/pituitary/Tr-pi_717.jpg,pituitary,3,Training,train,d88d33d633371ca01dc8ded95c5f3d5cd3e9b42ce875ac9ce1f1ea9647102540
data/raw/Training/pituitary/Tr-pi_718.jpg,pituitary,3,Training,train,9b04704b9b8ef627aca274e1f7971b0ab1ecf38447955f00c8243f3a41f11201
data/raw/Training/pituitary/Tr-pi_719.jpg,pituitary,3,Training,train,801de7cd53c3b4590bd04cfa9cb71275262e2ae32f420fb85aefd2559f185c6f
data/raw/Training/pituitary/Tr-pi_72.jpg,pituitary,3,Training,train,e4f48a4105f7f4e8dc9ea6f6a81eaa424fd42fb554a2e67a86dbcb40f5fe2bf1
data/raw/Training/pituitary/Tr-pi_720.jpg,pituitary,3,Training,train,5ad5cba7d03927d82fc5985a79b57ff7c0f5d93427431f25b4f44838290f61fc
data/raw/Training/pituitary/Tr-pi_721.jpg,pituitary,3,Training,train,25206702dcb710654fa62415a1d5dad3a8649ab529d52bd1fd5e51ecbdab9330
data/raw/Training/pituitary/Tr-pi_722.jpg,pituitary,3,Training,train,fa7e0cdfa197ae41a62ec58af9e2070337211361c57d90a74087262f8147a42c
data/raw/Training/pituitary/Tr-pi_725.jpg,pituitary,3,Training,train,6c62f613cb3525762df0f2062a529dc70602a4e17832ee4d69fd3f46cb001ac2
data/raw/Training/pituitary/Tr-pi_726.jpg,pituitary,3,Training,train,74e17e573688e7caf1a968212a414b3398dfde9376b56fe561c00a416a4ba480
data/raw/Training/pituitary/Tr-pi_727.jpg,pituitary,3,Training,train,3f2d830164f6444c68d9758fc281a416a30456a361fa56c1a90970d79c8354f0
data/raw/Training/pituitary/Tr-pi_728.jpg,pituitary,3,Training,train,3006fcd22a70086e4994174ce9a92437d0440148532d9c84dde675c488ec5066
data/raw/Training/pituitary/Tr-pi_729.jpg,pituitary,3,Training,train,d4e085ae03619bc8af9364044e7f4a2a1a70e3c361c48d6aa8aa7919af6af22f
data/raw/Training/pituitary/Tr-pi_730.jpg,pituitary,3,Training,train,dde390c88546e94830025de02c86127cdd32e546aeef7fab702fa89d36197fb9
data/raw/Training/pituitary/Tr-pi_731.jpg,pituitary,3,Training,train,7b727ef9da960c73a9c99e070f15cbedd8e9686ee1e842b7552b14659d601a3a
data/raw/Training/pituitary/Tr-pi_733.jpg,pituitary,3,Training,train,cff9504f8d496036ddbfbfeafe078d13f77c1b0931d009bd85ddd47c7038d09c
data/raw/Training/pituitary/Tr-pi_735.jpg,pituitary,3,Training,train,72fe1f98706723a00af8904dc8ae759a54af0cb2420a5872491a29d2bde1781a
data/raw/Training/pituitary/Tr-pi_736.jpg,pituitary,3,Training,train,39783400c275dac344db2bf56cb38f44dbbcf8e1d55978bb9a02924f56e508cf
data/raw/Training/pituitary/Tr-pi_738.jpg,pituitary,3,Training,train,70a5eba3f6fe16412f5b7360d409dbe78440dbfe983b43d6e787f50d5cdddc99
data/raw/Training/pituitary/Tr-pi_739.jpg,pituitary,3,Training,train,9add2d12a5b4ca15502fb6964d1353c4725c3e4affd5d6f9d142b1f70cf7e219
data/raw/Training/pituitary/Tr-pi_741.jpg,pituitary,3,Training,train,4f1b9f668d6871413be23b3c53d80ae2b830fa6db2b033c34a2478940520f2e0
data/raw/Training/pituitary/Tr-pi_743.jpg,pituitary,3,Training,train,7480a84d68678480135e2535f60dd64f440636de99681f5852c7f4ee10b91a82
data/raw/Training/pituitary/Tr-pi_745.jpg,pituitary,3,Training,train,41fc99873dff9f51f36e6491ff187717dda1effa8248c9a5972b06269dfdb522
data/raw/Training/pituitary/Tr-pi_746.jpg,pituitary,3,Training,train,deb84c8fc0de967539c870cf987b48056fadb9ab53c33899d0f7fce691b0c820
data/raw/Training/pituitary/Tr-pi_747.jpg,pituitary,3,Training,train,130b423db0534d535ac335bf4124cbdd57307c12b7350c033308a1930793c32f
data/raw/Training/pituitary/Tr-pi_749.jpg,pituitary,3,Training,train,e768c7285ac62088ed8a10c68cf8b5ee1c77dbd4c54250c2f33af19a796b0591
data/raw/Training/pituitary/Tr-pi_750.jpg,pituitary,3,Training,train,d67d2c2e09101718fd97092fb04dbc658f3b25ed9970558fb09e768199e2322a
data/raw/Training/pituitary/Tr-pi_751.jpg,pituitary,3,Training,train,72274e133fc0dd456b714c7df073f130b650e0aeec2dfe8e5c0d3ce05cc1436a
data/raw/Training/pituitary/Tr-pi_752.jpg,pituitary,3,Training,train,9561a7e3dc25691c9b641ac2394ada7bad22442b24abca31123599c416040f84
data/raw/Training/pituitary/Tr-pi_753.jpg,pituitary,3,Training,train,150f6317e8cd4d7659b345a5f5caceae68af75d8390317bc3ef6d87244caec31
data/raw/Training/pituitary/Tr-pi_754.jpg,pituitary,3,Training,train,f291318a6b65f05cb19e20f2f1d686f1d82fd34bdd1415ebc294611cc000d447
data/raw/Training/pituitary/Tr-pi_755.jpg,pituitary,3,Training,train,f5314657eb72da26df12f5d89b602db19f941e59a2aeb034bbd77be56a459b93
data/raw/Training/pituitary/Tr-pi_756.jpg,pituitary,3,Training,train,ad4e1861544fadbb830c3c83777c3e52276d1376a787dc95e87de724e893872b
data/raw/Training/pituitary/Tr-pi_758.jpg,pituitary,3,Training,train,65ba59bbcde5d612e3ac0c4629e1bb60d79f7240f9da8e6bebb44889eb8f1a36
data/raw/Training/pituitary/Tr-pi_760.jpg,pituitary,3,Training,train,c8ed3822ad13236d7b3687c9fd1d99a58cbb138dd897b9912bd445bf5c0cc65a
data/raw/Training/pituitary/Tr-pi_762.jpg,pituitary,3,Training,train,35ef3dd0fac8dcba82304fdb8ce709e3f656538899ad332ac23e6821c4ab3164
data/raw/Training/pituitary/Tr-pi_764.jpg,pituitary,3,Training,train,20f460159e8b0f1134a88672c65eedc1b50ee6226c196aedb865649d6f2bea1f
data/raw/Training/pituitary/Tr-pi_765.jpg,pituitary,3,Training,train,48091dce8d2dcac542371227081e683be9c59510b1f7c6b2c31943d2e6058c96
data/raw/Training/pituitary/Tr-pi_767.jpg,pituitary,3,Training,train,ad10cf3e409e39b3a6599d3c4fd771f06732a6ddae03a71e84b48bdcc2e2d358
data/raw/Training/pituitary/Tr-pi_768.jpg,pituitary,3,Training,train,c3e453a68590797aab8c8955db619e80480470e899fc0e0ebdeb49504d1abd26
data/raw/Training/pituitary/Tr-pi_769.jpg,pituitary,3,Training,train,bee4bd665ca935bbbb9f3cd0540b4b6f77e47f61f37cf76de303600cd5c4a3e0
data/raw/Training/pituitary/Tr-pi_770.jpg,pituitary,3,Training,train,8b9d40c509a34092e1c67534987a68f2c1f95bd46c13cdfde94132769d3eccb8
data/raw/Training/pituitary/Tr-pi_771.jpg,pituitary,3,Training,train,58ebe415bb00af6702b457b014c58afd9c302861e503dbc5ee01cd0ac6b09036
data/raw/Training/pituitary/Tr-pi_773.jpg,pituitary,3,Training,train,849a42ce51625d0783ae7e31494101364239d600da8f964c7c2f33cd99e8057c
data/raw/Training/pituitary/Tr-pi_774.jpg,pituitary,3,Training,train,c695ce63d3797d58481d2b9b36973e4441577e5a887296583baca7abc70c063b
data/raw/Training/pituitary/Tr-pi_775.jpg,pituitary,3,Training,train,98e334dcf640253006c2bd5f6bbe81c80a8c9219e98c55e7b4bda3d513ef9810
data/raw/Training/pituitary/Tr-pi_776.jpg,pituitary,3,Training,train,4a356a4bebeae83bdca7414ea9cbe9e1539c8e2151f49838d05c2cad1378b47d
data/raw/Training/pituitary/Tr-pi_779.jpg,pituitary,3,Training,train,35ca1eb8b8c69c3fda53cc2a595c0af6534eabfdee723d38b022ab1677923a26
data/raw/Training/pituitary/Tr-pi_78.jpg,pituitary,3,Training,train,796b970d958c295274c690e58fe99371562c8fad19de331a3bee92c4f712abd4
data/raw/Training/pituitary/Tr-pi_780.jpg,pituitary,3,Training,train,83db19e0e3311a28244d46953580bc4ff5d0036c896cbd5a872ab682b07a7768
data/raw/Training/pituitary/Tr-pi_783.jpg,pituitary,3,Training,train,5059f3d7ee27de0fb131bd392d8e602ea97cb54e3dcfc0a9968832d21554ac25
data/raw/Training/pituitary/Tr-pi_784.jpg,pituitary,3,Training,train,c5cc791e3c34a75c7dd5294057cf972d118738c34c02d55009ebba3e9437c82a
data/raw/Training/pituitary/Tr-pi_785.jpg,pituitary,3,Training,train,ad17fbd8ab7e9543bfde95a55d2afc92cacaef1307bdfaf0cb004fa055ab9e3a
data/raw/Training/pituitary/Tr-pi_786.jpg,pituitary,3,Training,train,a621d023075294efa0c20daa710bb9ce0582e5c3e5b003a6da26f889711572dc
data/raw/Training/pituitary/Tr-pi_787.jpg,pituitary,3,Training,train,85e567bc46c5ba3eb651af2e76d84f1f8353f3bb02009a4d44aab284a32d9e9c
data/raw/Training/pituitary/Tr-pi_788.jpg,pituitary,3,Training,train,19ca9a84a19ccbaf66d2e92f02725941a2683f8825a6d01c4c03d1d6a071c03e
data/raw/Training/pituitary/Tr-pi_789.jpg,pituitary,3,Training,train,5b6c500d25a28500f8225be2bb557de392813f810d955b9f9ae51541da47ccee
data/raw/Training/pituitary/Tr-pi_79.jpg,pituitary,3,Training,train,ae66ce1452794fc155029d727f963f52420072b22335b5543a28073770c07a57
data/raw/Training/pituitary/Tr-pi_790.jpg,pituitary,3,Training,train,97d915930127e6f5a024b182ebaecec6f8f796eb236da1dc26d886e2121068ed
data/raw/Training/pituitary/Tr-pi_791.jpg,pituitary,3,Training,train,dcc90f736f0c8c57f817f7d8129c1d97d90f48590f6555ee0912bed53a83f8f6
data/raw/Training/pituitary/Tr-pi_792.jpg,pituitary,3,Training,train,ff4f5c412f7a34b723bfc9c0572f54be109031bdb317c008920fa6775ef422ae
data/raw/Training/pituitary/Tr-pi_793.jpg,pituitary,3,Training,train,2f0c69797a3c6a1660784733e1abe5e9a2647e4e953991f8321e6777a325833b
data/raw/Training/pituitary/Tr-pi_794.jpg,pituitary,3,Training,train,8362156ee991e72f55b79b3e5cd7db7778a4723f8a4494badbbd4708eae79076
data/raw/Training/pituitary/Tr-pi_796.jpg,pituitary,3,Training,train,d99fba18f58e2098cc9332ef713d98c1ef093264dfa46971c361abc69649b5d1
data/raw/Training/pituitary/Tr-pi_797.jpg,pituitary,3,Training,train,f414d154689193923b979389256f55b99d479877f8ee32b8c85d8389466a8870
data/raw/Training/pituitary/Tr-pi_798.jpg,pituitary,3,Training,train,20df36cfc35d068c7a5784f33355cf971f53de120f1d0f56f5e56990dac74c61
data/raw/Training/pituitary/Tr-pi_799.jpg,pituitary,3,Training,train,8e4654c468f9beb4031129740efb2f537f76c877caed0ecd25d86246e18477cf
data/raw/Training/pituitary/Tr-pi_8.jpg,pituitary,3,Training,train,f0d1cc447aaf54febd9d1b7aaba824b7f0605ca33a166d6fec65889d0530da7d
data/raw/Training/pituitary/Tr-pi_80.jpg,pituitary,3,Training,train,60c398ecf88f9cba7f4fb5eb03a3ddc02112207f994810cd8b61313b2e8370da
data/raw/Training/pituitary/Tr-pi_800.jpg,pituitary,3,Training,train,fc0a6d9917d487f66ea2e38901278480cc8a6125a666a3bc6089fa0af3facd47
data/raw/Training/pituitary/Tr-pi_801.jpg,pituitary,3,Training,train,7146eb3c3870bc861fce28c098680e794b381d30cecc282acaedd508da2dbd51
data/raw/Training/pituitary/Tr-pi_802.jpg,pituitary,3,Training,train,9dcd531cd97bb3f85d671ab666e6d0116ec0e1173e08ba5eb63b8a08431759e3
data/raw/Training/pituitary/Tr-pi_803.jpg,pituitary,3,Training,train,e54479e6dc661f9c54397577db9981df6ae63de12cae5ebd2ab6606b549c6c0e
data/raw/Training/pituitary/Tr-pi_805.jpg,pituitary,3,Training,train,6c8c2a11f01b532a75a01f052e3f536e10bcdca633e77ef3001d8ed852e83ee7
data/raw/Training/pituitary/Tr-pi_806.jpg,pituitary,3,Training,train,570336be990b59e9a6429deb3575394ac5d4af8d26da4919a5476f84ca08ecee
data/raw/Training/pituitary/Tr-pi_807.jpg,pituitary,3,Training,train,401c874169b2a1a0e0399f9f499735eb7539e9c2ea2ef37e376116174a242204
data/raw/Training/pituitary/Tr-pi_808.jpg,pituitary,3,Training,train,4efe9e74cd516c6abc1ed00a53bd2fb5a7a36e5e9e4675cccfb5bdca80a07310
data/raw/Training/pituitary/Tr-pi_809.jpg,pituitary,3,Training,train,341bb7d8f8bc9201e5190a999d9e8862fac1f4955b96d5e1e9df32d316e3b557
data/raw/Training/pituitary/Tr-pi_81.jpg,pituitary,3,Training,train,6e35b3f86f547e5cd9f4f08492279a467cfb9f45d699112b4eff8f7bed1a35e3
data/raw/Training/pituitary/Tr-pi_810.jpg,pituitary,3,Training,train,bfb47c39f90bd5e9649269d6df87282cb367bac36886351578eb0c7bd1b8a90a
data/raw/Training/pituitary/Tr-pi_811.jpg,pituitary,3,Training,train,1a978a472d36c94cabd8f4e78a28954d76c11e4acaeb0b730fc2f5069a2eb60b
data/raw/Training/pituitary/Tr-pi_815.jpg,pituitary,3,Training,train,f56ec899eebc1e4a8fc530386883a87eb4129d89899aff0557b14d3cf0854ad1
data/raw/Training/pituitary/Tr-pi_816.jpg,pituitary,3,Training,train,bd2e33ff80b87f138376b082bf11ca8d8ea36d9cb1475881d40f2601b7751809
data/raw/Training/pituitary/Tr-pi_817.jpg,pituitary,3,Training,train,a7f1feac8a82c7da74d07afa3a66ad0fb595a8ab9c73195ea77dc1870a9b1028
data/raw/Training/pituitary/Tr-pi_818.jpg,pituitary,3,Training,train,cbf4590e16586adc61e35f23beaa4cae1d54f72bb6aacef9b651e9ccbc373fe9
data/raw/Training/pituitary/Tr-pi_819.jpg,pituitary,3,Training,train,e845b6b30d7912d8c839200b10603e45ccc176ceefca45d8a7d67b813d6d4b36
data/raw/Training/pituitary/Tr-pi_820.jpg,pituitary,3,Training,train,9a63b51d98fb7d5aa1def8ef432cbed62796a6db95de5a04b1e6ea6e425645b4
data/raw/Training/pituitary/Tr-pi_821.jpg,pituitary,3,Training,train,0a17297340207cb908b0869f5cc1a36bf83ff6dc888de2ea8feecaa2af9a656c
data/raw/Training/pituitary/Tr-pi_822.jpg,pituitary,3,Training,train,00fe0cad64b7ddabb0a2dd787e6186fcf39d11525969fce54cf7609377bee120
data/raw/Training/pituitary/Tr-pi_823.jpg,pituitary,3,Training,train,06c0e1102e945e75650e5427be415cbbb4bc16df8becc18fa98d8c08f46b35eb
data/raw/Training/pituitary/Tr-pi_824.jpg,pituitary,3,Training,train,f48db6f4e980df12a68ef8a8629251dbdd807ba746e8f8a8093b8dd1d59bcd61
data/raw/Training/pituitary/Tr-pi_825.jpg,pituitary,3,Training,train,a8702df017101fc70cbefde3a6a3d43cacefaa05442af42d5f9775cb7cd73402
data/raw/Training/pituitary/Tr-pi_826.jpg,pituitary,3,Training,train,6f693af8ba877cdd600d162ecdef37e0911c2968ba1a67ccd45a19ec59fba6bf
data/raw/Training/pituitary/Tr-pi_827.jpg,pituitary,3,Training,train,9a4f44940012b22b81a332c7b2bfc716f9bd037c3e0785550267a349c1277d4c
data/raw/Training/pituitary/Tr-pi_829.jpg,pituitary,3,Training,train,6e1b243fd3c78e5d161d93311c0dd539ae88ceec43b683ea21e7fc415e2b9cfc
data/raw/Training/pituitary/Tr-pi_83.jpg,pituitary,3,Training,train,609f42dfea660cef3f2338330575ef46f1f0647ce9e8972038097a60061656e4
data/raw/Training/pituitary/Tr-pi_830.jpg,pituitary,3,Training,train,cc2fba74aa724ca2f3c59562a3a4578b20b10ecff17058796424221022bf3ad0
data/raw/Training/pituitary/Tr-pi_831.jpg,pituitary,3,Training,train,14fa61b19d2bae5ad6145a7a6bec82cfe4ad2ed5660ca0f5b47eec2b788ef51b
data/raw/Training/pituitary/Tr-pi_832.jpg,pituitary,3,Training,train,485bc859609a542ce527f8e5b6a919b7af796197b3653851e5d133a1a453f6c4
data/raw/Training/pituitary/Tr-pi_833.jpg,pituitary,3,Training,train,0c32dba4f62379edb1d0b6670bc6853badc1d3c18c78aa9878453be85437e472
data/raw/Training/pituitary/Tr-pi_834.jpg,pituitary,3,Training,train,421e6eb4cfc9852ff32e999a06ce666eab3ab9d3b03639cc7cc69b0cc829388f
data/raw/Training/pituitary/Tr-pi_835.jpg,pituitary,3,Training,train,22b0c494ccada3a509b48cf1213f75e0b3dcb1aa488d7131db8df8a03271c233
data/raw/Training/pituitary/Tr-pi_838.jpg,pituitary,3,Training,train,7e776e6a167da6c04583f344284ad1f6ae8228f4bee74a1be86bd5a772eaff39
data/raw/Training/pituitary/Tr-pi_839.jpg,pituitary,3,Training,train,f9a81b4eb4a080608a1c642937fa241316dfb149934868b944384daf84bd8fba
data/raw/Training/pituitary/Tr-pi_84.jpg,pituitary,3,Training,train,50c21ea7acf1e4764a1eef56ba29745a58d57ec885640bc658f9b0888933ace8
data/raw/Training/pituitary/Tr-pi_840.jpg,pituitary,3,Training,train,a8d83b4a409171d5e2fbfc5bb45b3fca899f2a43a05277f951a361c2935204c4
data/raw/Training/pituitary/Tr-pi_841.jpg,pituitary,3,Training,train,dbda71ebfe6fbf948408284b1c1199efce33fdd2173e4f36763a12382f19931f
data/raw/Training/pituitary/Tr-pi_842.jpg,pituitary,3,Training,train,d77fd5a5e0e34ac350484f731434989cd440feea68a58c073dbbe9e4c52e7391
data/raw/Training/pituitary/Tr-pi_843.jpg,pituitary,3,Training,train,b7b77018cec94e4671e86b308de75bffc685a54e0f21ad9ce51fb32d6b803a96
data/raw/Training/pituitary/Tr-pi_844.jpg,pituitary,3,Training,train,694f73be38251b40dd8f1d0b7b69c2d4bc8b4b9dda70e2ae143eb20f7125b444
data/raw/Training/pituitary/Tr-pi_846.jpg,pituitary,3,Training,train,9b6671dcbc7f725e2260b83cecf05f2b90b551e0be4e7d2e8fdfb6b3be71d26c
data/raw/Training/pituitary/Tr-pi_847.jpg,pituitary,3,Training,train,ffc0fe4bf697452bfff46007bd07db78baf31336a612b5d9c4ceb45490a460c7
data/raw/Training/pituitary/Tr-pi_848.jpg,pituitary,3,Training,train,c6a9dc0ecaea9311d4692fd99dfc74f44256774ec007964023ff8542aa379bd5
data/raw/Training/pituitary/Tr-pi_849.jpg,pituitary,3,Training,train,c9714030b4910b17070f5b2c81857b4c80c03099836361b0da174a09e31db18c
data/raw/Training/pituitary/Tr-pi_85.jpg,pituitary,3,Training,train,14d3261551437ce7ac559378bc8d837b4ad99649a8bd0b7d962a6fa305f256b4
data/raw/Training/pituitary/Tr-pi_850.jpg,pituitary,3,Training,train,e463ae07fd3b4829dc717507f36915b89ecf22c40b7983eb7e94d7b1cfeb6f2e
data/raw/Training/pituitary/Tr-pi_851.jpg,pituitary,3,Training,train,5c42515ee062d906336ae4efda54ef293ba8788ef65bf00944a9c501c4aaf0ae
data/raw/Training/pituitary/Tr-pi_852.jpg,pituitary,3,Training,train,165a68c1a51693d8710820a79c046dd25bd8c2fcfd92f0fd3a0a76b62c1cb057
data/raw/Training/pituitary/Tr-pi_853.jpg,pituitary,3,Training,train,b4bd72ae00a8a13da50534ebdde32366ab60b69b219515112356ac5a24b1bac1
data/raw/Training/pituitary/Tr-pi_854.jpg,pituitary,3,Training,train,e90511c049be079697bf936cb5bbfe2377c7271c96af2322e3be075b6a3bf19b
data/raw/Training/pituitary/Tr-pi_855.jpg,pituitary,3,Training,train,29ce9014057d30ecb39df96566b8350d9bca30703e5142df7954a9b8dca8976c
data/raw/Training/pituitary/Tr-pi_858.jpg,pituitary,3,Training,train,ade862e9fe92a2beb335640aa8b1ad31e78554b6c5ac1b8725be0c6b73fae3a8
data/raw/Training/pituitary/Tr-pi_859.jpg,pituitary,3,Training,train,8082f7055705f3e48a52e5d82a5fb3428ddfd904046bf4965024d1b8deb44720
data/raw/Training/pituitary/Tr-pi_86.jpg,pituitary,3,Training,train,594ce6c137d5ce76384722d763f00a5388125dd217eed21688c06d969ed0b232
data/raw/Training/pituitary/Tr-pi_860.jpg,pituitary,3,Training,train,a4ff4ff5bea9a05a2f6f20e71187c56db6b736f4cac424586112a4aa7d723c69
data/raw/Training/pituitary/Tr-pi_861.jpg,pituitary,3,Training,train,270954c62901676d28bf7c45605f30adc7fab4457c9c6ecfb0cd9fa0777500f5
data/raw/Training/pituitary/Tr-pi_865.jpg,pituitary,3,Training,train,fc24fc9248c1a78f95f7b064ab58aaae6d20b2e31f7d3d6e887f22e4e4b3eff8
data/raw/Training/pituitary/Tr-pi_866.jpg,pituitary,3,Training,train,d175dd05f31d0cc6c61cc54e31c7a81c92aac9324d91550dc928a5c7f4910d84
data/raw/Training/pituitary/Tr-pi_867.jpg,pituitary,3,Training,train,463212c92242d2b3423e9ab1e1d2a9d73a837fd1228560ad898311c715e61201
data/raw/Training/pituitary/Tr-pi_868.jpg,pituitary,3,Training,train,ba8cbdf176ae8c770981af701895f2bda3648e4836e9b5a3e32e54c0c0ff620b
data/raw/Training/pituitary/Tr-pi_871.jpg,pituitary,3,Training,train,33943605cf9def01a34236e38ed428bbf50cb7f889cbacea692e913ae2f0b028
data/raw/Training/pituitary/Tr-pi_872.jpg,pituitary,3,Training,train,a37663421e799bc285a51b683ac95315658860d8428d84ef55514e1256271bac
data/raw/Training/pituitary/Tr-pi_873.jpg,pituitary,3,Training,train,a07d92151173d87fcc6db595fc2ade901f1ef67a772105ed8888d1e6a2954f16
data/raw/Training/pituitary/Tr-pi_874.jpg,pituitary,3,Training,train,59d781a5fc37a2aa21ae23a44c3f575e421ce3847b91dce8e40fde68f897f77d
data/raw/Training/pituitary/Tr-pi_875.jpg,pituitary,3,Training,train,32b7033da0e4acfbd51422d2692e37b962ffa1f9a0e779c89d4b38bb950bdfb8
data/raw/Training/pituitary/Tr-pi_876.jpg,pituitary,3,Training,train,519d9e0a94ea961f18f4081c772dd68928496cc4f85dfa6274333386c15d0469
data/raw/Training/pituitary/Tr-pi_877.jpg,pituitary,3,Training,train,4382f089b8f9ebc8be686aeee74e51db6e155a97f76da0c97f24c37c9653e100
data/raw/Training/pituitary/Tr-pi_881.jpg,pituitary,3,Training,train,013fb05dc794ae389ed805767e26a11def0bff389c0e569f868be6ac8fd0a90f
data/raw/Training/pituitary/Tr-pi_884.jpg,pituitary,3,Training,train,70b889d37c615fdf56e361c3c48761bd1d87d4ff96079b487aff645214674ebb
data/raw/Training/pituitary/Tr-pi_886.jpg,pituitary,3,Training,train,3062d3f70457960af8eda0728849b1747050d5fc4321feb7d87ad7ab6628fe7d
data/raw/Training/pituitary/Tr-pi_887.jpg,pituitary,3,Training,train,de55d290aae472fd5c06abba6ad5ba789b5d87f422b682e5e6eaaa4ca7c8f716
data/raw/Training/pituitary/Tr-pi_888.jpg,pituitary,3,Training,train,ddd225e7b6c584a9167cf040f591192f9bd3674ad2ccf6dc1c1b93e72665b1bb
data/raw/Training/pituitary/Tr-pi_889.jpg,pituitary,3,Training,train,117736bc920454d1ae4e779216c15bd0c36b0723e23d091ab10ddc463513467f
data/raw/Training/pituitary/Tr-pi_89.jpg,pituitary,3,Training,train,2b45285649b1b6dcc5f8d79e751c5a35315f6c515af966b7e6fe27f1a0c796ec
data/raw/Training/pituitary/Tr-pi_890.jpg,pituitary,3,Training,train,f945a08157480673d2fc485238812436a7447ab644bef6266552921a1ee9469a
data/raw/Training/pituitary/Tr-pi_892.jpg,pituitary,3,Training,train,b6d0a2dccd920255a9005ee4246f8218dd6c237e60e9fb812160128c72d60cee
data/raw/Training/pituitary/Tr-pi_893.jpg,pituitary,3,Training,train,63e427a8f573ccfa07896da936543df416364180c0441259d5aec09d7123620b
data/raw/Training/pituitary/Tr-pi_895.jpg,pituitary,3,Training,train,418f14cbc27a85b36589554f09ee532c6c3e3b477c0ab4f15c33c79d67f08f45
data/raw/Training/pituitary/Tr-pi_896.jpg,pituitary,3,Training,train,30739509d96815b29c929e2539a7ffd65d1fcc784408666f1e655db776e2d54e
data/raw/Training/pituitary/Tr-pi_897.jpg,pituitary,3,Training,train,47301d3cc5d60b5a667088fbe5c8ed659ea842a6bf4f01d186bb9a28e734198f
data/raw/Training/pituitary/Tr-pi_898.jpg,pituitary,3,Training,train,9bbcedfc360ed1757ce99b24df77dbd10dd2720c5b04e592b2c0e2d113829e50
data/raw/Training/pituitary/Tr-pi_899.jpg,pituitary,3,Training,train,1aa543b9341db2a5df86a5c1e9c5d0423a361a3c52361789da09f10bde2fbd53
data/raw/Training/pituitary/Tr-pi_9.jpg,pituitary,3,Training,train,74fb4e4980ec2ab8c794f8191982316698fb902dab2cdb96726de2cf8b198bf9
data/raw/Training/pituitary/Tr-pi_90.jpg,pituitary,3,Training,train,6683b8e26c19c245bafc3496a7b252d1bc1cf17cb716e4ad5ad78cde6a3dea88
data/raw/Training/pituitary/Tr-pi_901.jpg,pituitary,3,Training,train,5508c857c4c3cb1afbbab959af2da18fd5487967a3097d4266ff86ae8609e931
data/raw/Training/pituitary/Tr-pi_902.jpg,pituitary,3,Training,train,5434a246fb3fc03fd79f1f7e7fb76544f31edaa55a739458d743e81edc359877
data/raw/Training/pituitary/Tr-pi_903.jpg,pituitary,3,Training,train,82a7d0c3d2d56ae61e010cbaa2d484d5854ce35d4f0685560440e738d07ef282
data/raw/Training/pituitary/Tr-pi_904.jpg,pituitary,3,Training,train,21c8fc5f8a8a80d137c3e42f54cc53221b77f0961db95d259ffcb255413c7cde
data/raw/Training/pituitary/Tr-pi_906.jpg,pituitary,3,Training,train,9652169786420306650613dd51653cdcfd5af138be3e811fa8041c55a57f1873
data/raw/Training/pituitary/Tr-pi_907.jpg,pituitary,3,Training,train,c77370ad7588f17fb97f0440c4cb6cd44fd348c9e2272ecb1f88f6380f33eb83
data/raw/Training/pituitary/Tr-pi_909.jpg,pituitary,3,Training,train,2fb22a4f507b8ef4c33902be264d3483aa4c42abc96333851ba81dadbcb6ff33
data/raw/Training/pituitary/Tr-pi_91.jpg,pituitary,3,Training,train,f2fe8ebc2148bb06343f550108f6ef8589a218c3e272a04779681f83f34e864c
data/raw/Training/pituitary/Tr-pi_910.jpg,pituitary,3,Training,train,178d4240956328d13e3f4b1429a212fb5129bc2c0db90e6f459be0dec24f1b78
data/raw/Training/pituitary/Tr-pi_911.jpg,pituitary,3,Training,train,bb6c8979fc83874dd83dad0be92cbdedf1ca950747994b11ca2e47629abc4c1f
data/raw/Training/pituitary/Tr-pi_912.jpg,pituitary,3,Training,train,44c48b16dc63b13aa8eb3e46f2ac7daebb80a199b88e6ade3e7e05d2f35d4d9b
data/raw/Training/pituitary/Tr-pi_914.jpg,pituitary,3,Training,train,d2fdefb71177662b7099aa1db4f2ead9e7749be1743ae08f24caac62df9f18b3
data/raw/Training/pituitary/Tr-pi_915.jpg,pituitary,3,Training,train,4b37d7e0b48c309dd59c4fa57faa674f0ceeab1db9812263e06d9901efa7e34c
data/raw/Training/pituitary/Tr-pi_916.jpg,pituitary,3,Training,train,d46b547a7e9f010e10c02ce7f825aa7b794a469c44f32ca722c36ff596ee25f8
data/raw/Training/pituitary/Tr-pi_92.jpg,pituitary,3,Training,train,5e2aa070d462ea2eb0c2e720ae42d0f1181222cd61ecd2aa135ca163f4ba1ab5
data/raw/Training/pituitary/Tr-pi_920.jpg,pituitary,3,Training,train,0d362c858fd9321628f9acee44096098fd08fd236761a27a8cde63a297fe449f
data/raw/Training/pituitary/Tr-pi_921.jpg,pituitary,3,Training,train,1233966ce8e805be57ca632d63199d4e2ed3955082bc35393fb8a854fc92aec7
data/raw/Training/pituitary/Tr-pi_922.jpg,pituitary,3,Training,train,7f37320f54c70ee7debee6efe24c8f7c3a1193a48c68f6b91abf06e0a068a862
data/raw/Training/pituitary/Tr-pi_924.jpg,pituitary,3,Training,train,a4934874fa5019e7a9ea18dfc887d920a3088e8692daa79c71bd996f77bc8e2f
data/raw/Training/pituitary/Tr-pi_925.jpg,pituitary,3,Training,train,da43936baef1156047d2e64836a66c622dfb69f2157dcf912a1b4832272a1bb9
data/raw/Training/pituitary/Tr-pi_926.jpg,pituitary,3,Training,train,6275732018fc4b7958bb99e27a41b1212060c3dba72dd47df63b7787302a7e5c
data/raw/Training/pituitary/Tr-pi_929.jpg,pituitary,3,Training,train,2a2fa83d4eac4e8f1fbb5f0f0bac8346d443ffdd47843daee80cda87cec60b1c
data/raw/Training/pituitary/Tr-pi_93.jpg,pituitary,3,Training,train,fb99032b96e86d497cd99177e9a2841d6e06421bf01feab4f71d4ba18ac5cfbb
data/raw/Training/pituitary/Tr-pi_931.jpg,pituitary,3,Training,train,438defb4c047bb4d1a4029e0a1d06c1d81c587f6f2c170dc6d3037d3ddd54640
data/raw/Training/pituitary/Tr-pi_933.jpg,pituitary,3,Training,train,6143f24860ff08706669d715be5d481e74d8fc5a64c611526267666a94f3268f
data/raw/Training/pituitary/Tr-pi_934.jpg,pituitary,3,Training,train,7a8979181d60e8e272c975740a594de739f640fe2ff215185d9e2f9943bdfc62
data/raw/Training/pituitary/Tr-pi_935.jpg,pituitary,3,Training,train,16d060ce98e765fdb13b52baa655490f88d4c3e5c01a59f860262ea129ad6ec2
data/raw/Training/pituitary/Tr-pi_937.jpg,pituitary,3,Training,train,4a5a54e0a5ca4178d549835f7065b3da2224e8bf43113ca842a83e7268a87dcd
data/raw/Training/pituitary/Tr-pi_938.jpg,pituitary,3,Training,train,7f75d5f2c625916417712266deb889f246c63ae3a989bd35e136aa354f0098a6
data/raw/Training/pituitary/Tr-pi_939.jpg,pituitary,3,Training,train,2783e2f2826cef2cfaf626795d957fd243ed705416665402b666bc9fa49b7d23
data/raw/Training/pituitary/Tr-pi_94.jpg,pituitary,3,Training,train,c4945a0ff7c60610c3e86df7d6f29dfd32bdc7315244f80b124adbe01687497c
data/raw/Training/pituitary/Tr-pi_940.jpg,pituitary,3,Training,train,78e590a1637c7390ec297f555f54429cf95df40b4b38e8ebe5ba8052870af69b
data/raw/Training/pituitary/Tr-pi_941.jpg,pituitary,3,Training,train,e578d23762d2b3736ff6b8d0c0ec8e6e40532e47228d7878250daa97d955ff76
data/raw/Training/pituitary/Tr-pi_944.jpg,pituitary,3,Training,train,6ecaccfcfdcb904023ee4abfd70411e512a37377dc09643fff3a40850659708a
data/raw/Training/pituitary/Tr-pi_945.jpg,pituitary,3,Training,train,894e93695918c3d9931976247514c784bd550610945aa758aad6f05912f07595
data/raw/Training/pituitary/Tr-pi_946.jpg,pituitary,3,Training,train,8ccc3587f290cda1f38abde88bffbeed31bc8d1b001ac3cb0b12f2dad00073f4
data/raw/Training/pituitary/Tr-pi_947.jpg,pituitary,3,Training,train,a97416b8c029613dd20198a1d34e86e1de503605719a097e1b76b6b2e020a5a1
data/raw/Training/pituitary/Tr-pi_948.jpg,pituitary,3,Training,train,a628596a412c41d030403a46a016021bee229ede9d44b4008a3e90e8cca7cb3d
data/raw/Training/pituitary/Tr-pi_949.jpg,pituitary,3,Training,train,4ce2b7db480ff8e1ebc8fe225b48f1197a12d87d9770b283686d52bfc56c4a56
data/raw/Training/pituitary/Tr-pi_950.jpg,pituitary,3,Training,train,fd9c92ad3e9de839602617fafde0ca04a3d5fb194c2c76d82be4fdc0a2833833
data/raw/Training/pituitary/Tr-pi_952.jpg,pituitary,3,Training,train,72ad48da50eaff7286f161ae2e149fa6044b2cbe4108758a61097401b549bc96
data/raw/Training/pituitary/Tr-pi_953.jpg,pituitary,3,Training,train,6747d3908e600f71db2c8b219df0d3c5eb0f6ba1fd228b06202053be0769a90a
data/raw/Training/pituitary/Tr-pi_954.jpg,pituitary,3,Training,train,f15a0a012faa87d2792c395ac5ddbbc5bc2f9af06e8a34511167dcdb2b8530fe
data/raw/Training/pituitary/Tr-pi_955.jpg,pituitary,3,Training,train,4d56899f6e68c15728439e6a75953ba43840ba2c53a9b3f114f3f7b22780ef0c
data/raw/Training/pituitary/Tr-pi_956.jpg,pituitary,3,Training,train,53aa50c3cea724463f45fb7b450eb8dae0d0b1b791f614096369445a9bb74708
data/raw/Training/pituitary/Tr-pi_957.jpg,pituitary,3,Training,train,754cf18c00e16569deffd5afb54753751a1b04b3fe23805217a809271d8ef9d2
data/raw/Training/pituitary/Tr-pi_958.jpg,pituitary,3,Training,train,886a008f152db4002ce438fdc12cf795a8f16ec749a33251a463a82c6a9aa529
data/raw/Training/pituitary/Tr-pi_96.jpg,pituitary,3,Training,train,71274b17a57303fb1b4b8813f733c036705b4c07e6dcaba320659337d1abe74f
data/raw/Training/pituitary/Tr-pi_960.jpg,pituitary,3,Training,train,2208db4f94c29e8f98223741b5778c837acd2aacff1f4ea29c7e3281d84586f1
data/raw/Training/pituitary/Tr-pi_963.jpg,pituitary,3,Training,train,8da6ae1dd833f108fff62fcddc4033fbaaf340ebf4a3b781d3d990242e152da6
data/raw/Training/pituitary/Tr-pi_965.jpg,pituitary,3,Training,train,62898b063c0c8546cce9d6d541256f56510a567b60b667022fee1b4a0190a64a
data/raw/Training/pituitary/Tr-pi_966.jpg,pituitary,3,Training,train,c273de243dc3e985bc7f90633f0c19a93dc485a83d44b788573af7484601b87e
data/raw/Training/pituitary/Tr-pi_967.jpg,pituitary,3,Training,train,809b1a3d17025a675fcd20a6901639950e276003c1cff5d11bc27f6d6a4c3f29
data/raw/Training/pituitary/Tr-pi_968.jpg,pituitary,3,Training,train,1de1b8b7a58742f393421eb55c203a9ecb990e11574bcda26ad3227fb75d3727
data/raw/Training/pituitary/Tr-pi_97.jpg,pituitary,3,Training,train,3a3f6b3763eb8207b4cef310a5757fe971c46f271a5201e574c13f6572ed95db
data/raw/Training/pituitary/Tr-pi_970.jpg,pituitary,3,Training,train,5deebc6f15bd49c212271b69fd3cd083580b4225140e053d9db074abaa2e7529
data/raw/Training/pituitary/Tr-pi_973.jpg,pituitary,3,Training,train,efaab64fe7f68019c46b5a1c473c9a3397bb2c17498466ad6f1c68d6394c1a94
data/raw/Training/pituitary/Tr-pi_974.jpg,pituitary,3,Training,train,9bfe5dc231cac23932a04fa6d44d84d7ac74ae1a8bcb064dc2ee367710ff89f5
data/raw/Training/pituitary/Tr-pi_975.jpg,pituitary,3,Training,train,7fa220a1897c05831b474a73ce2a2c1f54f1b3636a09f74c6f6dba49a42e4a42
data/raw/Training/pituitary/Tr-pi_976.jpg,pituitary,3,Training,train,2a129cc0470928d2b81f0da5154d842607948222797e2b1a1d6691da9694099b
data/raw/Training/pituitary/Tr-pi_977.jpg,pituitary,3,Training,train,faf19893727a2e4033346c3e70a3226b48984c7adf9e844c2793f8da3b7fc369
data/raw/Training/pituitary/Tr-pi_978.jpg,pituitary,3,Training,train,10817da365a1c24d7a34fa9a7a830fb788611eccb53032950ea3682fe411f648
data/raw/Training/pituitary/Tr-pi_979.jpg,pituitary,3,Training,train,fdc15001c8c628d30d5b4d769cd6e2e5bfb80687f0dfd4a46dce48409a7c8f7e
data/raw/Training/pituitary/Tr-pi_98.jpg,pituitary,3,Training,train,55590615259890e6c0ebb6289099fb676ecc50fb853c07569465552809745c05
data/raw/Training/pituitary/Tr-pi_980.jpg,pituitary,3,Training,train,312af7a0a68d36b2bcd412ea814213f0928aeef574dc2b2d7f1f75288f2e3bf2
data/raw/Training/pituitary/Tr-pi_981.jpg,pituitary,3,Training,train,bebd89e220d4037cf1bead44048501ac6b0dc56e00ae3f90cc0117ca88906808
data/raw/Training/pituitary/Tr-pi_982.jpg,pituitary,3,Training,train,bf084ec303080280c2a5e3c9decdc1bfe37973658fa09dbeb496246041096970
data/raw/Training/pituitary/Tr-pi_983.jpg,pituitary,3,Training,train,3804a20b65da56c2c75c3ac576c7bf93e80e0a80e0d9a179e4041764ac75fd58
data/raw/Training/pituitary/Tr-pi_986.jpg,pituitary,3,Training,train,5d14603478e75cabc7636f972a4d84e7f7066e1957e993ba83615b15668c0e4d
data/raw/Training/pituitary/Tr-pi_988.jpg,pituitary,3,Training,train,e6be27f4ff802aa0b3b7564f906fe3fbaea01fa5b5104a65a005165b8a3ff971
data/raw/Training/pituitary/Tr-pi_989.jpg,pituitary,3,Training,train,e347258cf08b55604a77b34f5449e3b9c24579f528aba1e191f1ec0897489c4a
data/raw/Training/pituitary/Tr-pi_99.jpg,pituitary,3,Training,train,3da70f4a1ba2ad5e016e40ae3e9fb379c055670aec6fd91b871c3169a2320954
data/raw/Training/pituitary/Tr-pi_990.jpg,pituitary,3,Training,train,cb11c4d66feff9efec2ee78763516b4a2de0fab290b881c1eafc81c2876b121c
data/raw/Training/pituitary/Tr-pi_992.jpg,pituitary,3,Training,train,f9ed71d8b9a247acb62b3b01a15b030aff454cae6f4463721691e9bc211e9b4a
data/raw/Training/pituitary/Tr-pi_993.jpg,pituitary,3,Training,train,2b25982fc80b8e26959ec3508e7bae7cd1e61d26d4e0c1da0c4390f2f53461b9
data/raw/Training/pituitary/Tr-pi_994.jpg,pituitary,3,Training,train,43079ffd91b6e9f24760cd3be48da2abb42f2d8c0225059f572b8549243e387b
data/raw/Training/pituitary/Tr-pi_995.jpg,pituitary,3,Training,train,0b5a26cdf6d7566d2b330a4dba743ad9d93efc0151e39b6b3352a707917f2234
data/raw/Training/pituitary/Tr-pi_996.jpg,pituitary,3,Training,train,191ce712494ccfda4f1a2a43f3c6c8e8530a34774c3d6df1b4b6221d23b3d77c
data/raw/Training/pituitary/Tr-pi_997.jpg,pituitary,3,Training,train,b6fcb60f786757a85528ddeb7b4fb2d8a08ce895f4049a812d3342074b3c3b46
